Workbook
Name 과10: 과태료!$A$6
Name 과107: 과태료!$A$168
Name 과108: 과태료!$A$170
Name 과109: 과태료!$A$174
Name 과110: 과태료!$A$177
Name 과111: 과태료!$A$185
Name 과112: 과태료!$A$200
Name 과113: 과태료!$A$210
Name 과114: 과태료!$A$214
Name 과115: 과태료!$A$220
Name 과119: 과태료!$A$235
Name 과122: 과태료!$A$241
Name 과123: 과태료!$A$245
Name 과124: 과태료!$A$247
Name 과125: 과태료!$A$253
Name 과128: 과태료!$A$265
Name 과129: 과태료!$A$269
Name 과132: 과태료!$A$271
Name 과133: 과태료!$A$279
Name 과134: 과태료!$A$281
Name 과137: 과태료!$A$285
Name 과14: 과태료!$A$8
Name 과141: 과태료!$A$287
Name 과145: 과태료!$A$291
Name 과149: 과태료!$A$293
Name 과15: 과태료!$A$10
Name 과155: 과태료!$A$295
Name 과156: 과태료!$A$301
Name 과16: 과태료!$A$13
Name 과164: 과태료!$A$303
Name 과17: 과태료!$A$16
Name 과18: 과태료!$A$17
Name 과19: 과태료!$A$18
Name 과22: 과태료!$A$27
Name 과24: 과태료!$A$29
Name 과25: 과태료!$A$35
Name 과26: 과태료!$A$37
Name 과29: 과태료!$A$41
Name 과31: 과태료!$A$47
Name 과32: 과태료!$A$49
Name 과34: 과태료!$A$55
Name 과35: 과태료!$A$57
Name 과37: 과태료!$A$59
Name 과40: 과태료!$A$61
Name 과41: 과태료!$A$63
Name 과42: 과태료!$A$65
Name 과43: 과태료!$A$75
Name 과44: 과태료!$A$77
Name 과45: 과태료!$A$81
Name 과46: 과태료!$A$83
Name 과47: 과태료!$A$87
Name 과49: 과태료!$A$93
Name 과50: 과태료!$A$98
Name 과53: 과태료!$A$100
Name 과54: 과태료!$A$102
Name 과57: 과태료!$A$104
Name 과62: 과태료!$A$106
Name 과64: 과태료!$A$108
Name 과66: 과태료!$A$110
Name 과67: 과태료!$A$114

Sheet 직무목록
A1: 각종 안전활동의 법적 근거 | G1: 작성자 : | H1: 추연희 : 010-8618-8682 | J1: 시트이름변경 제어
G2: ******yh | H2: y2k365c@naver.com | J2: ※ 시트이름을 변경하면 일부 기능에 오류 발생
A3: 산업안전보건법 | C3: 법 위반시 과태료 | D3: 산업안전보건기준에 관한 규칙 | G3: 최초작성일 : 2022-8-16
A4: 구 분 | C4: 법 적 근 거 바로가기 | D4: 비 고
C5: 산업안전보건법, 건설기술진흥법 등
A6: 구성원의 의무 | B6: 사업주의 의무 | C6: =법5 -> 제5조(사업주 등의 의무)
B7: 근로자의 의무 | C7: =법6 -> 제6조(근로자의 의무)
A8: 관리자의선임 | B8: 안전보건관리책임자 | C8: =법15 -> 제15조(안전보건관리책임자)
B9: 관리감독자 | C9: =법16 -> 제16조(관리감독자)
B10: 안전관리자 | C10: =법17 -> 제17조(안전관리자)
B11: 보건관리자 | C11: =법18 -> 제18조(보건관리자)
B12: 안전보건관리담당자 | C12: =법19 -> 제19조(안전보건관리담당자) | D12: 안전관리자 선임 의무가 없는 현장의 안전관리 업무 수행자
B13: 산업보건의 | C13: =법22 -> 제22조(산업보건의) | D13: 보건관리자 선임시 해당 없음, 선임조건 보건관리자와 동일
B14: 명예산업안전감독관 | C14: =법23 -> 제23조(명예산업안전감독관)
A15: 조직의 구성 | B15: =노사협의체!B3 -> 산업안전보건위원회 | C15: =법24 -> 제24조(산업안전보건위원회) | D15: 요약 도표 바로가기
B16: =노사협의체!C3 -> 노사협의회 | C16: =노사협의체!AR10 -> 제4조(노사협의회의 설치) | D16: =노사협의체!AR9 -> 근로자참여 및 협력증진에 관한 법률
B17: =노사협의체!D3 -> 노사협의체 | C17: 제75조(안전 및 보건에 관한 협의체)
B18: =노사협의체!E3 -> 안전보건협의체 | C18: =법64 -> 제64조(도급에 따른 산업재해 예방조치)
A19: 규정 및 계획서 | B19: 안전보건관리규정 | C19: =법25 -> 제25조(안전보건관리규정의 작성) | D19: 본사작성
B20: 유해위험방지계획서 | C20: =법42 -> 제42조(유해위험방지계획서의 작성ㆍ제출 등) | D20: 지도.조언
B21: 공정안전보고서 | C21: =법44 -> 제44조(공정안전보고서의 작성ㆍ제출)
B22: 안전보건개선계획 | C22: =법49 -> 제49조(안전보건개선계획의 수립ㆍ시행 명령)
B23: 안전관리계획서 | C23: =안전관리계획!B10 -> 제62조(건설공사의 안전관리) | D23: 건설기술진흥법 : 지도.조언
A24: 안전점검 (외부기관) | B24: 자체안전점검 | C24: =안전점검!B47 -> 제22조(자체안전점검의 실시) | D24: 건설기술진흥법 : 외부기관
B25: 정기안전점검 | C25: =안전점검!B56 -> 제23조(정기안전점검의 실시) | D25: 건설기술진흥법 : 외부기관
B26: 정밀안전점검 | C26: =안전점검!B75 -> 제24조(정밀안전점검의 실시) | D26: 건설기술진흥법 : 외부기관
B27: 초기안전점검 | C27: =안전점검!B90 -> 제25조(초기점검의 실시) | D27: 건설기술진흥법 : 외부기관
A28: 안전교육 | B28: 정기교육 | C28: =법29 -> 제29조(근로자에 대한 안전보건교육)
B29: 특별교육 | C29: =법26 -> 제26조(안전보건관리규정의 작성ㆍ변경 절차)
B30: 신규채용자교육 | C30: =법26 -> 제26조(안전보건관리규정의 작성ㆍ변경 절차)
B31: 건설업기초 | C31: =법26 -> 제26조(안전보건관리규정의 작성ㆍ변경 절차)
A32: 근로환경 | B32: 위험성평가 | C32: =법36 -> 제36조(위험성평가의 실시) | D32: 최초평가, 정기평가, 수시평가
B33: 석면조사 | C33: =법119 -> 제119조(석면조사) | D33: 외부기관
B34: 작업환경측정 | C34: =법125 -> 제125조(작업환경측정) | D34: 외부기관
A35: 건강진단 | B35: 일반건강진단 | C35: =법129 -> 제129조(일반건강진단) | D35: 외부기관
B36: 특수건강진단 | C36: =법130 -> 제130조(특수건강진단 등) | D36: 외부기관
B37: 임시건강진단 | C37: =법131 -> 제131조(임시건강진단 명령 등) | D37: 외부기관
B38: 역학조사 | C38: =법141 -> 제141조(역학조사) | D38: 외부기관
A39: 계획서 점검표 | B39: 작업장 순회점검 | C39: =규칙80 -> 제80조(도급사업 시의 안전ㆍ보건조치 등)
B40: 합동점검 | C40: =규칙82 -> 제82조(도급사업의 합동 안전ㆍ보건점검)
B41: 작업계획서 | C41: =제38 -> 제38조(사전조사 및 작업계획서의 작성 등) | D41: 산업안전보건기준에 관한 규칙
B42: 장비점검표 | C42: =제35 -> 제35조(관리감독자의 유해ㆍ위험 방지 업무 등) | D42: 안전보건규칙 제35조제2항의 별표3 참조
B43: 물질안전(MSDS) | C43: =법114 -> 제114조(물질안전보건자료의 게시 및 교육) | D43: 제110조-제116조 참조, 제114,115조 중요

Sheet 법령순서
A1: 산업안전보건법 목차
K2: Click Me~!
A3: 메인화면 | E3: 산업안전보건기준에 관한 규칙 목차
A4: 구 분 | B4: 바로가기 | E4: 본 문 목 록 | F4: 과태료 | G4: 주체 | H4: 건설업 해당 주요내용 | I4: 비고
B5: 제1장 총칙
A6: 총 칙 | D6: 제1조 | E6: 목적 | K6: ▼아래로
D7: 제2조 | E7: 정의
D8: 제3조 | E8: 적용 범위
A9: 의무.책무 | D9: 제4조 | E9: 정부의 책무
D10: 의2 | E10: 지방자치단체의 책무
D11: 의3 | E11: 지방자치단체의 산업재해 예방 활동 등
D12: 제5조 | E12: 사업주 등의 의무
D13: 제6조 | E13: 근로자의 의무
A14: 산재예방 | D14: 제7조 | E14: 산업재해 예방에 관한 기본계획의 수립ㆍ공표
D15: 제8조 | E15: 협조 요청 등
D16: 제9조 | E16: 산업재해 예방 통합정보시스템 구축ㆍ운영 등
D17: 제10조 | E17: 산업재해 발생건수 등의 공표 | F17: ● | G17: 고용노동부장관 | H17: 관리 대상 사업장 | I17: 장관 자료요청, 사업주 자료제공
D18: 제11조 | E18: 산업재해 예방시설의 설치ㆍ운영
D19: 제12조 | E19: 산업재해 예방의 재원
D20: 제13조 | E20: 기술 또는 작업환경에 관한 표준
B21: 제2장 안전보건관리체제 등
C22: 제1절 안전보건관리체제
A23: 조직 및 선임 | D23: 제14조 | E23: 이사회 보고 및 승인 등 | F23: ● | G23: 상법상 모든 회사 | H23: 시공능력 1000위 이내
D24: 제15조 | E24: 안전보건관리책임자 | F24: ● | G24: 현장대리인 | H24: 직무내용
D25: 제16조 | E25: 관리감독자 | F25: ● | G25: 공사담당자 | H25: 직무내용
D26: 제17조 | E26: 안전관리자 | F26: ● | G26: 배치기준 | H26: 직무내용 | I26: 겸직범위
D27: 제18조 | E27: 보건관리자 | F27: ● | G27: 배치기준 | H27: 직무내용
D28: 제19조 | E28: 안전보건관리담당자 | F28: ● | G28: 공사담당자 | H28: 직무내용
D29: 제20조 | E29: 안전관리자 등의 지도ㆍ조언
D30: 제21조 | E30: 안전관리전문기관 등 | K30: ▼아래로
D31: 제22조 | E31: 산업보건의 | F31: ● | G31: 배치기준 | H31: 직무내용
D32: 제23조 | E32: 명예산업안전감독관 | G32: 위촉기준(자격) | H32: 직무내용 | K32: ▲위로
D33: 제24조 | E33: 산업안전보건위원회 | F33: ● | G33: 구성 및 운영 | H33: 120억(토150억)이상 | I33: 분기마다 회의 실시
C34: 제2절 안전보건관리규정
A35: 안전보건 관리규정 | D35: 제25조 | E35: 조 안전보건관리규정의 작성 | F35: ● | G35: 사업주,현장대리인 | H35: 구성 및 운영
D36: 제26조 | E36: 조 안전보건관리규정의 작성ㆍ변경 절차 | F36: ● | G36: 사업주,현장대리인
D37: 제27조 | E37: 조 안전보건관리규정의 준수
D38: 제28조 | E38: 조 다른 법률의 준용
B39: 제3장 안전보건교육
A40: 안전교육 | D40: 제29조 | E40: 근로자에 대한 안전보건교육 | F40: ● | G40: 현장대리인 | H40: 정기,신규,특별,변경 | I40: 규칙 별표 5 참조
D41: 제30조 | E41: 근로자에 대한 안전보건교육의 면제 등
D42: 제31조 | E42: 건설업 기초안전보건교육 | F42: ● | G42: 안전관리자 | H42: 1시간,8시간 | I42: 규칙 별표 4 참조
D43: 제32조 | E43: 안전보건관리책임자 등에 대한 직무교육 | F43: ● | G43: 사업주 | H43: 6시간,8시간,34시간 | I43: 규칙 별표 4 참조
D44: 제33조 | E44: 안전보건교육기관
B45: 제4장 유해ㆍ위험 방지 조치
A46: 위해위험 방지 | D46: 제34조 | E46: 법령 요지 등의 게시 등 | F46: ● | G46: 관리감독자 | H46: 안전보건관리규정 작성 | I46: 근로자가 보기 쉬운곳에 게시
D47: 제35조 | E47: 근로자대표의 통지 요청 | F47: ● | G47: 관리감독자 | H47: 근로자대표가 원하면 통지 | I47: MSDS, 위험성평가, 개선계획 등
A48: 위험성평가 | D48: 제36조 | E48: 위험성평가의 실시 | K48: 위험성 평가 미실시시 과태료 규정이 없는 것이 신기함
D49: 제37조 | E49: 안전보건표지의 설치ㆍ부착 | F49: ● | G49: 관리감독자 | H49: 금지, 경고, 안내, 지시 | I49: 정확하게, 설치(부착)할것
A50: 안전조치 보건조치 | D50: 제38조 | E50: 안전조치
D51: 제39조 | E51: 보건조치
D52: 제40조 | E52: 근로자의 안전조치 및 보건조치 준수 | F52: ● | G52: 근로자 | H52: 사업자의 안전조치 준수 | I52: 근로자 15만 이하 과태료
D53: 제41조 | E53: 고객의 폭언 등으로 인한 건강장해 예방조치 등 | F53: ● | G53: 특수형태근로자 | H53: 택배,케디,배달,전화영업 | I53: 영 67조의 14개직종
A54: 유해위험 방지계획서 | D54: 제42조 | E54: 유해위험방지계획서의 작성ㆍ제출 등 | F54: ● | G54: 현장대리인 | H54: 영 제42조제3항
D55: 제43조 | E55: 유해위험방지계획서 이행의 확인 등 | F55: ● | G55: 고용노동부장관 | H55: 6개월마다 확인
A56: 공정안전 보고서 | D56: 제44조 | E56: 공정안전보고서의 작성ㆍ제출 | F56: ● | G56: 사업주 | H56: 유해위험설비 | K56: ▼아래로
D57: 제45조 | E57: 공정안전보고서의 심사 등 | F57: ● | G57: 고용노동부장관 | H57: 30일 이내
D58: 제46조 | E58: 공정안전보고서의 이행 등 | F58: ● | G58: 사업주,근로자 | K58: ▲위로
A59: 안전보건 진단 | D59: 제47조 | E59: 안전보건진단 | F59: ● | G59: 사업주 | H59: 신고,추락,폭발 등 위험시 | I59: 고용노동부장관이 명령
D60: 제48조 | E60: 안전보건진단기관
A61: 안전보건 개선계획 | D61: 제49조 | E61: 안전보건개선계획의 수립ㆍ시행 명령 | F61: ● | G61: 고용노동부장관 | H61: 관리자 교체증원 대상
D62: 제50조 | E62: 안전보건개선계획서의 제출 등 | F62: ● | G62: 사업주,근로자 | H62: 제출 및 이행 | I62: (근)15만 이하, (사)500만 이하
A63: 작업중지 | D63: 제51조 | E63: 사업주의 작업중지
D64: 제52조 | E64: 근로자의 작업중지
A65: 중대재해 등 | D65: 제53조 | E65: 고용노동부장관의 시정조치 등 | F65: ● | G65: 고용노동부장관 | H65: 위험장비, 위험시설 | I65: 안전인증,안전검사,자율안전확인
D66: 제54조 | E66: 중대재해 발생 시 사업주의 조치 | F66: ● | G66: 사업주 | H66: 작업중지 및 후속조치 | I66: 3천만 이하 과태료
D67: 제55조 | E67: 중대재해 발생 시 고용노동부장관의 작업중지 조치
D68: 제56조 | E68: 중대재해 원인조사 등
D69: 제57조 | E69: 산업재해 발생 은폐 금지 및 보고 등 | F69: ● | G69: 사업주 | H69: 은폐 혹은 거짓보고 | I69: 1500만 이하 과태료
B70: 제5장 도급 시 산업재해 예방
C71: 제1절 도급의 제한
A72: 도급제한 | D72: 제58조 | E72: 유해한 작업의 도급금지
D73: 제59조 | E73: 도급의 승인
D74: 제60조 | E74: 도급의 승인 시 하도급 금지
D75: 제61조 | E75: 적격 수급인 선정 의무
C76: 제2절 도급인의 안전조치 및 보건조치
A77: 도급자의 안전활동 | D77: 제62조 | E77: 안전보건총괄책임자 | F77: ● | G77: 현장대리인 | H77: 하도급시
D78: 제63조 | E78: 도급인의 안전조치 및 보건조치
D79: 제64조 | E79: 도급에 따른 산업재해 예방조치 | F79: ● | G79: 안전보건협의체 | H79: 구성 및 운영 | I79: 매월마다 회의, 2일마다 순회점검
D80: 제65조 | E80: 도급인의 안전 및 보건에 관한 정보 제공 등
D81: 제66조 | E81: 도급인의 관계수급인에 대한 시정조치 | F81: ● | G81: 하도급사업자 | H81: 도급인의 조치 준수 | I81: 500만원 이하 과태료
C82: 제3절 건설업 등의 산업재해 예방 | K82: ▼아래로
A83: 산재예방 | D83: 제67조 | E83: 건설공사발주자의 산업재해 예방 조치 | F83: ● | G83: 발주,설계.시공 | H83: 단계별 안전조치
D84: 제68조 | E84: 안전보건조정자 | F84: ● | G84: 감리원,감독관 | H84: 동일부지내 2개현장 | I84: 합계금액이 50억 이상시 의무배치 | K84: ▲위로
D85: 제69조 | E85: 공사기간 단축 및 공법변경 금지
D86: 제70조 | E86: 건설공사 기간의 연장 | F86: ● | G86: 사업주 | H86: 하도급 요청시
D87: 제71조 | E87: 설계변경의 요청 | F87: ● | G87: 사업주 | H87: 하도급 요청시
D88: 제72조 | E88: 건설공사 등의 산업안전보건관리비 계상 등 | F88: ● | G88: 사업주 | H88: 사업시 안전관리비 계상
D89: 제73조 | E89: 건설공사의 산업재해 예방 지도 | F89: ● | G89: 사업주 | H89: 1개월이상 사업장 | I89: 섬 지역, 안전관리자 상주시 제외
D90: 제74조 | E90: 건설재해예방전문지도기관
A91: 협의체 구성 등 | D91: 제75조 | E91: 안전 보건 협의체 등의 구성.운영에 관한 특례 | F91: ● | G91: 노사협의체 | H91: 2개월마다 회의 | I91: 2개월마다 합동점검
D92: 제76조 | E92: 기계ㆍ기구 등에 대한 건설공사도급인의 안전조치
C93: 제4절 그 밖의 고용형태에서의 산업재해 예방
A94: 특수직종 종사자 | D94: 제77조 | E94: 특수형태근로종사자에 대한 안전조치 및 보건조치 등 | F94: ● | G94: 사업주 | H94: 케디 등 14개 직종 | I94: 안전보건조치 및 안전교육
D95: 제78조 | E95: 배달종사자에 대한 안전조치 | F95: ● | G95: 사업주 | H95: 택배, 퀵배송, 우편물 등 | I95: 안전보건조치 및 안전교육
D96: 제79조 | E96: 가맹본부의 산업재해 예방 조치 | F96: ● | G96: 가맹본부 | H96: 정보제공, 안전교육 등 | I96: 3천만 이하 과태료
B97: 제6장 유해ㆍ위험 기계 등에 대한 조치
C98: 제1절 유해하거나 위험한 기계 등에 대한 방호조치 등
A99: 장비 안전 | D99: 제80조 | E99: 유해하거나 위험한 기계ㆍ기구에 대한 방호조치
D100: 제81조 | E100: 기계ㆍ기구 등의 대여자 등의 조치
...

Sheet 산업안전보건법
A1: 산업안전보건법 | V1: 산업안전보건법 시행령 | AQ1: 산업안전보건법 시행규칙
A3: 법령순서 | G3: 1장 | J3: 2장 | K3: 3장 | L3: 4장 | M3: 5장 | N3: 6장 | O3: 7장 | P3: 8장 | Q3: 9장 | R3: 10장 | S3: 11장 | T3: 12장 | W3: 메인화면 | AN3: 과태료 | AX3: 산업안전보건기준에 관한 규칙
A4: 제1장 총칙 | V4: 제1장 총칙 | AQ4: 제1장 총칙
C6: 제1조(목적) | W6: 제1조(목적) | AR6: 제1조(목적)
D7: ○ 산업 안전 및 보건에 관한 기준 확립과 명확한 책임 소재 규정 | X7: ○ 이 영은 법에서 위임된 사항과 그 시행에 필요한 사항을 규정함을 목적으로 한다. | AS7: ○ 이 규칙은 법 및 시행령에서 위임된 사항과 그 시행에 필요한 사항을 규정함을 목적으로 한다.
D8: ○ 산업재해 예방 및 쾌적한 작업환경을 조성
D9: ○ 노무를 제공하는 사람의 안전 및 보건을 유지ㆍ증진
C11: 제2조(정의) | AR11: 제2조(정의)
D12: ○ 용어의 정의 | AS12: ○ 이 규칙에서 사용하는 용어의 뜻은 이 규칙에 특별한 규정이 없으면 법, 시행령 및 「산업안전
E13: 1. 산업재해 : 노무를 제공하는 사람이 업무에 관계되는 건설물ㆍ설비ㆍ원재료ㆍ가스ㆍ | AT13: 보건기준에 관한 규칙」(이하 “안전보건규칙”이라 한다)에서 정하는 바에 따른다.
F14: 증기ㆍ분진 등에 의하거나 작업 또는 그 밖의 업무로 인하여 사망,부상,질병에 걸리는 것
E15: 2. 중대재해 : 산업재해 중 사망 등 재해 정도가 심하거나 다수의 재해자가 발생한 경우로서 | AR15: 제3조(중대재해의 범위)
F16: 고용노동부령(3)으로 정하는 재해 | AS16: ○ 법 제2조제2호에서 “고용노동부령으로 정하는 재해”란 다음 각 호의 하나에 해당하는 재해
E17: 3. 근로자 : 「근로기준법」 제2조제1항제1호에 따른 근로자 | V17: ■ 근로기준법 | AT17: 1. 사망자가 1명 이상 발생한 재해
E18: 4. 사업주 : 근로자를 사용하여 사업을 하는 자 | W18: 제2조(정의) | AT18: 2. 3개월 이상의 요양이 필요한 부상자가 동시에 2명 이상 발생한 재해
E19: 5. 근로자대표 : 근로자의 과반수로 조직된 노동조합이 있는 경우에는 그 노동조합을, 근로자의 | X19: ① 이 법에서 사용하는 용어의 뜻은 다음과 같다. | AT19: 3. 부상자 또는 직업성 질병자가 동시에 10명 이상 발생한 재해 | BH19: 중대재해의 정의
F20: 과반수로 조직된 노동조합이 없는 경우에는 근로자의 과반수를 대표하는 자 | Y20: 1. “근로자”란 직업의 종류와 관계없이 임금을 목적으로 사업이나 사업장에 근로를 제공하는
E21: 6. 도급 : 명칭에 관계없이 물건의 제조ㆍ건설ㆍ수리 또는 서비스의 제공, 그 밖의 업무를 타인 | Z21: 사람을 말한다.
F22: 에게 맡기는 계약
E23: 7. 도급인 : 물건의 제조ㆍ건설ㆍ수리 또는 서비스의 제공, 그 밖의 업무를 도급하는 사업주 | W23: ※ 도급, 수급, 관계수급, 발주자 정리 | AI23: 도급인, 발주자, 수급인, 관계수급인 정리
F24: (건설공사발주자는 제외 제조업,서비스업 분야의 발주자) | X24: ○ 도급인 : 물건의 제조,수리 또는 서비스 사업을 하는 대표
E25: 8. 수급인 : 도급인으로부터 물건의 제조ㆍ건설ㆍ수리 또는 서비스의 제공, 그 밖의 업무를 | X25: ○ 건설공사발주자 : 건설부지와 자금을 조달하는 건축주(발주자)
F26: 도급받은 사업주 | K26: (도급인,건설공사발주자,건축주 로부터 도급받은 자 = 원도급자) | Y26: ▶ 건설분야는 발주자, 제조.서비스 분야는 도급인?
E27: 9. 관계수급인 : 도급이 여러 단계에 걸쳐 체결된 경우에 각 단계별로 도급받은 사업주 전부 | X27: ○ 수급인 : 발주자(도급인)이 기획한 사업을 도급받아 시공(제조)을 주도하는 종합건설사 대표
F28: (수급인으로부터 도급받은 전문분야의 시공을 주도하는 자 = 하도급업자) | X28: ○ 관계수급인 : 수급인으로부터 하도급계약을 체결한 전문건설사 대표
E29: 10. 건설공사발주자 : 건설공사를 도급하는 자로서 건설공사의 시공을 주도하여 총괄ㆍ관리 | Y29: ▶ 각 단계별로 도급받은 사업주 전부 : 수급인을 포함?
F30: 하지 아니하는 자(도급하는자, 건축주). 다만, 도급받은 건설공사를 다시 도급하는 자
F31: (수급인)는 제외
E32: 11. 건설공사 : 다음 각 목의 어느 하나에 해당하는 공사
F33: 가. 「건설산업기본법」 제2조제4호에 따른 건설공사 | Q33: 건설공사의 범위 | V33: ■ 건설산업기본법
F34: 나. 「전기공사업법」 제2조제1호에 따른 전기공사 | W34: 제2조(정의)
F35: 다. 「정보통신공사업법」 제2조제2호에 따른 정보통신공사 | X35: 4. “건설공사”란 토목공사, 건축공사, 산업설비공사, 조경공사, 환경시설공사, 그 밖에 명칭과 관계
F36: 라. 「소방시설공사업법」에 따른 소방시설공사 | Y36: 없이 시설물을 설치ㆍ유지ㆍ보수하는공사(시설물을 설치하기 위한 부지조성공사를 포함한다) 및
F37: 마. 「문화재수리 등에 관한 법률」에 따른 문화재수리공사 | Y37: 기계설비나 그 밖의 구조물의 설치 및 해체공사 등을 말한다. 다만, 다음 각 목의 어느 하나에
E38: 12. 안전보건진단 : 산업재해를 예방하기 위하여 잠재적 위험성을 발견하고 그 개선대책을 | Y38: 해당하는 공사는 포함하지 아니한다.
F39: 수립할 목적으로 조사ㆍ평가하는 것
E40: 13. 작업환경측정 : 작업환경 실태를 파악하기 위하여 해당 근로자 또는 작업장에 대하여 사업
F41: 주가 유해인자에 대한 측정계획을 수립한 후 시료를 채취하고 분석ㆍ평가하는 것
C43: 제3조(적용 범위)
D44: ○ 이 법은 모든 사업에 적용한다. 다만 유해ㆍ위험의 정도, 사업의 종류, 사업장의 상시근로자 | W44: 제2조(적용범위 등)
E45: 수(건설공사의 경우에는 건설공사 금액을 말한다. 이하 같다) 등을 고려하여 대통령령(2)으로 | X45: ① 법 제3조 단서에 따라 법의 전부 또는 일부를 적용하지 않는 사업 또는 사업장의 범위 및 해당
E46: 정하는 종류의 사업 또는 사업장에는 이 법의 전부 또는 일부를 적용하지 아니할 수 있다. | Y46: 사업 또는 사업장에 적용되지 않는 법 규정은 별표 1과 같다. | AL46: 우측 참조 | AR46: 영 별표 1 | AX46: 법의 일부를 적용하지 않는 사업 또는 사업장 및 적용 제외 법 규정
X47: ② 이 영에서 사업의 분류는 「통계법」에 따라 통계청장이 고시한 한국표준산업분류에 따른다. | AR47: 1. 다음 각 목의 어느 하나에 해당하는 사업
AS48: 가. 「광산안전법」 적용 사업(광업 중 광물의 채광·채굴·선광 또는 제련 등의 공정으로
AT49: 한정하며, 제조공정은 제외한다)
C50: 제4조(정부의 책무) | W50: 제3조(산업재해 예방을 위한 시책 마련) | AS50: 나. 「원자력안전법」 적용 사업(발전업 중 원자력 발전설비를 이용하여 전기를 생산하는
D51: ① 정부는 이 법의 목적을 달성하기 위하여 다음 각 호의 사항을 성실히 이행할 책무를 진다. | X51: ○ 고용노동부장관은 법 제4조제1항제2호에 따른 산업재해 예방 지원 및 지도를 위하여 산업재해 | AT51: 사업장으로 한정한다)
E52: 1. 산업 안전 및 보건 정책의 수립 및 집행 | Q52: 정부의 책무 | Y52: 예방기법의 연구 및 보급, 안전ㆍ보건 기술의 지원 및 교육에 관한 시책을 마련해야 한다. | AS52: 다. 「항공안전법」 적용 사업(항공기, 우주선 및 부품 제조업과 창고 및 운송관련 서비스업,
E53: 2. 산업재해 예방 지원 및 지도 | M53: 령3조 | AT53: 여행사 및 기타 여행보조 서비스업 중 항공 관련 사업은 각각 제외한다)
E54: 3.「근로기준법」제76조의2에 따른 직장 내 괴롭힘 예방을 위한 조치기준 마련, 지도 및 지원 | W54: 제4조(산업 안전 및 보건 경영체제 확립 지원) | AS54: 라. 「선박안전법」 적용 사업(선박 및 보트 건조업은 제외한다)
E55: 4. 사업주의 자율적인 산업 안전 및 보건 경영체제 확립을 위한 지원 | R55: 영4조 | X55: ○ 고용노동부장관은 법 제4조제1항제4호에 따른 사업주의 자율적인 산업 안전 및 보건 경영체제 | AR55: 2. 다음 각 목의 어느 하나에 해당하는 사업
E56: 5. 산업 안전 및 보건에 관한 의식을 북돋우기 위한 홍보ㆍ교육 등 안전문화 확산 추진 | T56: 영5조 | Y56: 확립을 위하여 다음 각 호와 관련된 시책을 마련해야 한다. | AS56: 가. 소프트웨어 개발 및 공급업
E57: 6. 산업 안전 및 보건에 관한 기술의 연구ㆍ개발 및 시설의 설치ㆍ운영 | Y57: 1. 사업의 자율적인 안전ㆍ보건 경영체제 운영 등의 기법에 관한 연구 및 보급 | AS57: 나. 컴퓨터 프로그래밍, 시스템 통합 및 관리업
E58: 7. 산업재해에 관한 조사 및 통계의 유지ㆍ관리 | O58: 영6조 | Y58: 2. 사업의 안전관리 및 보건관리 수준의 향상 | AS58: 다. 정보서비스업
E59: 8. 산업 안전 및 보건 관련 단체 등에 대한 지원 및 지도ㆍ감독 | AS59: 라. 금융 및 보험업
E60: 9. 그 밖에 노무를 제공하는 사람의 안전 및 건강의 보호ㆍ증진 | Q60: 영7조 | W60: 제5조(산업 안전 및 보건 의식을 북돋우기 위한 시책 마련) | AS60: 마. 기타 전문서비스업
D61: ② 정부는 제1항 각 호의 사항을 효율적으로 수행하기 위하여 「한국산업안전보건공단법」에 | X61: ○ 고용노동부장관은 법 제4조제1항제5호에 따라 산업 안전 및 보건에 관한 의식을 북돋우기 | AS61: 바. 건축기술, 엔지니어링 및 기타 과학기술 서비스업
E62: 따른 한국산업안전보건공단, 그 밖의 관련 단체 및 연구기관에 행정적ㆍ재정적 지원을 할 수 | Y62: 위하여 다음 각 호와 관련된 시책을 마련해야 한다. | AS62: 사. 기타 전문, 과학 및 기술 서비스업(사진 처리업은 제외한다)
E63: 있다. | Y63: 1. 산업 안전 및 보건 교육의 진흥 및 홍보의 활성화 | AS63: 아. 사업지원 서비스업
Y64: 2. 산업 안전 및 보건과 관련된 국민의 건전하고 자주적인 활동의 촉진 | AS64: 자. 사회복지 서비스업
B65: ■ 근로기준법 | Y65: 3. 산업 안전 및 보건 강조 기간의 설정 및 그 시행 | AR65: 3. 다음 각 목의 어느 하나에 해당하는 사업으로서 상시 근로자 50명 미만을 사용하는 사업장
C66: 제76조의 2(직장 내 괴롭힘의 금지) | AS66: 가. 농업
D67: 사용자 또는 근로자는 직장에서의 지위 또는 관계 등의 우위를 이용하여 업무상 적정범위를 넘어 | W67: 제6조(산업재해에 관한 조사 및 통계의 유지ㆍ관리) | AS67: 나. 어업
E68: 다른 근로자에게 신체적ㆍ정신적 고통을 주거나 근무환경을 악화시키는 행위(이하 “직장 내 | X68: ○ 고용노동부장관은 산업재해를 예방하기 위하여 법 제4조제1항제7호에 따라 산업재해에 관하여 | AS68: 다. 환경 정화 및 복원업
E69: 괴롭힘”이라 한다)를 하여서는 아니 된다. | Y69: 조사하고 이에 관한 통계를 유지ㆍ관리하여 산업재해 예방을 위한 정책수립 및 집행에 적극 | AS69: 라. 소매업; 자동차 제외
Y70: 반영해야 한다. | AS70: 마. 영화, 비디오물, 방송프로그램 제작 및 배급업
AS71: 바. 녹음시설 운영업
W72: 제7조(건강증진사업 등의 추진) | AS72: 사. 방송업
X73: ○ 고용노동부장관은 법 제4조제1항제9호에 따른 노무를 제공하는 사람의 안전 및 건강의 보호ㆍ | AS73: 아. 부동산업(부동산 관리업은 제외한다)
Y74: 증진에 관한 사항을 효율적으로 추진하기 위하여 다음 각 호와 관련된 시책을 마련해야 한다. | AS74: 자. 임대업; 부동산 제외
Y75: 1. 노무를 제공하는 사람의 안전 및 건강 증진을 위한 사업의 보급ㆍ확산 | AS75: 차. 연구개발업
Y76: 2. 깨끗한 작업환경의 조성 | AS76: 카. 보건업(병원은 제외한다)
Y77: 3. 직업성 질병의 예방 및 조기 발견을 위한 사업 | AS77: 타. 예술, 스포츠 및 여가관련 서비스업
AS78: 파. 협회 및 단체
C79: 제4조의2(지방자치단체의 책무) | AS79: 하. 기타 개인 서비스업(세탁업은 제외한다)
D80: ○ 지방자치단체는 제4조제1항에 따른 정부의 정책에 적극 협조하고, 관할 지역의 산업재해를 | AR80: 4. 다음 각 목의 어느 하나에 해당하는 사업
E81: 예방하기 위한 대책을 수립ㆍ시행하여야 한다. | AS81: 가. 공공행정(청소, 시설관리, 조리 등 현업업무에 종사하는 사람으로서 고용노동부장관이
AT82: 정하여 고시하는 사람은 제외한다), 국방 및 사회보장 행정
C83: 제4조의3(지방자치단체의 산업재해 예방 활동 등) | V83: 법 제 4조의3에 의해 지방자치단체 등이 정한 조례 | AS83: 나. 교육 서비스업 중 초등·중등·고등 교육기관, 특수학교·외국인학교 및 대안학교(청소, 시설관리,
D84: ① 지방자치단체의 장은 관할 지역 내에서의 산업재해 예방을 위하여 자체 계획의 수립, 교육, 홍보 | W84: 1. 부산광역시 산업재해 예방 및 노동자 건강증진을 위한 조례 | AT84: 조리 등현업업무에 종사하는 사람으로서 고용노동부장관이 정하여 고시하는 사람은 제외한다)
E85: 및 안전한 작업환경 조성을 지원하기 위한 사업장 지도 등 필요한 조치를 할 수 있다. | W85: 2. 대전광역시 산업재해 예방 활동 조례 | AR85: 5. 다음 각 목의 어느 하나에 해당하는 사업
D86: ② 정부는 제1항에 따른 지방자치단체의 산업재해 예방 활동에 필요한 행정적ㆍ재정적 지원을 할 | W86: 3. 광주광역시 산업안전보건 지원 조례 | AS86: 가. 초등·중등·고등 교육기관, 특수학교·외국인학교 및 대안학교 외의 교육서비스업(청소년수련시설
E87: 수 있다. | W87: 4. 울산광역시 산업재해 예방 및 노동안전보건 지원 조례 | AT87: 운영업은 제외한다)
D88: ③ 제1항에 따른 산업재해 예방 활동에 필요한 사항은 지방자치단체가 조례로 정할 수 있다. | W88: 5. 경기도 산업재해 예방 및 노동안전보건 지원 조례 | AS88: 나. 국제 및 외국기관
W89: 6. 충청남도 산업재해 예방 및 노동안전보건 지원 조례 | AS89: 다. 사무직에 종사하는 근로자만을 사용하는 사업장(사업장이 분리된 경우로서 사무직에 종사하는
W90: 7. 충청북도 산업재해 예방 및 노동안전보건 지원 조례 | AT90: 근로자만을 사용하는 사업장을 포함한다)
W91: 8. 강원도 산업재해 예방 및 노동안전보건 지원 조례 | AR91: 6. 상시 근로자 5명 미만을 사용하는 사업장
W92: 9. 전라북도 산업재해 예방 및 노동안전보건 지원 조례
W93: 10. 전라남도 산업재해 예방 및 노동안전보건 지원 조례
C95: 제5조(사업주 등의 의무) | L95: 영8조 | W95: 제8조(사업주 등의 협조)
D96: ① 사업주(제77조에 따른 특수형태근로종사자로부터 노무를 제공받는 자와 제78조에 따른 물건의 | X96: ○ 사업주(이 조에서만 법 제77조에 따른 특수형태근로종사자로부터 노무를 제공받는 자와
E97: 수거ㆍ배달 등을 중개하는 자를 포함한다. 이하 이 조 및 제6조에서 같다)는 다음 각 호의 사항을 | Y97: 법 제78조에 따른 물건의 수거ㆍ배달 등을 중개하는 자를 포함한다)와 근로자(이 조에서만
E98: 이행함으로써 근로자(제77조에 따른 특수형태근로종사자와 제78조에 따른 물건의 수거ㆍ배달 등 | Y98: 법 제77조에 따른 특수형태근로종사자와 법 제78조에 따른 물건의 수거ㆍ배달 등을 하는 사람
E99: 을 하는 사람을 포함한다. 이하 이 조 및 제6조에서 같다)의 안전 및 건강을 유지ㆍ증진시키고 | Y99: 을 포함한다), 그 밖의 관련 단체는 제3조부터 제7조까지의 규정에 따른 시책 등에 적극적으로
E100: 국가의 산업재해 예방정책을 따라야 한다. | Y100: 참여하는 등 협조해야 한다.
E101: 1. 이 법과 이 법에 따른 명령으로 정하는 산업재해 예방을 위한 기준(산업안전보건기준에 관한
F102: 규칙)
E103: 2. 근로자의 신체적 피로와 스트레스 등을 줄일 수 있는 쾌적한 작업환경의 조성 및 근로조건 개선
E104: 3. 해당 사업장의 안전 및 보건에 관한 정보를 근로자에게 제공
D105: ② 다음 각 호의 어느 하나에 해당하는 자는 발주ㆍ설계ㆍ제조ㆍ수입 또는 건설을 할 때 이 법과 이
...

Sheet 과태료
A1: 「산업안전보건법」위반 시 주요 과태료 부과 기준 | M1: 메인화면
J2: Click Me~! | N2: 별표26 행정처분까지 정리하여 파일 완성
A3: 「산업안전보건법 시행령 별표35」 | H3: [5년간 누적관리] | J3: 필독~! | M3: 산업안전보건기준
A4: 위 반 내 용 | C4: 법 조 문 (법 제175조) | D4: 세 부 내 용 | F4: 과 태 료(만원)
F5: 1차위반 | G5: 2차위반 | H5: 3차이상
A6: 1 | B6: 제10조(산업재해 발생건수 등의 공표) | C6: 제4항제1호 | D6: 1) | E6: 고용노동부장관이 제출 요청한 관계수급인에 관한 자료를 | F6: 1000 | G6: 1000 | H6: 1000
B7: 제3항 (자료 제출 의무) 위반 | E7: 정당한 사유없이 제출하지 않거나 거짓 제출 한 경우
A8: 2 | B8: 제14조(이사회 보고 및 승인 등) | C8: 제4항제2호 | D8: 1) | E8: 안전 및 보건에 관한 계획을 이사회에 보고하지 않거나 | F8: 1000 | G8: 1000 | H8: 1000
B9: 제1항 (안전,보건계획의 보고/승인 의무) 위반 | E9: 승인을 받지 않은 경우
A10: 3 | B10: 제15조(안전보건관리책임자) | D10: 1) | E10: 안전보건관리자를 선임하지 않은 경우 | F10: 500 | G10: 500 | H10: 500
B11: 제1항 (관리책임자에게 총괄 업무 지원) 위반 | C11: 제5항제1호 | D11: 2) | E11: 안전보건관리책임자로 하여금 업무를 총괄하여 관리하도록 | F11: 300 | G11: 400 | H11: 500
E12: 하지 않은 경우
A13: 4 | B13: 제16조(관리감독자) | D13: 1) | E13: 관리감독자로 하여금 산업 안전 및 보건에 관한 업무를
B14: 제1항 (관리감독자에게 안전.보건 업무 지원)위반 | C14: 제5항제1호 | E14: 수행하도록 하지 않은 경우 | F14: 300 | G14: 400 | H14: 500
E15: ※ 선임 규정은 없음-지휘계통의 1인을 임의 지정
A16: 5 | B16: 제17조(안전관리자) | D16: 1) | E16: 안전관리자를 선임하지 않은 경우
B17: 제18조(보건관리자) | D17: 2) | E17: 보건관리자를 선임하지 않은 경우 | F17: 500 | G17: 500 | H17: 500
B18: 제19조(안전보건관리담당자) | D18: 3) | E18: 안전보건관리담당자를 선임하지 않은 경우
B19: (관리자,담당자 지정 의무)위반 | C19: 제5항제1호 | D19: 4) | E19: 선임된 안전관리자로 하여금 안전관리자의
B20: (관리자,담당자의 업무 지원)위반 | D20: 5) | E20: 선임된 보건관리자로 하여금 보건관리자의 | F20: 300 | G20: 400 | H20: 500
D21: 6) | E21: 선임된 안전보건관리담당자로 하여금 언전보건관리담당자의
E22: 업무를 수행하도록 하지 않은 경우
A23: 6 | B23: 제17조제3항, 제18조제3항 | C23: 제4항제1호 | D23: 1) | E23: 안전(보건)관리자에게 담당업무만을 전담하도록 하지 | F23: 200 | G23: 300 | H23: 500
B24: (해당 업무만 전담) 위반 | E24: 않은 경우
A25: 7 | B25: 제17조제4항, 제18조제4항, 제19조제3항 | C25: 제4항제2호 | D25: 1) | E25: 안전(보건)관리자의 증원 명령 미이행시 | F25: 500 | G25: 500 | H25: 500
B26: (관계자의 교체,증원 명령)불이행 | D26: 2) | E26: 안전(보견)관리자의 교체 명령 미이행시
A27: =MAX($A$6:A26)+1 -> 8 | B27: 제22조(산업보건의) | C27: 제4항제1호 | D27: 1) | E27: 산업보건의를 선임하지 않은 경우 | F27: 300 | G27: 400 | H27: 500
B28: 제1항(산업보건의 선임 의무) 위반
A29: =MAX($A$6:A28)+1 -> 9 | B29: 제24조(산업안전보건위원회) | D29: 1) | E29: 산업안전보건위원회를 구성하지 않은 경우 | F29: 500 | G29: 500 | H29: 500
B30: 제1항(위원회의 구성.운영 의무)위반 | C30: 제5항제1호 | E30: (노사협의체를 구성한 경우는 제외)
D31: 2) | E31: 제37조를 위반하여 산업안전보건위원회(노사협의체 포함) | F31: 50 | G31: 250 | H31: 500
E32: 의 정기회의를 개최하지 않은 경우(1회당)
A33: =MAX($A$6:A32)+1 -> 10 | B33: 제4항(위원회가 심의.의결사항 성실이행) 위반 | C33: 제5항제1호 | D33: 1) | E33: 사업주가 성실하게 이행하지 않은 경우 | F33: 50 | G33: 250 | H33: 500
D34: 2) | E34: 근로자가 성살하게 이행하지 않은 경우 | F34: 10 | G34: 20 | H34: 30
B35: 제25조(안전보건관리규정의 작성) | C35: 제5항제1호 | D35: 1) | E35: 안전보건관리 규정을 작성하지 않은 경우 | F35: 150 | G35: 300 | H35: 500
B36: 제1항(규정 작성 의무)위반
A37: =MAX($A$6:A36)+1 -> 11 | B37: 제26조(안전보건관리규정의 작성ㆍ변경 절차) | D37: 1) | E37: 안전보건관리규정의 작성(변경)할 때 산업안전보건위원회의
B38: (작성ㆍ변경시 심의ㆍ의결 또는 근로자 대표 | C38: 제5항제2호 | E38: 심의ㆍ의결을 거치지 아니한 경우 | F38: 50 | G38: 250 | H38: 500
B39: 동의) 절차 위반 | D39: 2) | E39: 산업안전보건위원회가 구성되지 않은 경우 근로자 대표의
E40: 동의를 받지 않은 경우
A41: =MAX($A$6:A40)+1 -> 12 | B41: 제29조(근로자에 대한 안전보건교육) | C41: 제5항제1호 | D41: 1) | E41: 근로자의 정기교육을 하지 않은 경우 (1명당) | F41: 10 | G41: 20 | H41: 30
B42: 제1항(정기안전교육 의무) 위반 | D42: 2) | E42: 관리감독자의 정기교육을 하지 않은 경우 (1명당) | F42: 50 | G42: 250 | H42: 500
A43: =MAX($A$6:A42)+1 -> 13 | B43: 제2항(신규채용자, 작업내용 변경 교육) 위반 | C43: 제5항제1호 | D43: 1) | E43: 신규채용자 교육을 하지 않은 경우 (1명당) | F43: 10 | G43: 20 | H43: 50
E44: 작업내용 변경교육을 하지 않은 경우 (1명당)
A45: =MAX($A$6:A44)+1 -> 14 | B45: 제3항(유해위험작업 및 작업내용 변경 교육) 위반 | C45: 제2항제1호 | D45: 1) | E45: 위험직종 종사근로자 특별교육을 하지 않은 경우 (1명당) | F45: 50 | G45: 100 | H45: 150
B46: ※ 특별교육 39종
A47: =MAX($A$6:A46)+1 -> 15 | B47: 제31조(건설업 기초안전보건교육) | C47: 제5항제1호 | D47: 1) | E47: 건설업 기초안전보건교육을 하지 않은 경우 (1명당) | F47: 10 | G47: 20 | H47: 50
B48: 제1항(기초안전보건교육 이수 지원) 위반
A49: =MAX($A$6:A48)+1 -> 16 | B49: 제32조(안전보건관리책임자 등에 대한 직무교육) | D49: 1) | E49: 안전보건관리책임자, 안전관리자, 보건관리자로 하여금 | F49: 500 | G49: 500 | H49: 500
B50: 제1항(직무교육 이수 의무) 불이행 | C50: 제5항제1호 | E50: 안전보건교육을 이수하도록 하지 않은 경우
D51: 2) | E51: 안전보건관리담당자로 하여금 안전보건교육을 이수하도록 | F51: 100 | G51: 200 | H51: 500
E52: 하지 않은 경우
C53: 제6항제1호 | D53: 3) | E53: 안전과 보건에 관련된 업무에 종사하는 사람으로 하여금 | F53: 300 | G53: 300 | H53: 300
E54: 안전보건교육을 이수하도록 하지 않은 경우
A55: =MAX($A$6:A54)+1 -> 17 | B55: 제34조(법령 요지 등의 게시 등) | C55: 제5항제3호 | D55: 1) | E55: 법령의 요지 및 안전보건관리규정을 근로자가 쉽게 볼수 | F55: 50 | G55: 250 | H55: 500
B56: (법령 요지등 게시 의무) 위반 | E56: 있는 장소에 게시하거나 갖추어 두지 않은 경우
A57: =MAX($A$6:A56)+1 -> 18 | B57: 제35조(근로자대표의 통지 요청) | C57: 제6항제2호 | D57: 1) | E57: 근로자대표는 안전보건에 관한 사항을 통지하여 줄 것을 | F57: 30 | G57: 150 | H57: 300
B58: (통지요청시 이행 의무) 위반 | E58: 사업주에게 요청할 수 있고 사업주는 따라야 한다.
A59: =MAX($A$6:A58)+1 -> 19 | B59: 제37조(안전보건표지의 설치ㆍ부착) | C59: 제5항제1호 | D59: 1) | E59: 안전보건표지를 설치ㆍ부착하지 않은 경우 | F59: 10 | G59: 30 | H59: 50
B60: 제1항(안전보건표지 부착의무) 위반(1건당) | D60: 2) | E60: 부착된 안전보건표지가 같은 항에 위배되는 경우
A61: =MAX($A$6:A60)+1 -> 20 | B61: 제40조(근로자의 안전조치 및 보건조치 준수) | C61: 제6항제3호 | D61: 1) | E61: 법제38조(안전조치),법제39조(보건조치)를 근거로 작성한 | F61: 5 | G61: 10 | H61: 15
B62: (안전,보건조치 준수(이행)의무) 위반 | E62: 산업안전보건기준에 관한 규칙을 지키지 않은 경우
A63: =MAX($A$6:A62)+1 -> 21 | B63: 제41조(고객의 폭언 등으로 인한 건강장해 | C63: 제4항제3호 | E63: 제3자의 폭언등으로 인한 건강장해 발생 등에 대한 조치 | F63: 300 | G63: 600 | H63: 1000
B64: 예방조치 등)제2항을 위반한 경우 | E64: 를 이행하지 않은 경우
A65: =MAX($A$6:A64)+1 -> 22 | B65: 제42조(유해위험방지계획서의 작성.제출 등) | D65: 1) | E65: 제1항을 위반하여 유해위험장지계획서와 자체 심사결과서를 | F65: 1000 | G65: 1000 | H65: 1000
B66: 제1항(작성 및 제출. 심사 의무) | E66: 작성하여 제출하지 않은 경우
B67: 제5항(계획서,심사결과서 비치 의무) | D67: 2) | E67: 제5항을 위반하여 유해위험방지계획서와 그 심사결과를 | F67: 300 | G67: 600 | H67: 1000
B68: 제6항(계획서의 변경시 의무) | C68: 제4항제3호 | E68: 사업장에 갖추어 두지 않은 경우
D69: 3) | E69: 변경할 필요가 있는 유해위험방지게획서의 변경 보관
E70: 의무를 이행하지 않은 경우
E71: 가) 유해위험방지계획서를 변경하지 않은 경우 | F71: 1000 | G71: 1000 | H71: 1000
E72: 나) 계획서를 변경했으나 갖추어두지 않은 경우 | F72: 300 | G72: 600 | H72: 1000
A73: =MAX($A$6:A72)+1 -> 23 | B73: 제2항(관련분야 자격자의 의견 청취 의무) 위반 | C73: 제6항제4호 | D73: 1) | E73: 작성시 유자격자의 의견을 듣지 않고 작성ㆍ제출한 경우 | F73: 30 | G73: 150 | H73: 300
A75: =MAX($A$6:A74)+1 -> 24 | B75: 제43조(유해위험방지계획서 이행의 확인 등) | C75: 제6항제5호 | D75: 1) | E75: 유해위험방지계획서에 대한 고용노동부 장관의 확인을 | F75: 30 | G75: 150 | H75: 300
B76: 제1항(이행여부 확인 의무) 위반 | E76: 득하지 않은 경우
A77: =MAX($A$6:A76)+1 -> 25 | B77: 제44조(공정안전보고서의 작성ㆍ제출) | C77: 제4항제3호 | D77: 1) | E77: 중대산업사고 예방을 위한 공정안전보고서를 작성하여 | F77: 300 | G77: 600 | H77: 1000
B78: 제1항(공정안전보고서 작성 제출 의무) 위반 | E78: 제출하지 않은 경우
A79: =MAX($A$6:A78)+1 -> 26 | B79: 제2항(위원회 심의 및 근로자대표 의견 청취) 위반 | C79: 제5항제1호 | D79: 1) | E79: 공정안전보고서 작성 시 산업안전보건위원회의 심의를 | F79: 50 | G79: 250 | H79: 500
E80: 거치지 않거나 근로자대표의 의견을 듣지 않은 경우
A81: =MAX($A$6:A80)+1 -> 27 | B81: 제45조(공정안전보고서의 심사 등) | C81: 제4항제3호 | D81: 1) | E81: 공정안전보고서를 사업장에 갖추어 두지 않은 경우 | F81: 300 | G81: 600 | H81: 1000
B82: 제2항(공정안전보고서 비치 의무) 위반
A83: =MAX($A$6:A82)+1 -> 28 | B83: 제46조(공정안전보고서의 이행 등) | C83: 제4항제3호 | D83: 1) | E83: 사업주가 지키지 않은 경우(내용 위반 1건당) | F83: 10 | G83: 20 | H83: 30
B84: 제1항(공정안전보고서의 이행 의무) 위반 | D84: 2) | E84: 근로자가 지키지 않은 경우(내용 위반 1건당) | F84: 5 | G84: 10 | H84: 15
A85: =MAX($A$6:A84)+1 -> 29 | B85: 제2항(공정안전보고서 이행 확인 의무) 위반 | C85: 제6항제5호 | D85: 1) | E85: 공정안전보고서 내용의 이행 여부에 대하여 고용노동부 | F85: 30 | G85: 150 | H85: 300
E86: 장관의 확인을 받지 않은 경우
A87: =MAX($A$6:A86)+1 -> 30 | B87: 제47조(안전보건진단) | C87: 제4항제4호 | D87: 1) | E87: 안전보건진단기관이 실시하는 안전보건진단을 받지 않은 | F87: 1000 | G87: 1000 | H87: 1000
B88: 제1항(안전진단 명령 이행 의무) 위반 | E88: 경우
A89: =MAX($A$6:A88)+1 -> 31 | B89: 제3항(안전보건진단 업무 협조 등 의무) 위반 | D89: 1) | E89: 정당한 사유 없이 안전보건진단을 거부ㆍ방해 또는 기피한 | F89: 1500 | G89: 1500 | H89: 1500
C90: 제3항제1호 | E90: 경우
D91: 2) | E91: 근로자대표가 요구하였음에도 불구하고 안전보건진단에 | F91: 150 | G91: 300 | H91: 500
E92: 근로자대표를 참여시키지 않은 경우
A93: =MAX($A$6:A92)+1 -> 32 | B93: 제49조(안전보건개선계획의 수립ㆍ시행 명령) | D93: 1) | E93: 안전보건개선계획을 수립ㆍ시행하지 않은 경우 | F93: 500 | G93: 750 | H93: 1000
B94: 제1항(개선계획 수립 의무) 불이행 | C94: 제4항제4호 | D94: 2) | E94: 안전관리자의 교체 및 증원 대상 사업장에서 안전보건개선 | F94: 1000 | G94: 1000 | H94: 1000
E95: 계획을 수립ㆍ시행하지 않은 경우
A96: =MAX($A$6:A95)+1 -> 33 | B96: 제2항(위원회 심의, 근로자대표 의견청취 의무) | C96: 제5항제1호 | D96: 1) | E96: 산업안전보건위원회의 심의를 거치지 않거나 | F96: 50 | G96: 250 | H96: 500
B97: 위반 | E97: 근로자대표의 의견을 듣지 않은 경우
A98: =MAX($A$6:A97)+1 -> 34 | B98: 제50조(안전보건개선계획서의 제출 등) | C98: 제5항제1호 | D98: 1) | E98: 사업주가 준수하지 않은 경우 | F98: 200 | G98: 300 | H98: 500
B99: 제3항(안전보건개선계획 준수 의무) 위반 | D99: 2) | E99: 근로자가 준수하지 않은 경우 | F99: 5 | G99: 10 | H99: 15
A100: =MAX($A$6:A99)+1 -> 35 | B100: 제53조(고용노동부장관의 시정조치 등) | C100: 제5항제4호 | D100: 1) | E100: 고용노동부장관으로부터 받은 시정명령 사항을 게시하지 | F100: 50 | G100: 250 | H100: 500
B101: 제2항(시정명령서 게시 의무) 위반 | E101: 않은 경우
...

Sheet 보건기준
A1: 산업안전보건기준에 관한 규칙 | L1: 메인화면 | M1: 산안법 | N1: 과태료
A3: 편장절관 | G3: 바로가기 | H3: 제 목 | J3: 비 고
A4: 제1편 총칙
B5: 제1장 통칙
F6: 제1조 목적 | G6: 제1조 | H6: 목적
F7: 제2조 정의 | G7: 제2조 | H7: 정의
B8: 제2장 작업장
F9: 제3조 전도의 방지 | G9: 제3조 | H9: 전도의 방지
F10: 제4조 작업장의 청결 | G10: 제4조 | H10: 작업장의 청결
F11: 제4조의2 분진의 흩날림 방지 | G11: 제4조 | H11: 의2 분진의 흩날림 방지
F12: 제5조 오염된 바닥의 세척 등 | G12: 제5조 | H12: 오염된 바닥의 세척 등
F13: 제6조 오물의 처리 등 | G13: 제6조 | H13: 오물의 처리 등
F14: 제7조 채광 및 조명 | G14: 제7조 | H14: 채광 및 조명
F15: 제8조 조도 | G15: 제8조 | H15: 조도
F16: 제9조 작업발판 등 | G16: 제9조 | H16: 작업발판 등
F17: 제10조 작업장의 창문 | G17: 제10조 | H17: 작업장의 창문
F18: 제11조 작업장의 출입구 | G18: 제11조 | H18: 작업장의 출입구
F19: 제12조 동력으로 작동되는 문의 설치 조건 | G19: 제12조 | H19: 동력으로 작동되는 문의 설치 조건
F20: 제13조 안전난간의 구조 및 설치요건 | G20: 제13조 | H20: 안전난간의 구조 및 설치요건
F21: 제14조 낙하물에 의한 위험의 방지 | G21: 제14조 | H21: 낙하물에 의한 위험의 방지
F22: 제15조 투하설비 등 | G22: 제15조 | H22: 투하설비 등 | L22: 작업계획서의 법적 근거
F23: 제16조 위험물 등의 보관 | G23: 제16조 | H23: 위험물 등의 보관
F24: 제17조 비상구의 설치 | G24: 제17조 | H24: 비상구의 설치
F25: 제18조 비상구 등의 유지 | G25: 제18조 | H25: 비상구 등의 유지 | L25: 양중기,양화장치는 화물이 적재된 상태를 운전 중으로 본다.
F26: 제19조 경보용 설비 등 | G26: 제19조 | H26: 경보용 설비 등
F27: 제20조 출입의 금지 등 | G27: 제20조 | H27: 출입의 금지 등
B28: 제3장 통로
F29: 제21조 통로의 조명 | G29: 제21조 | H29: 통로의 조명
F30: 제22조 통로의 설치 | G30: 제22조 | H30: 통로의 설치
F31: 제23조 가설통로의 구조 | G31: 제23조 | H31: 가설통로의 구조
F32: 제24조 사다리식 통로 등의 구조 | G32: 제24조 | H32: 사다리식 통로 등의 구조
F33: 제25조 갱내통로 등의 위험 방지 | G33: 제25조 | H33: 갱내통로 등의 위험 방지
F34: 제26조 계단의 강도 | G34: 제26조 | H34: 계단의 강도
F35: 제27조 계단의 폭 | G35: 제27조 | H35: 계단의 폭
F36: 제28조 계단참의 높이 | G36: 제28조 | H36: 계단참의 높이
F37: 제29조 천장의 높이 | G37: 제29조 | H37: 천장의 높이
F38: 제30조 계단의 난간 | G38: 제30조 | H38: 계단의 난간
B39: 제4장 보호구
F40: 제31조 보호구의 제한적 사용 | G40: 제31조 | H40: 보호구의 제한적 사용
F41: 제32조 보호구의 지급 등 | G41: 제32조 | H41: 보호구의 지급 등
F42: 제33조 보호구의 관리 | G42: 제33조 | H42: 보호구의 관리
F43: 제34조 전용 보호구 등 | G43: 제34조 | H43: 전용 보호구 등
B44: 제5장 관리감독자의 직무, 사용의 제한 등
F45: 제35조 관리감독자의 유해ㆍ위험 방지 업무 등 | G45: 제35조 | H45: 관리감독자의 유해ㆍ위험 방지 업무 등
F46: 제36조 사용의 제한 | G46: 제36조 | H46: 사용의 제한
F47: 제37조 악천후 및 강풍 시 작업 중지 | G47: 제37조 | H47: 악천후 및 강풍 시 작업 중지
F48: 제38조 사전조사 및 작업계획서의 작성 등 | G48: 제38조 | H48: 사전조사 및 작업계획서의 작성 등 | I48: ▶
F49: 제39조 작업지휘자의 지정 | G49: 제39조 | H49: 작업지휘자의 지정
F50: 제40조 신호 | G50: 제40조 | H50: 신호
F51: 제41조 운전위치의 이탈금지 | G51: 제41조 | H51: 운전위치의 이탈금지 | I51: ▶
B52: 제6장 추락 또는 붕괴에 의한 위험 방지
C53: 제1절 추락에 의한 위험 방지
F54: 제42조 추락의 방지 | G54: 제42조 | H54: 추락의 방지
F55: 제43조 개구부 등의 방호 조치 | G55: 제43조 | H55: 개구부 등의 방호 조치
F56: 제44조 안전대의 부착설비 등 | G56: 제44조 | H56: 안전대의 부착설비 등
F57: 제45조 지붕 위에서의 위험 방지 | G57: 제45조 | H57: 지붕 위에서의 위험 방지
F58: 제46조 승강설비의 설치 | G58: 제46조 | H58: 승강설비의 설치
F59: 제47조 구명구 등 | G59: 제47조 | H59: 구명구 등
F60: 제48조 울타리의 설치 | G60: 제48조 | H60: 울타리의 설치
F61: 제49조 조명의 유지 | G61: 제49조 | H61: 조명의 유지
C62: 제2절 붕괴 등에 의한 위험 방지
F63: 제50조 붕괴ㆍ낙하에 의한 위험 방지 | G63: 제50조 | H63: 붕괴ㆍ낙하에 의한 위험 방지
F64: 제51조 구축물 또는 이와 유사한 시설물 등의 안전 유지 | G64: 제51조 | H64: 구축물 또는 이와 유사한 시설물 등의 안전 유지
F65: 제52조 구축물 또는 이와 유사한 시설물의 안전성 평가 | G65: 제52조 | H65: 구축물 또는 이와 유사한 시설물의 안전성 평가
F66: 제53조 계측장치의 설치 등 | G66: 제53조 | H66: 계측장치의 설치 등
B67: 제7장 비계
C68: 제1절 재료 및 구조 등
F69: 제54조 비계의 재료 | G69: 제54조 | H69: 비계의 재료
F70: 제55조 작업발판의 최대적재하중 | G70: 제55조 | H70: 작업발판의 최대적재하중 | I70: 제163조
F71: 제56조 작업발판의 구조 | G71: 제56조 | H71: 작업발판의 구조
C72: 제2절 조립ㆍ해체 및 점검 등
F73: 제57조 비계 등의 조립ㆍ해체 및 변경 | G73: 제57조 | H73: 비계 등의 조립ㆍ해체 및 변경
F74: 제58조 비계의 점검 및 보수 | G74: 제58조 | H74: 비계의 점검 및 보수
C75: 제3절 강관비계 및 강관틀비계
F76: 제59조 강관비계 조립 시의 준수사항 | G76: 제59조 | H76: 강관비계 조립 시의 준수사항
F77: 제60조 강관비계의 구조 | G77: 제60조 | H77: 강관비계의 구조
F78: 제61조 강관의 강도 식별 | G78: 제61조 | H78: 강관의 강도 식별
F79: 제62조 강관틀비계 | G79: 제62조 | H79: 강관틀비계
C80: 제4절 달비계, 달대비계 및 걸침비계
F81: 제63조 달비계의 구조 | G81: 제63조 | H81: 달비계의 구조
F82: 제64조 달비계의 점검 및 보수 | G82: 제64조 | H82: 달비계의 점검 및 보수
F83: 제65조 달대비계 | G83: 제65조 | H83: 달대비계
F84: 제66조 높은 디딤판 등의 사용금지 | G84: 제66조 | H84: 높은 디딤판 등의 사용금지
F85: 제66조의2 걸침비계의 구조 | G85: 제66조 | H85: 의2 걸침비계의 구조
C86: 제5절 말비계 및 이동식비계
F87: 제67조 말비계 | G87: 제67조 | H87: 말비계
F88: 제68조 이동식비계 | G88: 제68조 | H88: 이동식비계
C89: 제6절 시스템 비계
F90: 제69조 시스템 비계의 구조 | G90: 제69조 | H90: 시스템 비계의 구조
F91: 제70조 시스템비계의 조립 작업 시 준수사항 | G91: 제70조 | H91: 시스템비계의 조립 작업 시 준수사항
C92: 제7절 통나무 비계
F93: 제71조 통나무 비계의 구조 | G93: 제71조 | H93: 통나무 비계의 구조
B94: 제8장 환기장치
F95: 제72조 후드 | G95: 제72조 | H95: 후드
F96: 제73조 덕트 | G96: 제73조 | H96: 덕트
F97: 제74조 배풍기 | G97: 제74조 | H97: 배풍기
F98: 제75조 배기구 | G98: 제75조 | H98: 배기구
F99: 제76조 배기의 처리 | G99: 제76조 | H99: 배기의 처리
F100: 제77조 전체환기장치 | G100: 제77조 | H100: 전체환기장치
F101: 제78조 환기장치의 가동 | G101: 제78조 | H101: 환기장치의 가동
...

Sheet 기준상세
A1: 산업안전보건기준에 관한 규칙 | V1: 2022년 10월 18일 개정안 반영
R2: 바로가기 | S2: 메인화면 | T2: 산안법 | U2: 과태료
A3: 제1편 총칙
A7: 제1장 통칙
C8: 제1조(목적)
D9: 이 규칙은「산업안전보건법」에서 위임한 산업안전보건기준에 관한 사항과 그 시행에 필요한 사항을 규정함을 목적으로 한다.
C11: 제2조(용어의 정의)
D12: 용어의 뜻은 이 규칙에 특별한 규정이 없으면 「산업안전보건법」,「시행령」및「시행규칙」에서 정하는 바에 따른다.
A16: 제2장 작업장
C17: 제3조(전도의 방지)
D18: ① 사업주는 근로자가 작업장에서 넘어지거나 미끄러지는 등의 위험이 없도록 작업장 바닥 등을 안전하고 청결한 상태로 유지하여야
E19: 한다.
D20: ② 사업주는 제품, 자재, 부재 등이 넘어지지 않도록 붙들어 지탱하게 하는 등 안전 조치를 하여야 한다. 다만, 근로자가 접근하지 못하
E21: 도록 조치한 경우에는 그러하지 아니하다.
R22: 목차1쪽
C23: 제4조(작업장의 청결)
D24: 사업주는 근로자가 작업하는 장소를 항상 청결하게 유지ㆍ관리하여야 하며, 폐기물은 정해진 장소에만 버려야 한다.
C26: 제4조의2(분진의 흩날림 방지)
D27: 사업주는 분진이 심하게 흩날리는 작업장에 대하여 물을 뿌리는 등 분진이 흩날리는 것을 방지하기 위하여 필요한 조치를 하여야 한다.
C29: 제5조(오염된 바닥의 세척 등)
D30: ① 사업주는 인체에 해로운 물질, 부패하기 쉬운 물질 또는 악취가 나는 물질 등에 의하여 오염될 우려가 있는 작업장의 바닥이나 벽을
E31: 수시로 세척하고 소독하여야 한다.
D32: ② 사업주는 제1항에 따른 세척 및 소독을 하는 경우에 물이나 그 밖의 액체를 다량으로 사용함으로써 습기가 찰 우려가 있는 작업장의
E33: 바닥이나 벽은 불침투성 재료로 칠하고 배수에 편리한 구조로 하여야 한다.
C35: 제6조(오물의 처리 등)
D36: ① 사업주는 해당 작업장에서 배출하거나 폐기하는 오물을 일정한 장소에서 노출되지 않도록 처리하고, 병원체로 인하여 오염될 우려
E37: 가 있는 바닥ㆍ벽 및 용기 등을 수시로 소독하여야 한다.
D38: ② 사업주는 폐기물을 소각 등의 방법으로 처리하려는 경우 해당 근로자가 다이옥신 등 유해물질에 노출되지 않도록 작업공정 개선,
E39: 개인보호구 지급ㆍ착용 등 적절한 조치를 하여야 한다.
D40: ③ 근로자는 제2항에 따라 지급된 개인보호구를 사업주의 지시에 따라 착용하여야 한다.
C42: 제7조(채광 및 조명)
D43: 사업주는 근로자가 작업하는 장소에 채광 및 조명을 하는 경우 명암의 차이가 심하지 않고 눈이 부시지 않은 방법으로 하여야 한다.
C45: 제8조(조도)
D46: 사업주는 근로자가 상시 작업하는 장소의 작업면 조도를 다음 각 호의 기준에 맞도록 하여야 한다.
E47: 다만, 갱내 작업장과 감광재료를 취급하는 작업장은 그러하지 아니하다.
E48: 1. 초정밀작업: 750럭스(lux) 이상 | L48: 3. 보통작업: 150럭스 이상
E49: 2. 정밀작업: 300럭스 이상 | L49: 4. 그 밖의 작업: 75럭스 이상
C51: 제9조(작업발판 등)
D52: 사업주는 선반ㆍ롤러기 등 기계ㆍ설비의 작업 또는 조작 부분이 그 작업에 종사하는 근로자의 키 등 신체조건에 비하여 지나치게 높거
E53: 나 낮은 경우 안전하고 적당한 높이의 작업발판을 설치하거나 그 기계ㆍ설비를 적정 작업높이로 조절하여야 한다.
C55: 제10조(작업장의 창문) | R55: 목차1쪽
D56: ① 작업장의 창문은 열었을 때 근로자가 작업하거나 통행하는 데에 방해가 되지 않도록 하여야 한다.
D57: ② 사업주는 근로자가 안전한 방법으로 창문을 여닫거나 청소할 수 있도록 보조도구를 사용하게 하는 등 필요한 조치를 하여야 한다.
C59: 제11조(작업장의 출입구)
D60: 사업주는 작업장에 출입구(비상구 제외)를 설치하는 경우 다음 각 호의 사항을 준수하여야 한다.
E61: 1. 출입구의 위치, 수 및 크기가 작업장의 용도와 특성에 맞도록 할 것
E62: 2. 출입구에 문을 설치하는 경우에는 근로자가 쉽게 열고 닫을 수 있도록 할 것
E63: 3. 주된 목적이 하역운반기계용인 출입구에는 인접하여 보행자용 출입구를 따로 설치할 것
E64: 4. 하역운반기계의 통로와 인접하여 있는 출입구에서 접촉에 의하여 근로자에게 위험을 미칠 우려가 있는 경우에는 비상등ㆍ비상
F65: 벨 등 경보장치를 할 것
E66: 5. 계단이 출입구와 바로 연결된 경우에는 작업자의 안전한 통행을 위하여 그 사이에 1.2m 이상 거리를 두거나 안내표지 또는 비상
F67: 벨 등을 설치할 것. 다만, 출입구에 문을 설치하지 아니한 경우에는 그러하지 아니하다.
C69: 제12조(동력으로 작동되는 문의 설치 조건)
D70: 사업주는 동력으로 작동되는 문을 설치하는 경우 다음 각 호의 기준에 맞는 구조로 설치하여야 한다.
E71: 1. 동력으로 작동되는 문에 근로자가 끼일 위험이 있는 2.5m 높이까지는 위급하거나 위험한 사태가 발생한 경우에 문의 작동을 정
F72: 지시킬 수 있도록 비상정지장치 설치 등 필요한 조치를 할 것. 다만, 위험구역에 사람이 없어야만 문이 작동되도록 안전장치가
F73: 설치되어 있거나 운전자가 특별히 지정되어 상시 조작하는 경우에는 그러하지 아니하다.
E74: 2. 동력으로 작동되는 문의 비상정지장치는 근로자가 잘 알아볼 수 있고 쉽게 조작할 수 있을 것
E75: 3. 동력으로 작동되는 문의 동력이 끊어진 경우에는 즉시 정지되도록 할 것. 다만, 방화문의 경우에는 그러하지 아니하다.
E76: 4. 수동으로 열고 닫을 수 있도록 할 것. 다만, 동력으로 작동되는 문에 수동으로 열고 닫을 수 있는 문을 별도로 설치하여 근로자가
F77: 통행할 수 있도록 한 경우에는 그러하지 아니하다.
E78: 5. 동력으로 작동되는 문을 수동으로 조작하는 경우에는 제어장치에 의하여 즉시 정지시킬 수 있는 구조일 것
C80: 제13조(안전난간의 구조 및 설치요건)
D81: 사업주는 근로자의 추락 등의 위험을 방지하기 위하여 안전난간을 설치하는 경우 다음 각 호의 기준에 맞는 구조로 설치하여야 한다. | S81: 안전난간의 구조
E82: 1. 상부 난간대, 중간 난간대, 발끝막이판 및 난간기둥으로 구성할 것. | S82: 1) 안전난간의 구성 : 상부난간대, 중간난간대, 발끝막이판, 난간기둥
F83: 다만, 중간 난간대, 발끝막이판 및 난간기둥은 이와 비슷한 구조와 성능을 가진 것으로 대체할 수 있다. | S83: 2) 상부난간대는 90Cm 이상에설치
E84: 2. 상부 난간대는 바닥면ㆍ발판 또는 경사로의 표면(이하 “바닥면등”이라 한다)으로부터 90Cm 이상 지점에 설치하고, 상부 난간대 | S84: 3) 중간난간대는 상부난간대와 60Cm 이하가 되도록 등간격으로 설치
F85: 를 120Cm 이하에 설치하는 경우에는 중간 난간대는 상부 난간대와 바닥면등의 중간에 설치하여야 하며, 120Cm 이상 지점에 | S85: 4) 난간의 높이가 120Cm이상인경우 중간난간대는 2줄을 등간격으로 설치
F86: 설치하는 경우에는 중간 난간대를 2단 이상으로 균등하게 설치하고 난간의 상하 간격은 60Cm 이하가 되도록 할 것. | S86: 5) 난간기둥 간격이 25Cm이하인 경우 중간난간대 삭제 가능
F87: 다만, 계단의 개방된 측면에 설치된 난간기둥 간의 간격이 25Cm 이하인 경우에는 중간 난간대를 설치하지 아니할 수 있다. | S87: 6) 발끝막이판은 바닥에서 10Cm이상 높이 유지, 낙하물 비래 방지시설 설치시 삭제 가능
E88: 3. 발끝막이판은 바닥면등으로부터 10Cm 이상의 높이를 유지할 것. 다만, 물체가 떨어지거나 날아올 위험이 없거나 그 위험을 방지 | R88: 목차1쪽 | S88: 7) 난간대는 2.7Cm금속제 파이프 혹은 동등이상 재료
F89: 할 수 있는 망을 설치하는 등 필요한 예방 조치를 한 장소는 제외한다. | S89: 8) 난간은 취약지점,추약방향으로 100Kg의 하중에 견딜것
E90: 4. 난간기둥은 상부 난간대와 중간 난간대를 견고하게 떠받칠 수 있도록 적정한 간격을 유지할 것
E91: 5. 상부 난간대와 중간 난간대는 난간 길이 전체에 걸쳐 바닥면등과 평행을 유지할 것
E92: 6. 난간대는 지름 2.7Cm 이상의 금속제 파이프나 그 이상의 강도가 있는 재료일 것
E93: 7. 안전난간은 구조적으로 가장 취약한 지점에서 가장 취약한 방향으로 작용하는 100Kg 이상의 하중에 견딜 수 있는 튼튼한 구조일
F94: 것
C96: 제14조(낙하물에 의한 위험의 방지)
D97: ① 사업주는 작업장의 바닥, 도로 및 통로 등에서 낙하물이 근로자에게 위험을 미칠 우려가 있는 경우 보호망을 설치하는 등 필요한 조
E98: 치를 하여야 한다.
D99: ② 사업주는 작업으로 인하여 물체가 떨어지거나 날아올 위험이 있는 경우 낙하물 방지망, 수직보호망 또는 방호선반의 설치, 출입
E100: 금지구역의 설정, 보호구의 착용 등 위험을 방지하기 위하여 필요한 조치를 하여야 한다. 이 경우 낙하물 방지망 및 수직보호망은
E101: 「산업표준화법」 제12조에 따른 한국산업표준에서 정하는 성능기준에 적합한 것을 사용하여야 한다.
D102: ③ 제2항에 따라 낙하물 방지망 또는 방호선반을 설치하는 경우에는 다음 각 호의 사항을 준수하여야 한다.
E103: 1. 높이 10m 이내마다 설치하고, 내민 길이는 벽면으로부터 2m 이상으로 할 것
E104: 2. 수평면과의 각도는 20도 이상 30도 이하를 유지할 것
C106: 제15조(투하설비 등)
D107: 사업주는 높이가 3m 이상인 장소로부터 물체를 투하하는 경우 적당한 투하설비를 설치하거나 감시인을 배치하는 등 위험을 방지하기
E108: 위하여 필요한 조치를 하여야 한다.
C110: 제16조(위험물 등의 보관)
D111: 사업주는 별표 1에 규정된 위험물질을 작업장 외의 별도의 장소에 보관하여야 하며, 작업장 내부에는 작업에 필요한 양만 두어야 한다.
C113: 제17조(비상구의 설치)
D114: ① 사업주는 별표 1에 규정된 위험물질을 제조ㆍ취급하는 작업장과 그 작업장이 있는 건축물에 제11조에 따른 출입구 외에 안전한 장
E115: 소로 대피할 수 있는 비상구 1개 이상을 다음 각 호의 기준을 모두 충족하는 구조로 설치해야 한다.
E116: 다만, 작업장 바닥면의 가로 및 세로가 각 3m 미만인 경우에는 그렇지 않다.
E117: 1. 출입구와 같은 방향에 있지 아니하고, 출입구로부터 3m 이상 떨어져 있을 것
E118: 2. 작업장의 각 부분으로부터 하나의 비상구 또는 출입구까지의 수평거리가 50m 이하가 되도록 할 것
E119: 3. 비상구의 너비는 0.75m 이상으로 하고, 높이는 1.5m 이상으로 할 것
E120: 4. 비상구의 문은 피난 방향으로 열리도록 하고, 실내에서 항상 열 수 있는 구조로 할 것
D121: ② 사업주는 제1항에 따른 비상구에 문을 설치하는 경우 항상 사용할 수 있는 상태로 유지하여야 한다. | R121: 목차1쪽
...

Sheet 관리자선임
A1: 건설업의 안전관리 조직 구성
J2: 정리중
B4: 구 분 | C4: 대상사업장 | D4: 배치인원 | E4: 자격 | F4: 직무 | G4: 선임/해임 | H4: 법적근거 | I4: 건설기술진흥법
B5: 안전보건 | C5: 20억 이상 사업장 | D5: 1명 | E5: 사업장을 실질적으로 | F5: 법 제15조제1항 | H5: 법 제15조
B6: 관리책임자 | E6: 총괄 관리하는 사람
B7: 관리책임자 | C7: 모든 사업장 | D7: 무제한 | E7: 근로자를 지휘.감독하는 | F7: 영 제15조제1항 | H7: 법 제16조 | I7: 안전관리책임자
B8: 감독자 | E8: 직위에 있는 사람 | I8: 안전관리담당자
C9: 50억이상 사업장 | D9: 1명 | E9: 산업안전지도사 이상
C10: 800억 이상 사업장 | D10: 2명 | E10: 산업안전산업기사 이상
C11: 1500억이상 사업장(+700) | D11: 3명 | E11: 건설안전산업기사 이상
C12: 2200억이상 사업장(+700) | D12: 4명 | E12: 4년재 관련학과 학위자
C13: 3000억이상 사업장(+800) | D13: 5명 | E13: 그 외 | G13: 교체 증원 사유
B14: 안전관리자 | C14: 3900억이상 사업장(+900) | D14: 6명 | E14: 시행령 제17조 별표 4 | F14: 시행령 제18조 | G14: 시행규칙 제12조 | H14: 법 제17조
C15: 4900억이상 사업장(+1000) | D15: 7명
C16: 6000억이상 사업장(+1100) | D16: 8명
C17: 7200억이상 사업장(+1200) | D17: 9명
C18: 8500억이상 사업장(+1300) | D18: 10명
C19: 1조원이상시(+3천억마다) | D19: 11명
C20: 시행령 제16조 별표 3
C21: 800억 이상 사업장 | D21: 1명 | E21: 산업보건지도사 이상
C22: 2400억 이상 사업장 | D22: 2명 | E22: 의사 및 간호사
C23: 3800억 이상 사업장(+1400) | D23: 3명 | E23: 산업위생관리산업기사 이상
B24: 보건관리자 | C24: 5200억 이상 사업장(+1400) | D24: 4명 | E24: 대기환경산업기사 이상 | F24: 시행령 제22조 | H24: 법 제18조
C25: ※ 1,400억 증액시 마다 1명 | E25: 그 외
C26: ※ 상근자 600명마다 1명 | E26: 시행령 제21조 별표 6
C27: 시행령 제20조 별표 5
C28: 상시근로자 20명이상 50명 | E28: 안전관리,보건관리자 | F28: 안전,보건관리자의 직무
B29: 안전보건 | C29: 미만 사업장 | E29: 관련교육 이수자 | F29: 전문기관에 위탁 가능
B30: 관리담당자 | C30: (건설업 해당사항 없음) | D30: 1명 | E30: 시행령 제24조제2항 | F30: 시행령 제25조 | H30: 법 제19조
C31: (안전,보건관리자 선임 사업
C32: 장 해당 없음)
C33: 보건관리자 선임 대상사업장 중 | E33: 의사법에 의한 의사
B34: 산업보건의 | C34: 상시근로자 50명 이상인 경우 | D34: 1명 | E34: 시행령 제30조 | F34: 시행령 제31조 | H34: 법 제22조
C35: 보건근로자가 의사인 경우 제외
C36: 외부에서 위촉 가능
B37: 명예산업 | C37: 고용노동부장관이 필요하다고 | D37: 1명 | E37: 시행령 제32조제1항 | F37: 시행령 제32조제2항 | G37: 시행령 제32조 제1항 | H37: 법 제23조
B38: 안전감독관 | C38: 판단하는 경우(임기2년,연임가) | G38: 시행령 제33조
C39: 도급인의 20억이상 사업장
B40: 안전보건 | C40: 에서 관계수급인의 | D40: 1명 | E40: 도급인이 선임한 | F40: 시행령 제53조 | H40: 법 제62조 | I40: 안전총괄책임자
B41: 총괄책임자 | C41: 근로자가 작업하는 경우 | E41: 안전보건관리책임자
C43: 같은 장소에서 2개의 사업이 | E43: 산업안전지도사
B44: 안전보건 | C44: 진행되는 경우 | D44: 1명 | E44: 감독,감리자 | H44: 법 제68조
B45: 조정자 | C45: 두개의 사업금액 합계가 | E45: 시행령 제56조제2항 | F45: 시행령 제57조
C46: 50억 이상인 경우

Sheet 노사협의체
C1: 메인화면 | D1: 산안법 | E1: 과태료
A2: 구분 | B2: 농업,어업,제조업,서비스업 | D2: 건설업 | H2: 안전보건 협의체 | T2: 산업안전보건위원회 | AF2: 노사협의체 | AR2: 노사협의회
B3: 산업안전보건위원회 | C3: 노사협의회 | D3: 노사협의체 | E3: 안전보건협의체 | H3: ※ 도급 하도급 관계가 성립되는 모든 건설현장은 | T3: ※ 일정 규모 이상의 모든 사업장에서는 | AF3: ※ 건설공사 120억 이상, 토목공사 150억 이상의 현장에서는 | AR3: ※ 상시근로자 30인 이상의 사업장에서는
A4: 법률 | B4: 산안법 | C4: 근로자 참여 및 협력 | D4: 산안법 | E4: 산안법 | H4: ※ 매월 1회 안전보건협의체 회의 실시 | T4: ※ 산업안전보건 위원회를 설치하여 분기별 1회 회의 실시 | AF4: ※ 노사협의체를 구성하고 2개월마다 회의 실시 | AR4: ※ 노사협의회를 설치하고 매 분기마다 정기적으로 회의 실시
A5: 근거 | B5: 제24조제1항 | C5: 증진에 관한 법률 | D5: 제75조제1항 | E5: 제64조제1항1호 | H5: ※ 2개월마다 합동 안전.보건 점검 실시 | T5: ※ 노사협의체를 구성한 경우 산업안전보건위원회 활동을 한 것으로 본다. | AF5: ※ 노사협의체를 구성한 경우 산업안전보건위원회,노사협의회는 구성한 것으로 본다. | AR5: ※ 타 기구와 별도조직으로 반드시 설치해야함
B6: 근로자와 사용자가 함께 | C6: 근로자와 사용자가 참여 | D6: 근로자와 사용자가 함께 | E6: 도급인과 관계수급인이 | H6: ※ 2일에 1회 이상 작업장 순회점검 | AF6: ※ 의무사항은 아니지만 건설현장에서 노사협의체 구성시 안전보건협의체, 산업안전
A7: 입법 | B7: 산업안전보건에 관한 중 | C7: 와 협력을 통하여 근로 | D7: 산업안전보건에 관한 중 | E7: 함께 산업안전보건에 | H7: ※ 노사협의체를 구성한 경우 안전보건협의체를 구성한 것으로 본다. | AG7: 보건위원회를 설치한 것으로 갈음하므로 구성하는 것이 좋을 것임
A8: 취지 | B8: 요사항을 심의.의결하는 | C8: 자의 복지증진과 기업의 | D8: 요사항을 심의.의결하는 | E8: 관한 중요사항을
B9: 의결 기관 | C9: 건전한 발전을 도모하는 | D9: 의결 기관 | E9: 협의하기 위한 | H9: 산업안전보건법 | T9: 산업안전보건법 | AF9: 산업안전보건법 | AR9: 근로자참여 및 협력증진에 관한 법률
C10: 협의기구 | E10: 협의기구 | H10: 제64조(도급에 따른 산업재해 예방조치) | T10: 제24조(산업안전보건위원회) | AF10: 제75조(안전 및 보건에 관한 협의체 등의 구성ㆍ운영에 관한 특례) | AR10: 제4조(노사협의회의 설치)
B11: 상시근로자 100인 이상 | I11: ① 도급인은 관계수급인 근로자가 도급인의 사업장에서 작업을 하는 경우 다음 각 호의 | T11: ① 사업주는 사업장의 안전 및 보건에 관한 중요 사항을 심의ㆍ의결하기 위하여 사업장에 | AF11: ① 대통령령으로 정하는 규모의 건설공사의 건설공사도급인은 해당 건설공사 현장에 근로 | AS11: ① 노사협의회는 근로조건에 대한 결정권이 있는 사업이나 사업장단위로 설치하여야 한다.
A12: 설치 | B12: 유해업종 상근자 50인 이상 | C12: 상시근로자 30인 이상의 | D12: 건설공사 120억 이상 | E12: 도급인의 사업장에서 | J12: 사항을 이행하여야 한다. | U12: 근로자위원과 사용자위원이 같은 수로 구성되는 산업안전보건위원회를 구성ㆍ운영 | AG12: 자위원과 사용자위원이 같은 수로 구성되는 안전 및 보건에 관한 협의체(이하 “노사협의 | AT12: 다만, 상시 30명 미만의 근로자를 사용하는 사업이나 사업장은 그러하지 아니하다
B13: 건설공사 120억 이상 | C13: 모든 직종 모든 사업장 | D13: 토목공사 150억 이상 | E13: 작업하는 관계수급인 | J13: 1. 도급인과 수급인을 구성원으로 하는 안전 및 보건에 관한 협의체의 구성 및 운영 | U13: 하여야 한다. | AG13: 체”라 한다)를 대통령령으로 정하는 바에 따라 구성ㆍ운영할 수 있다. | AS13: ② 하나의 사업에 지역을 달리하는 사업장이 있을 경우에는 그 사업장에도 설치할 수 있다.
A14: 대상 | B14: 토목공사 150억 이상 | E14: 발생시 | J14: 2. 작업장 순회점검 | AF14: ② 건설공사도급인이 제1항에 따라 노사협의체를 구성ㆍ운영하는 경우에는 산업안전보건
B15: 농,어,서비스 300인 이상 | J15: 3. 관계수급인이 근로자에게 하는 제29조제1항부터 제3항까지의 규정에 따른 안전보건 | AG15: 위원회 및 제64조제1항제1호에 따른 안전 및 보건에 관한 협의체를 각각 구성ㆍ운영하는 | AR15: 제6조(협의회의 구성)
A16: 실시주기 | B16: 분기 | C16: 분기 | D16: 2개월 | E16: 매월 | K16: 교육을 위한 장소 및 자료의 제공 등 지원 | AG16: 것으로 본다. | AS16: ① 협의회는 근로자와 사용자를 대표하는 같은 수의 위원으로 구성하되, 각 3명 이상 10명
B17: 가. 사용자위원 | C17: 가. 회사측 | D17: 가. 사용자위원 | E17: 가. 도급인측 | J17: 4. 관계수급인이 근로자에게 하는 제29조제3항에 따른 안전보건교육의 실시 확인 | T17: 산업안전보건법 시행령 | AF17: ③ 제1항에 따라 노사협의체를 구성ㆍ운영하는 건설공사도급인은 제24조제2항 각 호의 사 | AT17: 이하로 한다.
B18: 1. 대표자 | C18: 1. 3~10인 | D18: 1. 대표자 | E18: 1. 대표자 | J18: 5. 다음 각 목의 어느 하나의 경우에 대비한 경보체계 운영과 대피방법 등 훈련 | T18: 제34조(산업안전보건위원회 구성 대상) | AG18: 항에 대하여 노사협의체의 심의ㆍ의결을 거쳐야 한다. 이 경우 노사협의체에서 의결되지 | AS18: ② 근로자를 대표하는 위원은 근로자가 선출하되, 근로자의 과반수로 조직된 노동조합이
B19: 2. 안전관리자 | D19: 2. 안전관리자 | E19: 2. 안전관리자 | K19: 가. 작업 장소에서 발파작업을 하는 경우 | U19: 산업안전보건위원회를 구성해야 할 사업의 종류 및 사업장의 상시근로자 수는 별표 9 | AG19: 아니한 사항의 처리방법은 대통령령으로 정한다. | AT19: 있는 경우에는 노동조합의 대표자와 그 노동조합이 위촉하는 자로 한다.
A20: 구성 | B20: 3. 보건관리자 등 | D20: 3. 보건관리자 | E20: 3. 보건관리자 등 | K20: 나. 작업 장소에서 화재ㆍ폭발, 토사ㆍ구축물 등의 붕괴 또는 지진 등이 발생한 경우 | U20: 와 같다. | AF20: ④ 노사협의체는 대통령령으로 정하는 바에 따라 회의를 개최하고 그 결과를 회의록으로 | AS20: ③ 사용자를 대표하는 위원은 해당 사업이나 사업장의 대표자와 그 대표자가 위촉하는 자
D21: 4. 하도급사 대표 | J21: 6. 위생시설 등 고용노동부령으로 정하는 시설의 설치 등을 위하여 필요한 장소의 제공 | U21: ※ 약식정리 제조업, 광산업 등 상시 근로자 50명이상, 농어업,서비스업 300명이상 | AG21: 작성하여 보존하여야 한다. | AT21: 로 한다.
A22: 인원 | D22: (20억 이상) 등 | K22: 또는 도급인이 설치한 위생시설 이용의 협조 | V22: 건설업 공사금액 120억이상(토목공사업 150억 이상) | AF22: ⑤ 노사협의체는 산업재해 예방 및 산업재해가 발생한 경우의 대피방법 등 고용노동부령
B23: 나. 근로자위원 | C23: 나. 근로자측 | D23: 나. 근로자위원 | E23: 나. 수급인측 | J23: 7. 같은 장소에서 이루어지는 도급인과 관계수급인 등의 작업에 있어서 관계수급인 등의 | AG23: 으로 정하는 사항에 대하여 협의하여야 한다. | AR23: 제12조(회의)
B24: 1. 근로자대표 | C24: 1. 3~10인 | D24: 1. 근로자대표 | E24: 1. 사업주 | K24: 작업시기ㆍ내용, 안전조치 및 보건조치 등의 확인 | T24: 제35조(산업안전보건위원회의 구성) | AF24: ⑥ 노사협의체를 구성ㆍ운영하는 건설공사도급인ㆍ근로자 및 관계수급인ㆍ근로자는 | AS24: ① 협의회는 3개월마다 정기적으로 회의를 개최하여야 한다.
B25: 2. 명예산업안전감독관 | D25: 2. 명예산업안전감독관 | E25: 2. 책임자 | J25: 8. 제7호에 따른 확인 결과 관계수급인 등의 작업 혼재로 인하여 화재ㆍ폭발 등 대통령 | U25: ① 산업안전보건위원회의 근로자위원은 다음 각 호의 사람으로 구성한다. | AG25: 제3항에 따라 노사협의체가 심의ㆍ의결한 사항을 성실하게 이행하여야 한다. | AS25: ② 협의회는 필요에 따라 임시회의를 개최할 수 있다.
D26: 3. 하도급 근로자대표 | E26: 3. 근로자 등 | K26: 령으로 정하는 위험이 발생할 우려가 있는 경우 관계수급인 등의 작업시기ㆍ내용 | V26: 1. 근로자대표 | AF26: ⑦ 노사협의체에 관하여는 제24조제5항 및 제6항을 준용한다. 이 경우 “산업안전보건위
D27: (20억 이상) 등 | K27: 등의 조정 | V27: 2. 명예산업안전감독관이 위촉되어 있는 사업장의 경우 근로자대표가 지명하는 | AG27: 원회”는 “노사협의체”로 본다. | AR27: 제19조(회의록 비치)
A28: 점검 | B28: 필요 | C28: 필요 | D28: 합동점검,순회점검 | E28: 필요 | I28: ② 제1항에 따른 도급인은 고용노동부령으로 정하는 바에 따라 자신의 근로자 및 관계 | W28: 1명 이상의 명예산업안전감독 | AS28: ① 협의회는 다음 각 호의 사항을 기록한 회의록을 작성하여 갖추어 두어야 한다.
B29: 1. 노사협의체를 구성 및 운영하는 경우 산업안전보건위원회와 안전보건협의체 갈음 가능(법제75조제2항) | J29: 수급인 근로자와 함께 정기적으로 또는 수시로 작업장의 안전 및 보건에 관한 점검을 | V29: 3. 근로자대표가 지명하는 9명 이내의 해당 사업장의 근로자 | AT29: 1. 개최 일시 및 장소
A30: 특기 | B30: 2. 노사협의회는 타 기관과 갈음 불가 | J30: 하여야 한다. | U30: ② 산업안전보건위원회의 사용자위원은 다음 각 호의 사람으로 구성한다. | AT30: 2. 출석 위원
A31: 사항 | B31: 3. 법은 건설업과 제조업으로 구분하지 않음. 다만, 건설업종에서는 120억 미만시 안전보건협의체, | I31: ③ 제1항에 따른 안전 및 보건에 관한 협의체 구성 및 운영, 작업장 순회점검, 안전보건교육 | V31: 1. 해당 사업의 대표자 | AT31: 3. 협의 내용 및 의결된 사항
B32: 120억 이상의 현장에서는 노사협의체만 운영해도 적법 | J32: 지원, 그 밖에 필요한 사항은 고용노동부령으로 정한다. | V32: 2. 안전관리자 1명 | AT32: 4. 그 밖의 토의사항
B33: 4. 보건의가 선임된경우 사용자 위원 등록, 20억이하의 관계수급인도 의결을 거쳐 위원등록 가능 | V33: 3. 보건관리자 1명 - 해당시 | AF33: 산업안전보건법 시행령 | AS33: ② 제1항에 따른 회의록은 작성한 날부터 3년간 보존하여야 한다.
A34: 대표자 : 현장대리인 | V34: 4. 산업보건의 - 선임된 경우 | AF34: 제63조 (노사협의체의 설치 대상)
A35: 근로자대표 : 작업반장 등 | V35: 5. 해당 사업의 대표자가 지명하는 9명 이내의 해당 사업장 부서의 장 | AG35: “대통령령으로 정하는 규모의 건설공사”란 공사금액이 120억원이상인 건설공사를 말한다.
H36: 산업안전보건법 시행령 | AH36: ( 토목공사업은 150억원)
H37: 제79조(협의체의 구성 및 운영) | T37: 제36조(산업안전보건위원회의 위원장) | AR37: 근로자참여 및 협력증진에 관한 법률 시행령
I38: ① 법 제64조제1항제1호에 따른 안전 및 보건에 관한 협의체는 도급인 및 그의 수급인 전원 | U38: 산업안전보건위원회의 위원장은 위원 중에서 호선(互選)한다. | AF38: 제64조 (노사협의체의 구성) | AR38: 제3조(근로자위원의 선출)
J39: 으로 구성해야 한다. | U39: 이 경우 근로자위원과 사용자위원 중 각 1명을 공동위원장으로 선출할 수 있다. | AG39: ① 노사협의체는 다음 각 호에 따라 근로자위원과 사용자위원으로 구성한다. | AS39: ① 법 제6조제2항 및 제4항에 따라 근로자의 과반수로 구성된 노동조합이 조직되어 있지
I40: ② 협의체는 다음 각 호의 사항을 협의해야 한다. | AH40: 1. 근로자위원 | AT40: 아니한 사업 또는 사업장의 근로자위원은 근로자의 직접ㆍ비밀ㆍ무기명투표로 선출
J41: 1. 작업의 시작 시간 | T41: 제37조(산업안전보건위원회의 회의 등) | AI41: 가. 도급 또는 하도급 사업을 포함한 전체 사업의 근로자대표 | AT41: 한다. 다만, 사업 또는 사업장의 특수성으로 인하여 부득이하다고 인정되는 경우에는
J42: 2. 작업 또는 작업장 간의 연락방법 | U42: ① 산업안전보건위원회의 회의는 정기회의와 임시회의로 구분하되, 정기회의는 분기마다 | AI42: 나. 근로자대표가 지명하는 명예산업안전감독관 1명. 다만, 명예산업안전감독관이 | AT42: 작업 부서별로 근로자 수에 비례하여 근로자위원을 선출할 근로자(이하 이 조에서
J43: 3. 재해발생 위험이 있는 경우 대피방법 | V43: 산업안전보건위원회의 위원장이 소집하며, 임시회의는 위원장이 필요하다고 인정할 | AJ43: 위촉되어 있지 않은 경우에는 근로자대표가 지명하는 해당 사업장 근로자 1명 | AT43: “위원선거인”이라 한다)를 선출하고 위원선거인 과반수의 직접ㆍ비밀ㆍ무기명투표로
J44: 4. 작업장에서의 법 제36조에 따른 위험성평가의 실시에 관한 사항 | V44: 때에 소집한다. | AI44: 다. 공사금액이 20억원 이상인 공사의 관계수급인의 각 근로자대표 | AT44: 근로자위원을 선출할 수 있다.
J45: 5. 사업주와 수급인 또는 수급인 상호 간의 연락 방법 및 작업공정의 조정 | U45: ② 회의는 근로자위원 및 사용자위원 각 과반수의 출석으로 개의(開議)하고 출석위원 과반 | AH45: 2. 사용자위원 | AS45: ② 근로자위원 선출에 입후보하려는 자는 해당 사업이나 사업장의 근로자여야 하며, 해당
I46: ③ 협의체는 매월 1회 이상 정기적으로 회의를 개최하고 그 결과를 기록ㆍ보존해야 한다. | V46: 수의 찬성으로 의결한다. | AI46: 가. 도급 또는 하도급 사업을 포함한 전체 사업의 대표자 | AT46: 사업 또는 사업장의 근로자 10명 이상의 추천을 받아야 한다.
U47: ③ 근로자대표, 명예산업안전감독관, 해당 사업의 대표자, 안전관리자 또는 보건관리자는 | AI47: 나. 안전관리자 1명
H48: 제80조(도급사업 시의 안전ㆍ보건조치 등) | V48: 회의에 출석할 수 없는 경우에는 해당 사업에 종사하는 사람 중에서 1명을 지정하여 | AI48: 다. 보건관리자 1명-해당시
I49: ① 도급인은 법 제64조제1항제2호에 따른 작업장 순회점검을 다음 각 호의 구분에 따라 | V49: 위원으로서의 직무를 대리하게 할 수 있다. | AI49: 라. 공사금액이 20억원 이상인 공사의 관계수급인의 각 대표자
J50: 실시해야 한다. | U50: ④ 산업안전보건위원회는 다음 각 호의 사항을 기록한 회의록을 작성하여 갖추어 두어야 | AG50: ② 노사협의체의 근로자위원과 사용자위원은 합의하여 노사협의체에 공사금액이 20억원
J51: 1. 다음 각 목의 사업: 2일에 1회 이상 | V51: 한다. | AI51: 미만인 공사의 관계수급인 및 관계수급인 근로자대표를 위원으로 위촉할 수 있다.
K52: 가. 건설업 | O52: 라. 서적, 잡지 및 기타 인쇄물 출판업 | V52: 1. 개최 일시 및 장소 | AA52: 3. 심의 내용 및 의결ㆍ결정 사항
K53: 나. 제조업 | O53: 마. 음악 및 기타 오디오물 출판업 | V53: 2. 출석위원 | AA53: 4. 그 밖의 토의사항 | AF53: 제65조 노사협의체의 운영 등
K54: 다. 토사석 광업 | O54: 바. 금속 및 비금속 원료 재생업 | AG54: ① 노사협의체의 회의는 정기회의와 임시회의로 구분하여 개최하되, 정기회의는
J55: 2. 제1호 각 목의 사업을 제외한 사업: 1주일에 1회 이상 | Y55: 구분 | Z55: 근로자위원 | AB55: 사용자위원 | AH55: 2개월마다 노사협의체의 위원장이 소집하며, 임시회의는 위원장이 필요하다고
I56: ② 관계수급인은 제1항에 따라 도급인이 실시하는 순회점검을 거부ㆍ방해 또는 기피해서는 | Z56: 근로자대표 | AB56: 현장대리인 | AH56: 인정할 때에 소집한다.
J57: 안 되며 점검 결과 도급인의 시정요구가 있으면 이에 따라야 한다. | Y57: 근로자위원 | Z57: 명예산업안전감독관 | AB57: 안전관리자 | AG57: ② 노사협의체 위원장의 선출, 노사협의체의 회의, 노사협의체에서 의결되지 않은
I58: ③ 도급인은 법 제64조제1항제3호에 따라 관계수급인이 실시하는 근로자의 안전ㆍ보건 | Y58: 사용자위원 | Z58: 근로자대표가 지명하는 | AB58: 보건관리자 | AH58: 사항에 대한 처리방법 및 회의 결과 등의 공지에 관하여는 각각 제36조, 제37조
J59: 교육에 필요한 장소 및 자료의 제공 등을 요청받은 경우 협조해야 한다. | Y59: 같은 수로 | Z59: 근로자(9명이내) | AB59: 산업보건의 | AH59: 제2항부터 제4항까지, 제38조 및 제39조를 준용한다. 이 경우 “산업안전보건위
Y60: 구성/운영 | AB60: 현장대리인이 지명하는 | AH60: 원회”는 “노사협의체”로 본다.
H61: 제82조(도급사업의 합동 안전ㆍ보건점검) | AB61: 부서장(9명이내)
I62: ① 법 제64조제2항에 따라 도급인이 작업장의 안전 및 보건에 관한 점검을 할 때에는 다음 | AK62: 구분 | AL62: 근로자위원 | AN62: 사용자위원
J63: 각 호의 사람으로 점검반을 구성해야 한다. | AK63: 근로자위원 | AL63: 근로자대표 | AN63: 사업대표(현장대리인)
J64: 1. 도급인(같은 사업 내에 지역을 달리하는 사업장이 있는 경우에는 그 사업장의 안전 | AK64: 사용자위원 | AL64: 명예산업안전감독관 | AN64: 안전관리자
K65: 보건관리책임자) | AK65: 같은 수로 | AL65: 대표가 지명하는 근로자 | AN65: 보건관리자
J66: 2. 관계수급인(같은 사업 내에 지역을 달리하는 사업장이 있는 경우에는 그 사업장의 | AK66: 구성/운영 | AL66: 20억↑ 근로자대표 | AN66: 20억↑ 하도급대리인
K67: 안전보건관리책임자)
J68: 3. 도급인 및 관계수급인의 근로자 각 1명(관계수급인의 근로자의 경우에는 해당 공정만
K69: 해당한다)
I70: ② 법 제64조제2항에 따른 정기 안전ㆍ보건점검의 실시 횟수는 다음 각 호의 구분에 따른다.
J71: 1. 다음 각 목의 사업: 2개월에 1회 이상
K72: 가. 건설업
K73: 나. 선박 및 보트 건조업
J74: 2. 제1호의 사업을 제외한 사업: 분기에 1회 이상

Sheet 교육시간
A1: ■산업안전보건법 시행규칙 [별표 4] | O1: 메인화면 | P1: 산안법 | Q1: 과태료
A2: 안전보건교육 교육과정별 교육시간(제26조제1항 등 관련)
A4: 1. 근로자 안전보건교육(제26조제1항, 제28조제1항 관련)
A5: 교육과정 | B5: 교육대상 | E5: 교육시간 | H5: 산업안전보건법
A6: 가. 정기교육 | B6: 사무직 종사 근로자 | E6: 매분기 3시간 이상 | H6: 제29조(근로자에 대한 안전보건교육)
B7: 사무직 종사 근로자 | C7: 판매업무에 직접종사하는 근로자 | E7: 매분기 3시간 이상 | I7: ① 사업주는 소속 근로자에게 고용노동부령으로 정하는 바에 따라 정기적으로 안전보건교육을 하여야 한다.
B8: 외의 근로자 | C8: 판매업무에 직접종사하는 근로자 외의 근로자 | E8: 매분기 6시간 이상 | I8: ② 사업주는 근로자를 채용할 때와 작업내용을 변경할 때에는 그 근로자에게 고용노동부령으로 정하는 바에 따라
B9: 관리감독자 지위에 있는 사람 | E9: 연간 16시간 이상 | J9: 해당 작업에 필요한 안전보건교육을 하여야 한다. 다만, 제31조제1항에 따른 안전보건교육을 이수한 건설
A10: 나. 채용 시 교육 | B10: 일용근로자 | E10: 1시간 이상 | J10: 일용근로자를 채용하는 경우에는 그러하지 아니하다.
B11: 일용근로자를 제외한 근로자 | E11: 8시간 이상 | I11: ③ 사업주는 근로자를 유해하거나 위험한 작업에 채용하거나 그 작업으로 작업내용을 변경할 때에는 제2항에 따른
A12: 다. 작업내용 | B12: 일용근로자 | E12: 1시간 이상 | J12: 안전보건교육 외에 고용노동부령으로 정하는 바에 따라 유해하거나 위험한 작업에 필요한 안전보건교육을
A13: 변경 시 교육 | B13: 일용근로자를 제외한 근로자 | E13: 2시간 이상 | J13: 추가로 하여야 한다.
A14: 라. 특별교육 | B14: 별표5 제1호라목의 어느 하나에 해당하는 작업자 | E14: 2시간 이상 | I14: ④ 사업주는 제1항부터 제3항까지의 규정에 따른 안전보건교육을 제33조에 따라 고용노동부장관에게 등록한
B15: 별표5 제1호라목 제39조 타워크레인 신호작업에 종사하는 작업자 | E15: 8시간 이상 | J15: 안전보건교육기관에 위탁할 수 있다.
A16: 마. 건설업 기초 안전,보건교육 | C16: 건설 일용근로자 | E16: 4시간 이상
A18: 2. 안전보건관리책임자 등에 대한 교육(제29조제2항 관련) | H18: 산업안전보건법 시행규칙
A19: 교육대상 | C19: 교 육 시 간 | E19: 비 고 | H19: 제26조(교육시간 및 교육내용)
C20: 신 규 교 육 | D20: 보 수 교 육 | I20: ① 법 제29조제1항부터 제3항까지의 규정에 따라 사업주가 근로자에게 실시해야 하는 안전보건교육의 교육시간은
A21: 가. 안전보건관리책임자 | C21: 6시간 이상 | D21: 6시간 이상 | J21: 별표 4와 같고, 교육내용은 별표 5와 같다. 이 경우 사업주가 법 제29조제3항에 따른 유해하거나 위험한 작업에
A22: 나. 안전보건관리담당자 | C22: - | D22: 8시간 이상 | J22: 필요한 특별안전보건교육을 실시한 때에는 해당 근로자에 대하여 법 제29조제2항에 따라 채용랄 때 해야 하는
A23: 다. 안전관리자,보건관리자 | C23: 34시간이상 | D23: 24시간이상 | J23: 채용 시 교육 및 작업내용을 변경할 때 해야 하는 작업내용 변경 교육을 실시한 것으로 본다.
A24: 안전.보건관리 전문기관 종사자) | C24: 선임 후 3개월이내 | D24: 2년 이전 90일 이내 | I24: ② 제1항에 따른 교육을 실시하기 위한 교육방법과 그 밖에 교육에 필요한 사항은 고용노동부장관이 정하여 고시한다. | V24: 고시 : 안전보건교육규정 참조
I25: ③ 사업주가 법 제29조제1항부터 제3항까지의 규정에 따른 안전보건교육을 자체적으로 실시하는 경우에 교육을 할
A26: 3. 안전보건교육 미실시 과태료 | J26: 수 있는 사람은 다음 각 호의 어느 하나에 해당하는 사람으로 한다.
A27: 구 분 | C27: 1차 | D27: 2차 | E27: 3차 | J27: 1. 다음 각 목의 어느 하나에 해당하는 사람
A28: 근로자 정기교육 미실시(1명당) | C28: 10만원 | D28: 20만원 | E28: 50만원 | K28: 가. 법 제15조제1항에 따른 안전보건관리책임자
A29: 관리감독자 정기요육미실시 | C29: 50만원 | D29: 250만원 | E29: 500만원 | K29: 나. 법 제16조제1항에 따른 관리감독자
A30: 채용시교육, 작업내용 변경교육 미실시 | C30: 10만원 | D30: 20만원 | E30: 50만원 | K30: 다. 법 제17조제1항에 따른 안전관리자
A31: 특별안전보건교육 미실시 | C31: 50만원 | D31: 100만원 | E31: 150만원 | K31: 라. 법 제18조제1항에 따른 보건관리자
A32: 건설업기초안전보건교육 미실시 | C32: 10만원 | D32: 20만원 | E32: 50만원 | K32: 마. 법 제19조제1항에 따른 안전보건관리담당자
A33: 안전보건관리 책임자 | C33: 500만원 | D33: 500만원 | E33: 500만원 | K33: 바. 법 제22조제1항에 따른 산업보건의
A34: 안전관리자, 보건관리자 | C34: 500만원 | D34: 500만원 | E34: 500만원 | J34: 2. 공단에서 실시하는 해당 분야의 강사요원 교육과정을 이수한 사람
A35: ※ 5년 이내에 교육 미실시한 경우 누적관리 됩니다. | J35: 3. 법 제142조에 따른 산업안전지도사 또는 산업보건지도사(이하 “지도사”라 한다)
J36: 4. 산업안전보건에 관하여 학식과 경험이 있는 사람으로서 고용노동부장관이 정하는 기준에 해당하는 사람

Sheet 교육내용
A1: ■ 산업안전보건법 시행규칙 [별표 5] | M1: 메인화면 | N1: 산안법 | O1: 과태료
A2: 안전보건교육 교육대상별 교육내용(제26조제1항 등 관련)
A4: 1. 근로자 안전보건교육(제26조제1항 관련)
A5: 가. 근로자 정기교육
A6: 교육내용
A7: ○ 산업안전 및 사고 예방에 관한 사항
A8: ○ 산업보건 및 직업병 예방에 관한 사항
A9: ○ 건강증진 및 질병 예방에 관한 사항
A10: ○ 유해·위험 작업환경 관리에 관한 사항
A11: ○ 산업안전보건법령 및 산업재해보상보험 제도에 관한 사항
A12: ○ 직무스트레스 예방 및 관리에 관한 사항
A13: ○ 직장 내 괴롭힘, 고객의 폭언 등으로 인한 건강장해 예방 및 관리에 관한 사항
A15: 나. 관리감독자 정기교육
... A45: 라. 특별교육 대상 작업별 교육
A46: 작업명 | E46: 교육내용
A47: <공통내용>
A48: 제1호부터 제39호까지의 작업 | E48: 다목과 같은 내용
A49: <개별내용>
A50: 1. 고압실 내 작업(잠함공법이나 | E50: ○ 고기압 장해의 인체에 미치는 영향에 관한 사항
A51: 그 밖의 압기공법으로 대기압을 | E51: ○ 작업의 시간·작업 방법 및 절차에 관한 사항
A52: 넘는 기압인 작업실 또는 수갱 내 | E52: ○ 압기공법에 관한 기초지식 및 보호구 착용에 관한 사항
A53: 부에서 하는 작업만 해당한다) | E53: ○ 이상 발생 시 응급조치에 관한 사항
E54: ○ 그 밖에 안전·보건관리에 필요한 사항
A55: 2. 아세틸렌 용접장치 또는 가스 | E55: ○ 용접 흄, 분진 및 유해광선 등의 유해성에 관한 사항
A56: 집합 용접장치를 사용하는 금속 | E56: ○ 가스용접기, 압력조정기, 호스 및 취관두(불꽃이 나오는 용접기의 앞부분) 등의 기기점검에 관한 사항
A57: 의 용접·용단 또는 가열작업(발생 | E57: ○ 작업방법·순서 및 응급처치에 관한 사항
A58: 기·도관 등에 의하여 구성되는 용 | E58: ○ 안전기 및 보호구 취급에 관한 사항
A59: 접장치만 해당한다) | E59: ○ 화재예방 및 초기대응에 관한사항
E60: ○ 그 밖에 안전·보건관리에 필요한 사항
A61: 3. 밀폐된 장소(탱크 내 또는 환 | E61: ○ 작업순서, 안전작업방법 및 수칙에 관한 사항
A62: 기가 극히 불량한 좁은 장소 | E62: ○ 환기설비에 관한 사항
A63: 를 말한다)에서 하는 용접작 | E63: ○ 전격 방지 및 보호구 착용에 관한 사항
A64: 업 또는 습한 장소에서 하는 | E64: ○ 질식 시 응급조치에 관한 사항
A65: 전기용접 작업 | E65: ○ 작업환경 점검에 관한 사항
E66: ○ 그 밖에 안전·보건관리에 필요한 사항
A67: 4. 폭발성·물반응성·자기반응성· | E67: ○ 폭발성·물반응성·자기반응성·자기발열성 물질, 자연발화성 액체·고체 및 인화성 액체의 성질이나 상태에 관한 사항
A68: 자기발열성 물질, 자연발화 | E68: ○ 폭발 한계점, 발화점 및 인화점 등에 관한 사항
A69: 성 액체·고체 및 인화성 액 | E69: ○ 취급방법 및 안전수칙에 관한 사항
A70: 체의 제조 또는 취급작업(시 | E70: ○ 이상 발견 시의 응급처치 및 대피 요령에 관한 사항
A71: 험연구를 위한 취급작업은 | E71: ○ 화기·정전기·충격 및 자연발화 등의 위험방지에 관한 사항
A72: 제외한다) | E72: ○ 작업순서, 취급주의사항 및 방호거리 등에 관한 사항
E73: ○ 그 밖에 안전·보건관리에 필요한 사항
A74: 5. 액화석유가스·수소가스 등 인 | E74: ○ 취급가스의 상태 및 성질에 관한 사항
A75: 화성 가스 또는 폭발성 물질 | E75: ○ 발생장치 등의 위험 방지에 관한 사항
A76: 중 가스의 발생장치 취급 작 | E76: ○ 고압가스 저장설비 및 안전취급방법에 관한 사항
A77: 업 | E77: ○ 설비 및 기구의 점검 요령
E78: ○ 그 밖에 안전·보건관리에 필요한 사항
A79: 6. 화학설비 중 반응기, 교반기· | E79: ○ 각 계측장치의 취급 및 주의에 관한 사항
A80: 추출기의 사용 및 세척작업 | E80: ○ 투시창·수위 및 유량계 등의 점검 및 밸브의 조작주의에 관한 사항
E81: ○ 세척액의 유해성 및 인체에 미치는 영향에 관한 사항
E82: ○ 작업 절차에 관한 사항
E83: ○ 그 밖에 안전·보건관리에 필요한 사항
A84: 7. 화학설비의 탱크 내 작업 | E84: ○ 차단장치·정지장치 및 밸브 개폐장치의 점검에 관한 사항
E85: ○ 탱크 내의 산소농도 측정 및 작업환경에 관한 사항
E86: ○ 안전보호구 및 이상 발생 시 응급조치에 관한 사항
E87: ○ 작업절차·방법 및 유해·위험에 관한 사항
E88: ○ 그 밖에 안전·보건관리에 필요한 사항
A89: 8. 분말·원재료 등을 담은 호퍼 | E89: ○ 분말·원재료의 인체에 미치는 영향에 관한 사항
A90: (하부가 깔대기 모양으로 된 | E90: ○ 저장탱크 내부작업 및 복장보호구 착용에 관한 사항
A91: 저장통)·저장창고 등 저장탱 | E91: ○ 작업의 지정·방법·순서 및 작업환경 점검에 관한 사항
A92: 크의 내부작업 | E92: ○ 팬·풍기(風旗) 조작 및 취급에 관한 사항
E93: ○ 분진 폭발에 관한 사항
E94: ○ 그 밖에 안전·보건관리에 필요한 사항
A95: 9. 다음 각 목에 정하는 설비에 | E95: ○ 건조설비 내외면 및 기기기능의 점검에 관한 사항
A96: 의한 물건의 가열·건조작업 | E96: ○ 복장보호구 착용에 관한 사항
A97: 가. 건조설비 중 위험물 등에 | E97: ○ 건조 시 유해가스 및 고열 등이 인체에 미치는 영향에 관한
A98: 관계되는 설비로 속부피가 | E98: 사항
A99: 1세제곱미터 이상인 것 | E99: ○ 건조설비에 의한 화재·폭발 예방에 관한 사항
A100: 나. 건조설비 중 가목의 위험
A101: 물 등 외의 물질에 관계되
A102: 는 설비로서, 연료를 열원
A103: 으로 사용하는 것(그 최대
A104: 연소소비량이 매 시간당
A105: 10킬로그램 이상인 것만
A106: 해당한다) 또는 전력을 열
A107: 원으로 사용하는 것(정격소
A108: 비전력이 10킬로와트 이상
A109: 인 경우만 해당한다)
A110: 10. 다음 각 목에 해당하는 집 | E110: ○ 기계의 브레이크 비상정지장치 및 운반경로, 각종 기능 점검에 관한 사항
A111: 재장치(집재기·가선·운반기구· | E111: ○ 작업 시작 전 준비사항 및 작업방법에 관한 사항
A112: 지주 및 이들에 부속하는 물 | E112: ○ 취급물의 유해·위험에 관한 사항
A113: 건으로 구성되고, 동력을 사 | E113: ○ 구조상의 이상 시 응급처치에 관한 사항
A114: 용하여 원목 또는 장작과 숯 | E114: ○ 그 밖에 안전·보건관리에 필요한 사항
A115: 을 담아 올리거나 공중에서
A116: 운반하는 설비를 말한다)의
A117: 조립, 해체, 변경 또는 수리작
A118: 업 및 이들 설비에 의한 집재
A119: 또는 운반 작업
A120: 가. 원동기의 정격출력이 7.5
A121: 킬로와트를 넘는 것
A122: 나. 지간의 경사거리 합계가
A123: 350미터 이상인 것
A124: 다. 최대사용하중이 200킬로
A125: 그램 이상인 것
A126: 11. 동력에 의하여 작동되는 프 | E126: ○ 프레스의 특성과 위험성에 관한 사항
A127: 레스기계를 5대 이상 보유한 | E127: ○ 방호장치 종류와 취급에 관한 사항
A128: 사업장에서 해당 기계로 하는 | E128: ○ 안전작업방법에 관한 사항
A129: 작업 | E129: ○ 프레스 안전기준에 관한 사항
E130: ○ 그 밖에 안전·보건관리에 필요한 사항
A131: 12. 목재가공용 기계[둥근톱기 | E131: ○ 목재가공용 기계의 특성과 위험성에 관한 사항
...

Sheet 진흥법과태료
A1: 「건설기술진흥법」위반 시 주요 과태료 부과 기준 | M1: 메인화면
J2: Click Me~! | N2: 별표26 행정처분까지 정리하여 파일 완성
A3: 「건설기술진흥법 시행령 별표11」 | H3: [3년간 누적관리] | J3: 필독~! | M3: 산업안전보건기준
A4: 위 반 내 용 | C4: 법 조 문 (법 제91조) | D4: 세 부 내 용 | F4: 과 태 료(만원)
F5: 1차위반 | G5: 2차위반 | H5: 3차이상
A6: 1) | B6: =진20 -> 제20조(건설기술인의 육성) | C6: 제3항제1호 | D6: 1) | E6: 교육ㆍ훈련을 정당한 사유 없이 받지 않은 경우 | F6: 50 | G6: 50 | H6: 50
B7: 제2항(기술인의 교육ㆍ훈련 의무)를 위반한 경우 | K7: 제1장 총칙
B8: 제3항(교육ㆍ훈련 경비 부담 의무)를 위반한 경우 | C8: 제3항제2호 | D8: 2) | E8: 경비를 부담하지 않은 경우 | F8: 50 | G8: 50 | H8: 50
D9: 3) | E9: 경비부담을 이유로 건설기술인에게 불이익을 준 경우 | L9: 제1조(목적)
A10: 2) | B10: =진21 -> 제21조(건설기술인의 신고) | C10: 제3항제3호 | D10: 1) | E10: 자료를 제출하지 않은 경우 | F10: 150 | G10: 225 | H10: 300 | M10: 이 법은 건설기술의 연구ㆍ개발을 촉진하여 건설기술 수준을 향상시키고 이를 바탕으로 관련 산업을 진흥하여 건설공사가 적정하게 시행되도록 함과 아울러 건설공사의 품질을 높이고 안전을 확보함으로써 공공복리의 증진과 국민경제의 발전에 이바지함을 목적으로 한다.
B11: 제3항(경력 확인자료 제출 의무)를 위반한 경우 | D11: 2) | E11: 거짓으로 자료를 제출한 경우
A12: 3) | B12: =진222 -> 제22조의2(건설기술인의 업무수행 등) | C12: 제2항제1호 | D12: 1) | E12: 설계 및 시방에 없는 부당한 요구를 한 경우 | F12: 300 | G12: 500 | H12: 1000 | L12: 제2조(정의)
B13: 제2항(부당한 작업지시 금지 의무)를 위반한 경우 | D13: 2) | E13: 부당한 요구를 응하지 않은 건설기술인에게 불이익을 준 경우 | M13: 이 법에서 사용하는 용어의 뜻은 다음과 같다.
A14: 4) | B14: =진24 -> 제24조(건설기술인의 업무정지 등) | C14: 제3항제4호 | D14: 1) | E14: 건설기술경력증을 반납하지 않은 경우 | F14: 50 | G14: 50 | H14: 50 | M14: 1. “건설공사”란 「건설산업기본법」 제2조제4호에 따른 건설공사를 말한다.
B15: 제4항(건설기술경력증 반납 규정)을 위반한 경우 | M15: 2. “건설기술”이란 다음 각 목의 사항에 관한 기술을 말한다. 다만, 「산업안전보건법」에서 근로자의 안전에 관하여 따로 정하고 있는 사항은 제외한다.
A16: 5) | B16: =진26 -> 제26조(건설엔지니어링업의 등록 등) | D16: 1) | E16: 변경등록을 하지 않거나 거짓으로 변경등록을 한 경우 | M16: 가. 건설공사에 관한 계획ㆍ조사(지반조사 포함)ㆍ설계(「건축사법」 제2조제3호에 따른 설계 제외)ㆍ시공ㆍ감리ㆍ시험ㆍ평가ㆍ측량(해양조사 포함)ㆍ자문ㆍ지도ㆍ품질관리ㆍ안전점검 및 안전성 검토
B17: 제3항(변경사항 수정 등록 의무)를 위반한 경우 | D17: 가. | E17: 변경등록 지연기간이 1개월 미만인 경우 | F17: 10 | G17: 10 | H17: 10 | M17: 나. 시설물의 운영ㆍ검사ㆍ안전점검ㆍ정밀안전진단ㆍ유지ㆍ관리ㆍ보수ㆍ보강 및 철거
C18: 제3항제5호 | D18: 나. | E18: 변경등록 지연기간이 1개월 이상 3개월 미만인 경우 | F18: 30 | G18: 30 | H18: 30 | M18: 다. 건설공사에 필요한 물자의 구매와 조달
D19: 다. | E19: 지연기간이 3개월 이상이거나 변경등록을 하지 않은 경우 | F19: 50 | G19: 50 | H19: 50 | M19: 라. 건설장비의 시운전
D20: 라. | E20: 변경등록을 거짓으로 한 경우 | F20: 200 | G20: 200 | H20: 200 | M20: 마. 건설사업관리
B21: 제4항(휴업,폐업신고 의무)를 위반한 경우 | D21: 2) | E21: 휴업 또는 폐업 신고를 하지 않은 경우 | M21: 바. 그 밖에 건설공사에 관한 사항으로서 대통령령으로 정하는 사항
C22: 제3항제6호 | D22: 가. | E22: 변경등록 지연기간이 1개월 미만인 경우 | F22: 10 | G22: 10 | H22: 10 | M22: 3. “건설엔지니어링”이란 다른 사람의 위탁을 받아 건설기술에 관한 업무를 수행하는 것을 말한다. 다만, 건설공사의 시공 및 시설물의 보수ㆍ철거 업무는 제외한다.
D23: 다. | E23: 변경등록 지연기간이 1개월 이상 3개월 미만인 경우 | F23: 30 | G23: 30 | H23: 30 | M23: 4. “건설사업관리”란 「건설산업기본법」 제2조제8호에 따른 건설사업관리를 말한다.
D24: 다. | E24: 지연기간이 3개월 이상이거나 변경등록을 하지 않은 경우 | F24: 50 | G24: 50 | H24: 50 | M24: 5. “감리”란 건설공사가 관계 법령이나 기준, 설계도서 또는 그 밖의 관계 서류 등에 따라 적정하게 시행될 수 있도록 관리하거나 시공관리ㆍ품질관리ㆍ안전관리 등에 대한 기술지도를 하는 건설사업관리 업무를 말한다.
A25: 6) | B25: =진29 -> 제29조(건설엔지니어링사업자의 영업 양도 등) | D25: 1) | E25: 영업 양도 또는 합병 신고를 하지 않은 경우 | M25: 6. “발주청”이란 건설공사 또는 건설엔지니어링을 발주하는 국가, 지방자치단체, 「공공기관의 운영에 관한 법률」 제5조에 따른 공기업ㆍ준정부기관, 「지방공기업법」에 따른 지방공사ㆍ지방공단, 그 밖에 대통령령으로 정하는 기관의 장을 말한다.
B26: 제1항(영업 양도 및 합병 신고 의무)를 위반한 경우 | C26: 제3항제7호 | D26: 가. | E26: 신고 지연기간이 1개월 미만인 경우 | F26: 100 | G26: 100 | H26: 100 | M26: 7. “건설사업자”란 「건설산업기본법」 제2조제7호에 따른 건설사업자를 말한다.
D27: 다. | E27: 신고 지연기간이 1개월 이상 3개월 미만인 경우 | F27: 200 | G27: 200 | H27: 200 | M27: 8. “건설기술인”이란 「국가기술자격법」 등 관계 법률에 따른 건설공사 또는 건설엔지니어링에 관한 자격, 학력 또는 경력을 가진 사람으로서 대통령령으로 정하는 사람을 말한다.
D28: 다. | E28: 신고 지연기간이 3개월 이상이거나 신고를 하지 않은 경우 | F28: 300 | G28: 300 | H28: 300 | M28: 9. “건설엔지니어링사업자”란 건설엔지니어링을 영업의 수단으로 하려는 자로서 제26조에 따라 등록한 자를 말한다.
A29: 7) | B29: =진31 -> 제31조(건설엔지니어링사업자의 등록취소 등) | C29: 제3항제8호 | D29: 1) | E29: 영업정지기간에 건설엔지니어링 업무를 수행한 경우 | F29: 300 | G29: 300 | H29: 300 | M29: 10. “건설사고”란 건설공사를 시행하면서 대통령령으로 정하는 규모 이상의 인명피해나 재산피해가 발생한 사고를 말한다.
B30: 제1항,제2항(영업정지)를 위반한 경우 | M30: 11. “지반조사”란 건설공사 대상 지역의 지질구조 및 지반상태, 토질 등에 관한 정보를 획득할 목적으로 수행하는 일련의 행위를 말한다.
B31: 제3항(영업정지기간 중 상호변경)를 위반한 경우 | D31: 2) | E31: 영업정지기간에 상호를 바꾸어 건설공사를 수주한 경우 | M31: 12. “무선안전장비”란 「전파법」 제2조제1항제5호에 따른 무선설비 및 같은 법 제2조제1항제5호의2에 따른 무선통신을 이용하여 건설사고의 위험을 낮추는 기능을 갖춘 장비를 말한다.
C32: 제3항제9호 | D32: 가. | E32: 수주 건수가 1건인 경우 | F32: 50 | G32: 50 | H32: 50
D33: 다. | E33: 수주 건수가 2건 이상인 경우 | F33: 100 | G33: 100 | H33: 100 | L33: 제3조(건설기술진흥 기본계획)
A34: 8) | B34: =MID(진33,1,23) -> 제33조(등록취소처분 등을 받은 건설엔지니 | D34: 1) | E34: 등록취소처분 등을 받은 사실과 그 내용을 해당 건설 | M34: ① 국토교통부장관은 건설기술의 연구ㆍ개발을 촉진하고 그 성과를 효율적으로 이용하며 관련 산업의 진흥을 도모하기 위하여 건설기술진흥 기본계획을 5년마다 수립하여야 한다.
B35: =MID(진33,24,23) -> 어링사업자의 업무 계속) | C35: 제3항제10호 | E35: 엔지니어링의 발주자에게 통지하지 않은 경우 | F35: 300 | G35: 300 | H35: 300 | M35: ② 기본계획에는 다음 각 호의 사항이 포함되어야 한다.
B36: 제1항(등록취소처분 통지 의무)를 위반한 경우 | M36: 1. 건설기술 진흥의 기본목표 및 추진방향
A37: 9) | B37: =진38 -> 제38조(건설엔지니어링사업자의 지도ㆍ감독 등) | C37: 제3항제11호 | D37: 1) | E37: 지도ㆍ감독을 위하여 필요한 업무의 보고를 하지 않거나 | F37: 100 | G37: 150 | H37: 200 | M37: 2. 건설기술의 개발 촉진 및 활용을 위한 시책
B38: 제2항(감독기관에 자료제출 의무)를 위반한 경우 | E38: 관계 자료를 제출하지 않은 경우 | M38: 3. 건설기술에 관한 정보 관리
A39: 10) | B39: =진392 -> 제39조의2(시공단계의 건설사업관리계획 등) | C39: 제1항제1호 | D39: 1) | E39: 건설사업관리계획을 수립하지 않은 경우 | F39: 1000 | G39: 1500 | H39: 2000 | M39: 4. 건설기술인력의 수급ㆍ활용 및 기술능력의 향상
B40: 제1항(건설사업관리계획수립 의무)를 위반한 경우 | M40: 5. 건설기술연구기관의 육성
B41: 제6항(감리,감독의 배치 의무)를 위반한 경우 | C41: 제1항제2호 | D41: 2) | E41: 건설사업관리기술인 또는 공사감독자의 배치 등 이행 전에 | F41: 1000 | G41: 1500 | H41: 2000 | M41: 6. 건설엔지니어링 산업구조의 고도화
E42: 건설공사를 착공하게 하거나 건설공사를 진행하게 한 경우 | M42: 7. 건설엔지니어링의 해외진출 및 국제교류 등의 지원에 관한 사항
A43: 11) | B43: =진50 -> 제50조(건설엔지니어링 및 시공 평가 등) | C43: 제2항제1호의2 | D43: 1) | E43: 평가를 하지 않은 경우 | F43: 500 | G43: 750 | H43: 1000 | M43: 8. 건설엔지니어링사업자의 지원에 관한 사항
B44: 제1항(건축설계 평가 의무)를 위반한 경우 | M44: 9. 건설공사의 환경관리에 관한 사항
A45: 12) | B45: =진54 -> 제54조(건설공사현장 등의 점검) | C45: 제3항제12호 | D45: 1) | E45: 점검결과 및 조치결과를 제출하지 않거나 거짓으로 | F45: 150 | G45: 225 | H45: 300 | M45: 10. 건설공사의 안전관리 및 품질관리에 관한 사항
B46: 제2항(점검후 조치결과 제출 의무)를 위반한 경우 | E46: 제출한 경우 | M46: 11. 그 밖에 건설기술 진흥에 관한 중요 사항
A47: 13) | B47: =진56 -> 제56조(품질관리 비용의 계상 및 집행) | D47: 1) | E47: 품질관리비를 계상하지 않은 경우 | F47: 250 | G47: 375 | H47: 500 | M47: ③ 국토교통부장관은 기본계획을 수립할 때에는 관계 중앙행정기관의 장과 미리 협의한 후 제5조에 따라 국토교통부에 두는 중앙건설기술심의위원회의 심의를 받아야 한다. 기본계획 중 대통령령으로 정하는 내용을 변경하려는 경우에도 같다.
B48: 제1항(품질관리비의 계상 의무)를 위반한 경우 | C48: 제2항제2호 | M48: ④ 관계 행정기관의 장은 기본계획의 연차별 시행계획을 수립하여 국토교통부장관에게 통보하고 시행하여야 한다.
B49: 제2항(품질관리비의 사용 의무)를 위반한 경우 | D49: 2) | E49: 품질관리비를 용도에 맞지 않게 사용한 경우 | F49: 250 | G49: 375 | H49: 500 | M49: ⑤ 제1항부터 제4항까지에서 규정한 사항 외에 기본계획과 시행계획의 수립ㆍ시행에 필요한 사항은 대통령령으로 정한다.
A50: 14) | B50: =진62 -> 제62조(건설공사의 안전관리) | C50: 제3항제13호 | D50: 1) | E50: 전관리계획의 승인 없이 건설사업자 및 주택건설등록업자가 | F50: 150 | G50: 225 | H50: 300 | M50: ⑥ 국토교통부장관은 건설기술의 진흥을 위하여 필요한 경우 건설기술에 관한 정보관리, 건설기술인력 관리, 건설공사의 환경관리ㆍ안전관리ㆍ품질관리 등 건설기술의 각 분야별 기본계획을 수립할 수 있다.
B51: 제1항(안전관리계획 승인 관리 의무)를 위반한 경우 | C51: 제3항제13호 | E51: 착공했음을 알고도 발주자가 묵인한 경우
B52: 제3항(안전관리계획서 제출 의무)를 위반한 경우 | C52: 제3항제14호 | D52: 2) | E52: 서류를 제출하지 않거나 거짓으로 제출한 경우 | F52: 150 | G52: 225 | H52: 300 | L52: 제4조(건설기술과 관련된 중요 정책 등의 조정)
B53: 제5항(안전점검 결과 제출 의무)를 위반한 경우 | M53: 국토교통부장관은 관계 행정기관의 장이 수행하는 건설기술과 관련된 중요 정책사업 및 처분 등이 기본계획의 시행에 지장을 줄 우려가 있다고 인정하면 그 행정기관의 장에게 이를 조정할 것을 요청할 수 있다.
B54: 제8항(종합보고서 제출 의무)를 위반한 경우 | D54: 3) | E54: 보고서를 제출하지 않거나 거짓으로 작성하여 제출한 경우
B55: 제7항(종합보고서 제출 의무)를 위반한 경우 | D55: 가. | E55: 제출 지연기간이 1개월 미만인 경우 | F55: 500 | G55: 500 | H55: 500 | L55: 제5조(건설기술심의위원회)
C56: 제2항제3호 | D56: 나. | E56: 제출 지연기간이 1개월 이상 3개월 미만인 경우 | F56: 750 | G56: 750 | H56: 750 | M56: ① 건설기술의 진흥ㆍ개발ㆍ활용 등 건설기술에 관한 사항을 심의하기 위하여 국토교통부에 중앙건설기술심의위원회를 두고, 특별시ㆍ광역시ㆍ특별자치시ㆍ도 및 특별자치도에 지방건설기술심의위원회를 둔다.
D57: 다. | E57: 제출 지연기간이 3개월 이상 이거나 제출하지 않은 경우 | F57: 1000 | G57: 1000 | H57: 1000 | M57: ② 제1항에도 불구하고 국방ㆍ군사시설 건설공사에 관한 설계 사항을 심의하기 위하여 국방부에 특별건설기술심의위원회를 둘 수 있다.
D58: 라. | E58: 거짓으로 작성하여 제출한 경우 | F58: 1000 | G58: 1000 | H58: 1000 | M58: ③ 중앙심의위원회의 구성ㆍ기능 및 운영 등에 필요한 사항은 대통령령으로 정하는 기준에 따라 국토교통부장관이 관계 중앙행정기관의 장과 협의하여 정하고, 지방심의위원회의 구성ㆍ기능 및 운영 등에 필요한 사항은 대통령령으로 정하는 기준에 따라 해당 시ㆍ도의 조례로 정하며, 특별심의위원회를 두는 경우 그 구성ㆍ기능 및 운영 등에 필요한 사항은 대통령령으로 정하는 기준에 따라 국방부장관이 정한다.
B59: 제14항(안전관리 수준평가 의무)를 위반한 경우 | C59: 제2항제3호의2 | D59: 4) | E59: 안전관리 수준 평가를 거부ㆍ방해 또는 기피한 경우 | F59: 500 | G59: 750 | H59: 1000
B60: 제18항(설계 안전성 검토 의무)를 위반한 경우 | C60: 제2항제3호의3 | D60: 5) | E60: 설계의 안전성을 검토하지 않은 경우 | F60: 500 | G60: 750 | H60: 1000 | L60: 제6조(기술자문위원회)
C61: 제3항제15호 | D61: 6) | E61: 검토결과를 제출하지 않거나 거짓으로 제출한 경우 | F61: 150 | G61: 250 | H61: 300 | M61: ① 건설공사의 설계 및 시공 등의 적정성에 관한 발주청의 자문에 응하게 하기 위하여 발주청에 기술자문위원회를 둘 수 있다.
A62: 15) | B62: =진63 -> 제63조(안전관리비용) | D62: 1) | E62: 안전관리비를 계상하지 않거나 | M62: ② 제1항에 따른 기술자문위원회의 구성ㆍ기능 및 운영 등에 필요한 사항은 대통령령으로 정하는 기준에 따라 발주청이 정한다.
B63: 제1항(안전관리비 적정 계상 의무)를 위반한 경우 | C63: 제2항제4호 | E63: 안전관리비를 적정하게 사용하지 않은 경우 | F63: 250 | G63: 375 | H63: 500
B64: 제2항(안전관리비 적정 사용 의무)를 위반한 경우
A65: 16) | B65: =진66 -> 제66조(건설공사의 환경관리) | D65: 1) | E65: 환경관리비를 계상하지 않거나 | K65: 제2장 건설기술의 연구ㆍ개발 지원 등
B66: 제3항(환경관리비 적정 계상 의무)를 위반한 경우 | C66: 제2항제5호 | E66: 환경관리비를 적정하게 사용하지 않은 경우 | F66: 250 | G66: 375 | H66: 500
B67: 제4항(환경관리비 적정 사용 의무)를 위반한 경우 | L67: 제7조(건설기술 연구ㆍ개발 사업)
A68: 17) | B68: =진67 -> 제67조(건설공사 현장의 사고조사 등) | C68: 제3항제16호 | D68: 1) | E68: 사고 사실을 발주청 및 인허가기관에 통보하지 않은 경우 | F68: 200 | G68: 250 | H68: 300 | M68: ① 국토교통부장관은 건설기술을 향상시키고 기본계획을 효율적으로 추진하기 위하여 대통령령으로 정하는 기관 또는 단체와 협약을 체결하여 건설기술 발전에 필요한 건설기술 연구ㆍ개발 사업을 할 수 있다.
B69: 제1항(사고사실 통보 의무)를 위반한 경우 | M69: ② 제1항에 따른 건설기술 연구ㆍ개발 사업에 필요한 경비는 정부 또는 정부 외의 자의 출연금이나 그 밖에 기업의 기술개발비로 충당한다.
A70: 18) | B70: =진77 -> 제77조(지도ㆍ감독 등) | C70: 제1항제3호 | D70: 1) | E70: 명령을 이행하지 않은 경우 | F70: 1000 | G70: 1500 | H70: 2000 | M70: ③ 제1항에 따른 협약의 체결방법과 제2항에 따른 출연금의 지급ㆍ사용 및 관리에 필요한 사항은 대통령령으로 정한다.
B71: 제2항(이행계획 제출 의무)를 위반한 경우
L72: 제8조(건설기술의 연구ㆍ개발 등의 권고)
M73: 국토교통부장관은 새로운 건설기술의 도입ㆍ연구ㆍ개발을 위하여 다음 각 호의 어느 하나에 해당하는 자에게 대통령령으로 정하는 바에 따라 부설연구소의 설치ㆍ운영이나 공동연구 및 정보 교환 등과 기술개발을 위한 투자를 권고할 수 있다.
M74: 1. 「공공기관의 운영에 관한 법률」에 따른 공공기관 중 국토교통부장관이 주무기관의 장이 되는 기관
M75: 2. 건설사업자
M76: 3. 건설엔지니어링사업자
L78: 제9조(공동 연구ㆍ개발 등)
M79: 국토교통부장관은 건설기술의 연구ㆍ개발과 관련된 공공기관ㆍ법인ㆍ단체ㆍ대학의 인력ㆍ자금ㆍ시험시설 및 기술정보의 효율적 활용과 선진 건설기술 획득을 위하여 관계 중앙행정기관의 장과 공동연구를 추진하거나 건설기술연구기관의 건설기술 연구ㆍ개발을 지원할 수 있다.
L81: 제10조(연구시설 및 장비의 지원 등)
M82: 국토교통부장관은 건설기술의 연구기반을 확충하기 위하여 건설기술연구기관의 연구시설 및 장비의 확보ㆍ관리ㆍ공동사용 등을 지원하거나 필요한 시책을 수립ㆍ추진할 수 있다.
L84: 제10조의2(융ㆍ복합건설기술의 활성화)
M85: ① 국토교통부장관은 건설기술과 정보통신, 전자, 기계 등 다른 분야 기술을 융ㆍ복합한 기술의 개발ㆍ보급 및 활용을 촉진하기 위한 시책을 마련하여야 한다.
M86: ② 국토교통부장관은 융ㆍ복합건설기술을 활성화하기 위하여 스마트건설지원센터를 설치ㆍ운영할 수 있다.
M87: ③ 스마트건설지원센터는 다음 각 호의 업무를 수행한다.
M88: 1. 융ㆍ복합건설기술의 정책개발
M89: 2. 융ㆍ복합건설기술의 연구ㆍ개발 및 보급
M90: 3. 융ㆍ복합건설기술의 검증 및 실증
M91: 4. 융ㆍ복합건설기술과 관련된 창업 지원과 그에 관한 정보의 수집ㆍ관리
M92: 5. 국내외 융ㆍ복합건설기술 동향 및 시장정보의 조사ㆍ분석
M93: 6. 그 밖에 융ㆍ복합건설기술의 활성화를 위하여 필요한 사항으로서 대통령령으로 정하는 사항
M94: ④ 국토교통부장관은 스마트건설지원센터의 운영을 대통령령으로 정하는 전문기관에 위탁할 수 있다.
M95: ⑤ 국토교통부장관은 스마트건설지원센터의 사업 및 운영에 필요한 비용을 예산의 범위에서 출연할 수 있다.
M96: ⑥ 스마트건설지원센터의 설치ㆍ운영과 제5항에 따른 출연금의 지급범위ㆍ사용 및 관리에 필요한 사항은 대통령령으로 정한다.
L98: 제11조(기술평가기관)
M99: ① 정부는 건설기술 연구ㆍ개발 사업을 효율적으로 지원하기 위하여 기술평가기관을 설립할 수 있다.
M100: ② 기술평가기관은 법인으로 한다.
M101: ③ 기술평가기관은 주된 사무소의 소재지에서 설립등기를 함으로써 성립한다.
M102: ④ 기술평가기관은 다음 각 호의 사업을 한다.
M103: 1. 건설기술 연구ㆍ개발 사업에 대한 평가ㆍ관리
M104: 2. 건설기술 연구ㆍ개발 사업에 대한 수요조사, 기획 및 기술 예측
...

Sheet 안전관리계획
P1: 메인화면 | Q1: 산안법 | R1: 과태료
B2: 안전관리계획서
C4: ※ 진흥법 시행령 제98조,제101조의2로 정하는 규모의 건설공사는 안전관리계획서를 작성하여야 한다.
C5: ※ 유해위험방지계획서 제출대상 현장의 경우 유해위험방지계획서와 안전관리계획서를 통합 작성할 수 있다.
B8: 건설기술진흥법
B10: 제62조(건설공사의 안전관리)
C11: ① 건설사업자와 주택건설등록업자는 대통령령으로 정하는 건설공사를 시행하는 경우 안전점검 및 안전관리조직 등 건설공사의
D12: 안전관리계획(이하 “안전관리계획”이라 한다)을 수립하고, 착공 전에 이를 발주자에게 제출하여 승인을 받아야 한다.
D13: 이 경우 발주청이 아닌 발주자는 미리 안전관리계획의 사본을 인ㆍ허가기관의 장에게 제출하여 승인을 받아야 한다.
B16: 건설기술진흥법 시행령
B18: 제98조(안전관리계획의 수립)
C19: ① 법 제62조제1항에 따른 안전관리계획을 수립해야 하는 건설공사는 다음 각 호와 같다.
D20: 이 경우 원자력시설공사는 제외하며, 해당 건설공사가 「산업안전보건법」 제42조에 따른 유해위험방지계획을 수립해야 하는
D21: 건설공사에 해당하는 경우에는 해당 계획과 안전관리계획을 통합하여 작성할 수 있다.
D22: 1. 「시설물의 안전 및 유지관리에 관한 특별법」 제7조제1호 및 제2호에 따른 1종시설물 및 2종시설물의 건설공사
E23: (같은 법 제2조제11호에 따른 유지관리를 위한 건설공사는 제외한다)
D24: 2. 지하 10미터 이상을 굴착하는 건설공사. 이 경우 굴착 깊이 산정 시 집수정(물저장고), 엘리베이터 피트 및 정화조 등의
E25: 굴착 부분은 제외하며, 토지에 높낮이 차가 있는 경우 굴착 깊이의 산정방법은 「건축법 시행령」 제119조제2항을 따른다.
D26: 3. 폭발물을 사용하는 건설공사로서 20미터 안에 시설물이 있거나 100미터 안에 사육하는 가축이 있어 해당 건설공사로
E27: 인한 영향을 받을 것이 예상되는 건설공사
D28: 4. 10층 이상 16층 미만인 건축물의 건설공사
D29: 4의2. 다음 각 목의 리모델링 또는 해체공사
E30: 가. 10층 이상인 건축물의 리모델링 또는 해체공사
E31: 나. 「주택법」 제2조제25호다목에 따른 수직증축형 리모델링
D32: 5. 「건설기계관리법」 제3조에 따라 등록된 다음 각 목의 어느 하나에 해당하는 건설기계가 사용되는 건설공사
E33: 가. 천공기(높이가 10미터 이상인 것만 해당한다)
E34: 나. 항타 및 항발기
E35: 다. 타워크레인
D36: 5의2. 제101조의2제1항 각 호의 가설구조물을 사용하는 건설공사
D37: 6. 제1호부터 제4호까지, 제4호의2, 제5호 및 제5호의2의 건설공사 외의 건설공사로서 다음 각 목의 어느 하나에 해당하는 공사
E38: 가. 발주자가 안전관리가 특히 필요하다고 인정하는 건설공사
E39: 나. 해당 지방자치단체의 조례로 정하는 건설공사 중에서 인ㆍ허가기관의 장이 안전관리가 특히 필요하다고 인정하는 건설공사
B41: 제101조의2(가설구조물의 구조적 안전성 확인)
C42: ① 법 제62조제11항에 따라 건설사업자 또는 주택건설등록업자가 같은 항에 따른 관계전문가로부터 구조적 안전성을
D43: 확인받아야 하는 가설구조물은 다음 각 호와 같다.
D44: 1. 높이가 31미터 이상인 비계
D45: 1의2. 브라켓(bracket) 비계
D46: 2. 작업발판 일체형 거푸집 또는 높이가 5미터 이상인 거푸집 및 동바리
D47: 3. 터널의 지보공(支保工) 또는 높이가 2미터 이상인 흙막이 지보공
D48: 4. 동력을 이용하여 움직이는 가설구조물
D49: 4의2. 높이 10미터 이상에서 외부작업을 하기 위하여 작업발판 및 안전시설물을 일체화하여 설치하는 가설구조물
D50: 4의3. 공사현장에서 제작하여 조립ㆍ설치하는 복합형 가설구조물
D51: 5. 그 밖에 발주자 또는 인ㆍ허가기관의 장이 필요하다고 인정하는 가설구조물
B62: 시설물의 안전 및 유지관리에 관한 특별법
B63: 제7조(시설물의 종류)
C64: 시설물의 종류는 다음 각 호와 같다.
C65: 1. 제1종시설물: 다음 각 목의 어느 하나에 해당하는 시설물 등 대통령령으로 정하는 시설물
D66: 가. 고속철도 교량, 연장 500미터 이상의 도로 및 철도 교량
D67: 나. 고속철도 및 도시철도 터널, 연장 1000미터 이상의 도로 및 철도 터널
D68: 다. 갑문시설 및 연장 1000미터 이상의 방파제
D69: 라. 다목적댐, 발전용댐, 홍수전용댐 및 총저수용량 1천만톤 이상의 용수전용댐
D70: 마. 21층 이상 또는 연면적 5만제곱미터 이상의 건축물
D71: 바. 하구둑, 포용저수량 8천만톤 이상의 방조제
D72: 사. 광역상수도, 공업용수도, 1일 공급능력 3만톤 이상의 지방상수도
C73: 2. 제2종시설물: 다음 각 목의 어느 하나에 해당하는 시설물 등 대통령령으로 정하는 시설물
D74: 가. 연장 100미터 이상의 도로 및 철도 교량
D75: 나. 고속국도, 일반국도, 특별시도 및 광역시도 도로터널 및 특별시 또는 광역시에 있는 철도터널
D76: 다. 연장 500미터 이상의 방파제
D77: 라. 지방상수도 전용댐 및 총저수용량 1백만톤 이상의 용수전용댐
D78: 마. 16층 이상 또는 연면적 3만제곱미터 이상의 건축물
D79: 바. 포용저수량 1천만톤 이상의 방조제
D80: 사. 1일 공급능력 3만톤 미만의 지방상수도
C81: 3. 제3종시설물: 제1종시설물 및 제2종시설물 외에 안전관리가 필요한 소규모 시설물로서 제8조에 따라 지정ㆍ고시된 시설물

Sheet 안전점검
BF1: 메인화면 | BG1: 산안법 | BH1: 과태료
B2: 안전점검
D3: ※ 법적근거 : 안전관리계획서 -건설기술 진흥법 시행령 제98조(안전관리계획의 수립) 참조
B6: 건설기술진흥법
B7: 제62조(건설공사의 안전관리)
C8: ① 건설사업자와 주택건설등록업자는 대통령령으로 정하는 건설공사를 시행하는 경우 안전점검 및 안전관리조직 등 | AV8: (안전관리계획서- 시행령 제98조 참조)
D9: 건설공사의 안전관리계획을 수립하고, 착공 전에 이를 발주자에게 제출하여 승인을 받아야 한다.
C10: ② 제1항에 따라 안전관리계획을 제출받은 발주청 또는 인ㆍ허가기관의 장은 안전관리계획의 내용을 검토하여 그 결과를
D11: 건설사업자와 주택건설등록업자에게 통보하여야 한다.
C12: ③ 발주청 또는 인ㆍ허가기관의 장은 제1항에 따라 제출받아 승인한 안전관리계획서 사본과 제2항에 따른 검토결과를
D13: 국토교통부장관에게 제출하여야 한다.
C14: ④ 건설사업자와 주택건설등록업자는 안전관리계획에 따라 안전점검을 하여야 한다. 이 경우 대통령령으로 정하는 안전점검에 | AV14: (시행령 제100조의2 참조-미첨부)
D15: 대해서는 발주자가 대통령령으로 정하는 바에 따라 안전점검을 수행할 기관을 지정하여 그 업무를 수행하여야 한다. | AV15: (안전관리계획서- 시행령 제98조 참조)
C16: ⑤ 건설사업자와 주택건설등록업자는 제4항에 따라 실시한 안전점검 결과를 국토교통부장관에게 제출하여야 한다.
C17: ⑥ 안전관리계획의 수립 기준, 제출ㆍ승인의 방법 및 절차, 안전점검의 시기ㆍ방법 및 안전점검 대가(代價) 등에 필요한
D18: 사항은 대통령령으로 정한다. | AV18: (안전관리계획서- 시행령 제98조 참조)
C19: ⑦ 건설사업자나 주택건설등록업자는 안전관리계획을 수립하였던 건설공사를 준공하였을 때에는 대통령령으로 정하는 방법 | AV19: (시행령 제100조 참조-미첨부)
D20: 및 절차에 따라 안전점검에 관한 종합보고서(이하 “종합보고서”라 한다)를 작성하여 발주청에게 제출하여야 한다.
C21: ⑧ 제7항에 따라 종합보고서를 받은 발주청 또는 인ㆍ허가기관의 장은 대통령령으로 정하는 바에 따라 종합보고서를
D22: 국토교통부장관에게 제출하여야 한다.
C23: ⑨ 국토교통부장관, 발주청 및 인ㆍ허가기관의 장은 제7항 및 제8항에 따라 받은 종합보고서를 대통령령으로 정하는 바에 따라
D24: 보존ㆍ관리하여야 한다.
C25: ⑪ 건설사업자 또는 주택건설등록업자는 동바리, 거푸집, 비계 등 가설구조물 설치를 위한 공사를 할 때 대통령령으로 정하는 바에
D26: 따라 가설구조물의 구조적 안전성을 확인하기에 적합한 분야의 기술사에게 확인을 받아야 한다.
C27: ⑫ 관계전문가는 가설구조물이 안전에 지장이 없도록 가설구조물의 구조적 안전성을 확인하여야 한다.
C28: ⑬ 국토교통부장관은 건설공사의 안전을 확보하기 위하여 건설공사에 참여하는 다음 각 호의 자가 갖추어야 하는 안전관리체계와
D29: 수행하여야 하는 안전관리 업무 등을 정하여 고시하여야 한다. | AV29: 건설공사 안전관리 업무수행 지침
B34: 건설공사 안전관리 업무수행 지침
B35: 제21조(안전점검의 실시시기)
C36: ① 시공자는 자체안전점검 및 정기안전점검의 실시시기 및 횟수를 다음 각 호의 기준에 따라 안전점검
D37: 계획에 반영하고 그에 따라 안전점검을 실시하여야 한다.
D38: 1. 자체안전점검 : 건설공사의 공사기간동안 매일 공종별 실시
D39: 2. 정기안전점검 : 별표 1의 정기안전점검 실시시기를 기준으로 실시. 다만, 발주자는 안전관리계획의
E40: 내용을 검토할 때 건설공사의 규모, 기간, 현장여건에 따라 점검시기 및 횟수를 조정할 수 있다.
C41: ② 정밀안전점검은 정기안전점검결과 건설공사의 물리적·기능적 결함 등이 발견되어 보수·보강 등의
D42: 조치를 취하기 위하여 필요한 경우에 실시한다.
C43: ③ 초기점검은 영 제98조제1항제1호에 따른 건설공사를 준공하기 전에 실시한다.
C44: ④ 공사재개 전 안전점검은 영 제98조제1항에 따른 건설공사를 시행하는 도중 그 공사의 중단으로 1년 이상
D45: 방치된 시설물이 있는 경우 그 공사를 재개하기 전에 실시한다.
B47: 제22조(자체안전점검의 실시)
C48: ① 안전관리담당자와 수급인 및 하수급인으로 구성된 협의체는 건설공사의 공사기간 동안 해당 공사
D49: 안전총괄책임자의 총괄하에 분야별 안전관리책임자의 지휘에 따라 해당 공종의 시공상태를 점검하고
D50: 안전성 여부를 확인하기 위하여 해당 건설공사 안전관리계획의 자체안전점검표에 따라 자체안전점검을
D51: 실시하여야 한다.
C52: ② 점검자는 점검시 해당 공종의 전반적인 시공 상태를 관찰하여 사고 및 위험의 가능성을 조사하고,
D53: 지적사항을 안전점검일지에 기록하며, 지적사항에 대한 조치 결과를 다음날 자체안전점검에서 확인
D54: 해야 한다
B56: 제23조(정기안전점검의 실시)
C57: ① 시공자가 정기안전점검을 실시하고자 할 때는 영 제100조의2에 따라 발주청(허가청)이 지정한
D58: 건설안전점검기관에 의뢰하여야 한다.
C59: ② 정기안전점검은 해당 건설공사를 발주ㆍ설계ㆍ시공 또는 건설사업관리용역사업자와 그 계열회사인 건설안전
D60: 점검기관에 의뢰하여서는 아니된다.
C61: ③ 정기안전점검 대상 건설공사가 「산업안전보건법 시행령」제42조제3항에 따른 유해ㆍ위험방지계획서
D62: 작성대상인 경우에는 시공자는 정기안전점검 실시시기를 사전에 한국산업안전보건공단에 통보하여
D63: 정기안전점검과 동시에 실시할 수 있다.
C64: ④ 정기안전점검을 실시하는 경우 다음 각 호의 사항을 점검하여야 한다.
D65: 1. 공사 목적물의 안전시공을 위한 임시시설 및 가설공법의 안전성
D66: 2. 공사목적물의 품질, 시공상태 등의 적정성
D67: 3. 인접건축물 또는 구조물 등 공사장주변 안전조치의 적정성
D68: 4. 이전 점검에서 지적된 사항에 대한 조치사항
C69: ⑤ 건설공사의 공종별 세부점검사항은 해당 공사시방서 및 관련시방서를 참조하여 현장의 상황 및 시공조건에 따라
D70: 점검목적을 달성할 수 있는 사항으로 정하고 정해진 점검항목으로 세부 안전점검표를 작성한다.
C71: ⑥ 안전점검을 실시한 건설안전점검기관은 안전점검실시결과를 발주자, 해당 건설공사의 허가ㆍ인가ㆍ승인 등을 한
D72: 행정기관의 장(발주자가 발주청이 아닌 경우에 한정한다), 시공자에게 통보하여야 하며, 점검결과를 통보 받은
D73: 발주자 또는 행정기관의 장은 시공자에게 보수ㆍ보강 등 필요한 조치를 요청할 수 있다.
B75: 제24조(정밀안전점검의 실시)
C76: ① 시공자는 정기안전점검 결과 건설공사의 물리적ㆍ기능적 결함 등이 있는 경우에는 보수ㆍ보강 등의 필요한
D77: 조치를 취하기 위하여 건설안전점검기관에 의뢰하여 정밀안전점검을 실시하여야 한다.
C78: ② 정밀안전점검은 정기안전점검에서 지적된 점검대상물에 대한 문제점을 파악할 수 있도록 수행되어야 하며,
D79: 육안검사 결과는 도면에 기록하고, 부재에 대한 조사결과를 분석하고 상태평가를 하며, 구조물 및 가설물의
D80: 안전성 평가를 위해 구조계산 또는 내하력 시험을 실시하여야 한다.
C81: ③ 점검과정에서 필요한 경우에는 구조물의 종류에 따라 점검대상물 하부 점검용 장비, 비계, 작업선과 같은
D82: 특수장비 및 잠수부와 같은 특수기술자를 활용하여야 한다.
C83: ④ 정밀안전점검 완료 보고서에는 다음 각 호의 사항이 포함되어야 한다.
D84: 1. 물리적ㆍ기능적 결함 현황
D85: 2. 결함원인 분석
D86: 3. 구조안전성 분석결과
D87: 4. 보수ㆍ보강 또는 재시공 등 조치대책
B90: 제25조(초기점검의 실시) | M90: 사용승인 이후 위험상황 발생시 준공당시와 비교를 위한 데이터이므로 준공 직전에 실시
C91: ① 시공자는 영 제98조제1항제1호에 따른 건설공사를 준공하기 전에 문제점 발생부위 및
D92: 붕괴유발부재 또는 문제점 발생 가능성이 높은 부위 등의 중점유지관리사항을 파악하고 향후 점검ㆍ진단시
D93: 구조물에 대한 안전성평가의 기준이 되는 초기치를 확보하기 위하여 「시설물의 안전점검 및 정밀안전진단 실시
D94: 등에 관한 지침」에 따른 정밀점검 수준의 초기점검을 실시하여야 한다.
C95: ② 초기점검에는 별표 3에 따른 기본조사 이외에 공사목적물의 외관을 자세히 조사하는 구조물 전체에 대한
D96: 외관조사망도 작성과 초기치를 구하기 위하여 필요한 별표 3의 추가조사 항목이 포함되어야 한다.
C97: ③ 초기점검은 준공 전에 완료되어야 한다. 다만, 준공 전에 점검을 완료하기 곤란한 공사의 경우에는 발주자의
D98: 승인을 얻어 준공 후 3개월 이내에 실시할 수 있다.
B100: 제26조(공사재개 전 안전점검의 실시)
C101: ① 시공자는 건설공사의 중단으로 1년 이상 방치된 시설물의 공사를 재개하는 경우 건설공사를 재개하기 전에
D102: 영 제100조제1항제4호에 따라 해당 시설물에 대한 안전점검을 실시하여야 한다.
C103: ② 제1항에 따른 안전점검은 정기안전점검의 수준으로 실시하여야 하며, 점검결과에 따라 적절한 조치를 취한
D104: 후 공사를 재개하여야 한다.

Sheet 건산법과태료
A1: 「건설산업기본법」위반 시 주요 과태료 부과 기준 | M1: 메인화면
J2: Click Me~! | N2: 별표26 행정처분까지 정리하여 파일 완성
A3: 「건설기술진흥법 시행령 별표 7」 | H3: [1년간 누적관리] | J3: 필독~!
A4: 위 반 내 용 | C4: 법 조 문 | D4: 세 부 내 용 | F4: 과 태 료(만원) | M4: 산업안전보건기준
E5: 좀더 디테일하게 위반내용 정리필요 | F5: 1차위반 | G5: 2차위반 | H5: 3차이상
A6: 1 | B6: 제9조의2(등록증의 발급 등) | C6: 제100조 | D6: 1) | E6: 기재사항이 변경된 후 30일이내에 국토교통부 장관에게 | F6: 30 | G6: 50 | H6: 50 | J6: 건설산업기본법
B7: 제2항(기재사항 변경신청 의무)를 위반한 경우 | C7: 제1호 | E7: 기재사항의 변경신청을 하지 않은 경우
A8: 2 | B8: 제9조의3(건설업의 교육) | C8: 제99조 | D8: 1) | E8: 국토교통부장관이 실시하는 교육을 이수하지 않은 경우 | F8: 100 | G8: 100 | H8: 100 | J8: 제2장 총칙
B9: 제1항(건설업 윤리교육 등 이수 의무) 위반 | C9: 제12호 | E9: (건설업 윤리교육 및 실무관련 교육) | J9: 제1조(목적)
A10: 3 | B10: 제14조(영업정지처분 등을 받은 후 계속 공사) | C10: 제1호 | D10: 1) | E10: 처분내용을 발주자에게 통지하지 않은 경우 | F10: 300 | G10: 500 | H10: 500 | K10: 이 법은 건설공사의 조사, 설계, 시공, 감리, 유지관리, 기술관리 등에 관한 기본적인 사항과 건설업의 등록 및 건설공사의 도급 등에 필요한 사항을 정함으로써 건설공사의 적정한 시공과 건설산업의 건전한 발전을 도모함을 목적으로 한다.
B11: 제2항(처분내용의 통지 의무)를 위반한 경우 | E11: (영업정지, 등록말소, 폐업 등)
A12: 4 | B12: 제22조(건설공사에 관한 도급계약의 원칙) | D12: 1) | E12: 도급계약을 계약서로 체결하지 않은 경우 | F12: 150 | G12: 150 | H12: 150 | J12: 제2조(정의)
B13: 제2항(도급계약 체결 및 계약서에 필수사항 기재 | C13: 제2호 | K13: 이 법에서 사용하는 용어의 뜻은 다음과 같다.
B14: 의무)를 위반한 경우 | D14: 2) | E14: 도급계약시 필수사항을 명시하지 않고 계약한 경우 | F14: 50 | G14: 50 | H14: 50 | K14: 1. “건설산업”이란 건설업과 건설용역업을 말한다.
B15: 제6항(건설공사 대장 작성 및 통보 의무)를 위반한 | C15: 제3호 | D15: 1) | E15: 건설공사대장 기재사항을 해당공사 완료일까지 발주자에게 | F15: 100 | G15: 200 | H15: 400 | K15: 2. “건설업”이란 건설공사를 하는 업(業)을 말한다.
B16: 경우 | E16: 통보하지 않거나 거짓으로 통보한 경우 | K16: 3. “건설용역업”이란 건설공사에 관한 조사, 설계, 감리, 사업관리, 유지관리 등 건설공사와 관련된 용역(이하 “건설용역”이라 한다)을 하는 업(業)을 말한다.
B17: 제8항(공동도급 약정서 통보 의무)를 위반한 경우 | C17: 제3호의2 | D17: 1) | E17: 통보를 하지 않거나 통보기한을 위반한 경우 | F17: 100 | G17: 200 | H17: 300 | K17: 4. “건설공사”란 토목공사, 건축공사, 산업설비공사, 조경공사, 환경시설공사, 그 밖에 명칭과 관계없이 시설물을 설치ㆍ유지ㆍ보수하는공사(시설물을 설치하기 위한 부지조성공사를 포함한다) 및 기계설비나 그 밖의 구조물의 설치 및 해체공사 등을 말한다. 다만, 다음 각 목의 어느 하나에 해당하는 공사는 포함하지 아니한다.
A18: 5 | B18: 제22조의2(공사대금지급의 보증 등) | C18: 제3호의3 | D18: 1) | E18: 공사대금의 지급보증, 담보의 제공 또는 보험료등의 지급을 | F18: 100 | G18: 200 | H18: 300 | K18: 가. 「전기공사업법」에 따른 전기공사
B19: 제2항(보증이행 의무) | E19: 정당한 사유 없이 이행하지 않은 경우 | K19: 나. 「정보통신공사업법」에 따른 정보통신공사
A20: 6 | B20: 제25조(수급인 등의 자격 제한) | C20: 제14호 | D20: 1) | E20: 벌점기준을 초과한 경우 | F20: 300 | G20: 300 | H20: 300 | K20: 다. 「소방시설공사업법」에 따른 소방시설공사
B21: 제5항(벌점 관리) | K21: 라. 「문화재 수리 등에 관한 법률」에 따른 문화재 수리공사
A22: 7 | B22: 제28조의2(건설공사의 직접 시공) | C22: 제4호 | D22: 1) | E22: 직접시공계획을 통보하지 않은 경우 | F22: 100 | G22: 150 | H22: 150 | K22: 5. “종합공사”란 종합적인 계획, 관리 및 조정을 하면서 시설물을 시공하는 건설공사를 말한다.
B23: 제2항(직접시공계획서 제출 의무)를 위반한 경우 | K23: 6. “전문공사”란 시설물의 일부 또는 전문 분야에 관한 건설공사를 말한다.
A24: 8 | B24: 제29조(건설공사의 하도급 제한) | C24: 제5호 | D24: 1) | E24: 재하도급 사항이 발생한 경우 재하도급 계약 내용을 | F24: 100 | G24: 150 | H24: 150 | K24: 7. “건설사업자”란 이 법 또는 다른 법률에 따라 등록 등을 하고 건설업을 하는 자를 말한다.
B25: 제6항(재하도급의 일부 허용) | E25: 발주자에게 통보를 하지 않은 경우 | K25: 8. “건설사업관리”란 건설공사에 관한 기획, 타당성 조사, 분석, 설계, 조달, 계약, 시공관리, 감리, 평가 또는 사후관리 등에 관한 관리를 수행하는 것을 말한다.
A26: 9 | B26: 제29조의2(건설공사의 하도급관리) | C26: 제98조의2 | D26: 1) | E26: 관리의무를 이행하지 않은 경우 | F26: 500 | G26: 1000 | H26: 1500 | K26: 9. “시공책임형 건설사업관리”란 종합공사를 시공하는 업종을 등록한 건설사업자가 건설공사에 대하여 시공 이전 단계에서 건설사업관리 업무를 수행하고 아울러 시공 단계에서 발주자와 시공 및 건설사업관리에 대한 별도의 계약을 통하여 종합적인 계획, 관리 및 조정을 하면서 미리 정한 공사 금액과 공사기간 내에 시설물을 시공하는 것을 말한다.
B27: 제1항(수급인의 하수급인 관리 의무)를 위반한 경우 | C27: 제1호 | E27: (하수급인의 영업정지 등 행정처분 위반행위를 묵인한 경우) | K27: 10. “발주자”란 건설공사를 건설사업자에게 도급하는 자를 말한다. 다만, 수급인으로서 도급받은 건설공사를 하도급하는 자는 제외한다.
C28: 제99조 | D28: 2) | E28: 관리의무를 이행하지 않은 경우 | K28: 11. “도급”이란 원도급, 하도급, 위탁 등 명칭과 관계없이 건설공사를 완성할 것을 약정하고, 상대방이 그 공사의 결과에 대하여 대가를 지급할 것을 약정하는 계약을 말한다.
E29: (하수급인의 영업정지 등 행정처분을 받은 경우 하수급인 | F29: 100 | G29: 150 | H29: 150 | K29: 12. “하도급”이란 도급받은 건설공사의 전부 또는 일부를 다시 도급하기 위하여 수급인이 제3자와 체결하는 계약을 말한다.
C30: 제6호 | E30: 의 현장배치기술자의 소속 확인 미이행 등) | K30: 13. “수급인”이란 발주자로부터 건설공사를 도급받은 건설사업자를 말하고, 하도급의 경우 하도급하는 건설사업자를 포함한다.
A31: =MAX(A$6:A30)+1 -> 10 | B31: 제31조의2(하도급계획의제출) | C31: 제7호 | D31: 1) | E31: 하도급계획서를 정당한 사유 없이 이행하지 않은 경우 | F31: 300 | G31: 300 | H31: 300 | K31: 14. “하수급인”이란 수급인으로부터 건설공사를 하도급받은 자를 말한다.
B32: 제1항(하도급게획서 제출 의무) 불이행 | K32: 15. “건설기술인”이란 관계 법령에 따라 건설공사에 관한 기술이나 기능을 가졌다고 인정된 사람을 말한다.
A33: =MAX(A$6:A32)+1 -> 11 | B33: 제31조의3(하도급공사 계약자료 등의 공개) | C33: 제7호의2 | D33: 1) | E33: 하도급공사와 관련된 사항을 알리지 않거나 정당한 사유 | F33: 100 | G33: 200 | H33: 300
B34: 제2항(하도급 수의계약시 사전 통보 의무) 위반 | E34: 없이 알린 내용과 다르게 계약을 체결한 경우 | J34: 제3조(기본이념)
A35: =MAX(A$6:A34)+1 -> 12 | B35: 제34조(하도급대금의 지급 등) | C35: 제8호 | D35: 1) | E35: 도급대금 등을 지급하지 아니하여 법 제81조제4호에 따라 | F35: 300 | G35: 500 | H35: 500 | K35: 이 법은 건설산업이 설계, 감리, 시공, 사업관리, 유지관리 등의 분야에 걸쳐 국제경쟁력을 갖출 수 있도록 이를 균형 있게 발전시킴으로써 국민경제와 국민의 생활안전에 이바지함을 기본이념으로 한다.
B36: 제1항(기성수령후 15일 이내 지급 의무) 위반시 | E36: 시정명령을 받고 이에 따르지 않은 경우
A37: =MAX(A$6:A36)+1 -> 13 | B37: 제36조의2(추가.변경공사에 대한 서면 확인 등) | C37: 제13호 | D37: 1) | E37: 추가ㆍ변경공사에 대하여 서면으로 요구하지 않은 경우 | F37: 100 | G37: 100 | H37: 100 | J37: 제4조(다른 법률과의 관계)
B38: 제1항(추가,변경공사 요구 의무) | K38: 건설산업에 관하여 다른 법률에서 정하고 있는 경우를 제외하고는 이 법을 적용한다. 다만, 건설공사의 범위와 건설업 등록에 관한 사항에 대하여는 다른 법률의 규정에도 불구하고 이 법을 우선 적용하고, 건설용역업에 대하여는 제6조 및 제26조와 제8장(제69조부터 제79조까지, 제79조의2 및 제80조)을 적용한다.
A39: =MAX(A$6:A38)+1 -> 14 | B39: 제40조(건설기술인의 배치) | C39: 제100조 | D39: 1) | E39: 건설기술인이 건설공사의 현장을 사전 승인 없이 | F39: 50 | G39: 50 | H39: 50
B40: 제2항(현장기술자의 현장이탈 금지) 를 위반한 경우 | C40: 제2호 | E40: 이탈한 경우 | J40: 제5조(외국 건설사업자에 대한 기준의 설정)
A41: =MAX(A$6:A40)+1 -> 15 | B41: 제49조(건설사업자의 실태조사 등) | C41: 제3호 | D41: 1) | E41: 보고를 게을리한 경우 | F41: 30 | G41: 30 | H41: 30 | K41: 국토교통부장관은 외국인 또는 외국법인의 건설업 등록을 위하여 필요한 경우에는 건설업에 관하여 외국에서 받은 자격, 학력, 경력 등의 인정에 관한 기준을 정할 수 있다.
B42: 제1항(등록기준에 적합성 등 보고 의무) 위반
B43: 제1항(경영실태조사 등 협조 의무) 위반 | C43: 제99조 | D43: 1) | E43: 조사 또는 검사를 거부ㆍ기피ㆍ방해하거나 거짓으로 | F43: 150 | G43: 300 | H43: 500 | J43: 제6조(건설산업진흥 기본계획의 수립)
C44: 제9호 | E44: 보고를 한 경우 | K44: ① 국토교통부장관은 건설산업의 육성, 건설기술의 개발, 건설공사의 안전 및 품질 확보 등을 위하여 5년마다 건설산업진흥 기본계획을 수립ㆍ시행하여야 한다.
A45: =MAX(A$6:A44)+1 -> 16 | B45: 제65조의2(제조합 등 건설보증기관의 | C45: 제98조의2 | D45: 1) | E45: 명령을 이행하지 않은 경우 | K45: ② 제1항에 따른 건설산업진흥 기본계획에는 다음 각 호의 사항이 포함되어야 한다.
B46: 재무건전성 유지 등) | C46: 제2호 | F46: 500 | G46: 1000 | H46: 1500 | K46: 1.건설산업진흥시책의기본 방향
B47: 제3항(재무건전성 개선 명령) 위반 | K47: 2. 건설기술의 개발 및 건설기술인력의 육성에 관한 대책
A48: =MAX(A$6:A47)+1 -> 17 | B48: 제68조의4(T/C 대여계약 적정성 심사 등) | C48: 제99조 | D48: 1) | E48: 통보를 하지 않은 경우 | F48: 100 | G48: 200 | H48: 300 | K48: 3. 건설산업의 국제화와 해외 진출의 지원
B49: 제1항(타워크레인 계약사실 통보 의무) 위반 | C49: 제15호 | K49: 4. 건설공사에 관한 안전ㆍ환경보전 및 품질의 확보대책
A50: =MAX(A$6:A49)+1 -> 18 | B50: 제72조(분쟁조정 신청의 통지 등) | C50: 제10호 | D50: 1) | E50: 위원회로부터 분쟁조정 신청 내용을 통보받고 그 조정에 | F50: 300 | G50: 400 | H50: 500 | K50: 5. 중소건설업 및 중소건설용역업의 육성대책
B51: 분쟁조정 신청시 상대방에게 고지 의무 위반 | E51: 참여하지 않은 경우 | K51: 6. 건설공사의 생산성 향상 대책 등 그 밖에 대통령령으로 정하는 사항
A52: =MAX(A$6:A51)+1 -> 19 | B52: 제81조(시정명령 등) | F52: 100 | G52: 100 | H52: 100 | K52: ③ 국토교통부장관은 건설시장의 동향, 건설기술의 개발 등을 고려하여 제1항에 따른 건설산업진흥 기본계획의 범위에서 연차별 계획을 수립ㆍ시행할 수 있다.
B53: 제3호(건설공사대장 기제사항 통보 의무) 위반 | C53: 제11호 | D53: 1) | E53: 제22조제6항(건설공사대장의 발주처 통보)을 위반한 경우
B54: 제11호(하수급인의 변경요구 이행 의무) 위반 | D54: 2) | E54: 제29조의3제6항(하도급 참여제한자의 제한)을 위반한 경우 | J54: 제7조(건설 관련 주체의 책무)
B55: 제12호(타워크레인 계약변경 의무) 위반 | D55: 3) | E55: 제68조의4제6항(타워크레인 변경계약 의무)를 위반한 경우 | K55: ① 정부는 건설공사의 품질과 안전을 확보하기 위하여 건설공사의 설계, 시공, 감리 및 유지관리에 관한 기준, 건설자재의 품질과 규격에 관한 기준 및 도급계약의 방법 등에 관한 사항을 정하여 보급하여야 하고, 건설사업자의 시공능력, 자본금, 경영실태 및 공사실적 등의 정보를 제공하기 위하여 노력하여야 한다.
B56: 제5호의2(하도급 변경계약 의무) 위반 | C56: 제11호 | D56: 1) | E56: 제31조제3항(하도급 심사결과에 따른 시정지시)에 따르지 | F56: 300 | G56: 300 | H56: 300 | K56: ② 건설공사의 발주자는 시설물이 공공의 안전과 복리에 적합하게 건설되도록 공정한 기준과 절차에 따라 능력있는 건설사업자를 선정하여야 하고, 건설공사가 적정하게 시공되도록 노력하여야 한다.
E57: 않은 경우 | K57: ③ 건설사업자는 다음 각 호의 사항을 성실히 이행할 책무를 진다.
B58: 제8호(표지판의 설치 의무)를 위반한 경우 | C58: 제100조 | D58: 1) | E58: 제42조제1항(허가표지판)을 설치하지 않은 경우 | F58: 30 | G58: 50 | H58: 50 | K58: 1. 시설물의 품질과 안전이 확보되도록 건설공사 및 건설용역에 관한 법령을 준수할 것
B59: (허가표지판, 준공표지판) | C59: 제4호 | E59: 제42조제2항(준공표지판)을 설치하지 않은 경우 | K59: 2. 「근로기준법」에 따라 건설근로자에게 임금을 직접 지급하는 등 근로관계 법령을 준수할 것
K60: 3. 설계도서(設計圖書), 시방서(示方書) 및 도급계약의 내용 등에 따라 성실하게 업무를 수행할 것
K61: 4. 건설공사 실적, 기술자 보유현황, 재무상태, 그 밖에 시공능력과 관련된 정보를 거짓으로 제공하거나 광고하지 아니할 것
J64: 제2장 건설업 등록
J65: 제8조(건설업의 종류)
K66: ① 건설업의 종류는 종합공사를 시공하는 업종과 전문공사를 시공하는 업종으로 한다.
K67: ② 건설업의 구체적인 종류 및 업무범위 등에 관한 사항은 대통령령으로 정한다.
J69: 제9조(건설업 등록 등)
K70: ① 건설업을 하려는 자는 대통령령으로 정하는 업종별로 국토교통부장관에게 등록을 하여야 한다. 다만, 대통령령으로 정하는 경미한 건설공사를 업으로 하려는 경우에는 등록을 하지 아니하고 건설업을 할 수 있다.
K71: ② 제1항에 따라 건설업의 등록을 하려는 자는 국토교통부령으로 정하는 바에 따라 국토교통부장관에게 신청하여야 한다.
K72: ③ 국가나 지방자치단체가 자본금의 100분의 50 이상을 출자한 법인이나 영리를 목적으로 하지 아니하는 법인은 다른 법률에 특별한 규정이 있는 경우를 제외하고는 제1항에 따른 건설업 등록을 신청할 수 없다.
K73: ④ 삭제
J75: 제9조의2(등록증의 발급 등)
K76: ① 국토교통부장관은 건설업 등록을 하면 국토교통부령으로 정하는 바에 따라 건설업 등록증 및 건설업 등록수첩을 발급하여야 한다.
K77: ② 제1항에 따라 건설업 등록증이나 건설업 등록수첩을 발급받은 자는 그 건설업 등록증 또는 건설업 등록수첩의 기재 사항(記載 事項) 중 대통령령으로 정하는 사항이 변경되면 국토교통부령으로 정하는 바에 따라 30일 이내에 국토교통부장관에게 기재 사항의 변경을 신청하여야 한다.
K78: ③ 제1항에 따른 건설업 등록증이나 건설업 등록수첩을 잃어버리거나 못 쓰게 된 경우에는 국토교통부령으로 정하는 바에 따라 재발급받을 수 있다.
J80: 제9조의3(건설업의 교육)
K81: ① 제9조제1항에 따라 건설업을 등록한 자(건설사업자가 추가로 다른 업종을 등록하는 경우는 제외한다)는 건설업을 등록한 날부터 6개월 이내에 국토교통부장관이 실시하는 건설업 윤리 및 실무 관련 교육을 받아야 한다. 이 경우 교육을 받아야 하는 자가 법인인 경우에는 등기부상 임원 1명 이상(대표이사를 포함한다)이 교육을 받아야 한다.
K82: ② 국토교통부장관은 제1항에 따른 교육 대상자 외의 건설사업자를 대상으로 하는 건설업 윤리 및 실무 관련 교육을 실시할 수 있으며, 이 경우 교육 이수자에 대하여 제84조에 따라 영업정지의 기간 등을 감경할 수 있다.
K83: ③ 제1항 및 제2항에 따른 교육의 방법ㆍ기준ㆍ절차 및 교육기관과 그 밖에 필요한 사항은 대통령령으로 정한다.
J85: 제10조(건설업의 등록기준)
K86: 제9조제1항에 따른 건설업의 등록기준이 되는 다음 각 호의 사항은 대통령령으로 정한다.
K87: 1. 기술능력
K88: 2. 자본금(개인인 경우에는 자산평가액을 말한다. 이하 같다)
K89: 3. 시설 및 장비
K90: 4. 그 밖에 필요한 사항
J92: 제11조(표시ㆍ광고의제한)
K93: ① 제9조에 따라 업종별로 건설업 등록을 하지 아니한 자는 사업장, 광고물 등에 해당 업종의 건설사업자임을 표시ㆍ광고하거나 해당 업종의 건설사업자로 오인될 우려가 있는 표시ㆍ광고를 하여서는 아니 된다.
K94: ② 국토교통부장관은 소속 공무원으로 하여금 제1항을 위반하여 표시ㆍ광고한 자에 대하여 광고물의 강제 철거 등 적절한 조치를 하게 할 수 있다.
J96: 제12조
J98: 제13조(건설업 등록의 결격사유)
K99: ① 다음 각 호의 어느 하나에 해당하는 자(법인인 경우 다음 각 호의 어느 하나에 해당하는 사람이 임원으로 있는 경우를 포함한다)는 제9조제1항에 따른 건설업 등록을 할 수 없다. 외국인이나 외국법인이 해당 국가에서 다음 각 호의 어느 하나에 해당하는 사유와 같거나 유사한 사유에 해당하는 경우에도 같다.
K100: 1. 파산선고를 받고 복권되지 아니한 자
K101: 2. 피성년후견인 또는 피한정후견인
K102: 3.제82조의2 또는 제83조에 따라 건설업의 등록이 말소된 자로서 다음 각 목의 어느 하나에 해당하는 자. 이 경우 건설업 등록이 말소된 자가 법인인 경우에는 말소 당시의 원인이 된 행위를 한 사람과 대표자를 포함한다.
K103: 가. 제83조제5호에 해당하는 사유로 건설업의 등록이 말소된 후 10년이 지나지 아니한 자
K104: 나. 제82조의2제3항, 제83조제1호ㆍ제3호의3ㆍ제8호ㆍ제10호 및 제13호에 해당하는 사유로 건설업의 등록이 말소된 후 5년이 지나지 아니한 자
K105: 다.삭제
K106: 라. 제82조의2제3항, 제83조제1호ㆍ제3호의3ㆍ제4호ㆍ제5호ㆍ제8호ㆍ제10호 및 제13호 외의 사유로 건설업의 등록이 말소된 후 1년 6개월이 지나지 아니한 자
K107: 4. 이 법 또는 「주택법」을 위반하여 금고 이상의 실형을 선고받고 그 집행이 종료(집행이 종료된 것으로 보는 경우를 포함한다)되거나 그 집행이 면제된 날부터 3년이 지나지 아니한 자
K108: 5. 「형법」 제129조부터 제133조까지의 죄 중 어느 하나에 해당하는 죄를 범하여 금고 이상의 실형을 선고받고 그 집행이 종료(집행이 종료된 것으로 보는 경우를 포함한다)되거나 집행이 면제된 날부터 5년이 지나지 아니한 자
K109: 6. 제4호 또는 제5호의 죄를 범하여 형의 집행유예를 선고받고 그 유예기간 중에 있는 자
...
