Workbook
Name __?Crite: #REF!
Name __?Criteria: #REF!
Name ____AA1: #REF!
Name ____qw1: #REF!
Name ____qw2: #REF!
Name ____qw3: #REF!
Name ____qw4: #REF!
Name ____qw5: #REF!
Name ____qw6: #REF!
Name ____qww1: #REF!
Name ____qww2: #REF!
Name ____qww3: #REF!
Name ____qww5: #REF!
Name ____qww6: #REF!
Name ____qww7: #REF!
Name ____qww8: #REF!
Name ____qww9: #REF!
Name ____ST1: #N/A
Name ___A100000: #N/A
Name ___A66000: #N/A
Name ___A67000: #N/A
Name ___A68000: #N/A
Name ___A80000: #N/A
Name ___C100000: #REF!
Name ___SH2: #N/A
Name ___SH3: #N/A
Name ___ST1: #N/A
Name ___zz1: #N/A
Name __A100000: #N/A
Name __A66000: #N/A
Name __A67000: #N/A
Name __A68000: #N/A
Name __A80000: #N/A
Name __AA1: #REF!
Name __C100000: #REF!
Name __CDT2: #REF!
Name __DAN1: #REF!
Name __DAN10: #REF!
Name __DAN100: #REF!
Name __DAN101: #REF!
Name __DAN102: #REF!
Name __DAN103: #REF!
Name __DAN104: #REF!
Name __DAN105: #REF!
Name __DAN106: #REF!
Name __DAN107: #REF!
Name __DAN108: #REF!
Name __DAN109: #REF!
Name __DAN11: #REF!
Name __DAN110: #REF!
Name __DAN111: #REF!
Name __DAN112: #REF!
Name __DAN113: #REF!
Name __DAN114: #REF!
Name __DAN115: #REF!
Name __DAN116: #REF!
Name __DAN117: #REF!
Name __DAN118: #REF!
Name __DAN119: #REF!
Name __DAN12: #REF!

Sheet 1. 현장별 인원현황
C3: 순번 | D3: 현장명 | E3: 이름 | F3: 나이 | G3: 주민등록번호 | H3: 성별 | I3: 직책 | J3: 직급 | K3: 단가/급여 | L3: 연락처 | M3: 시/도 | N3: 시,군,구 | O3: 경력 | P3: 주요경력 | Q3: 평가등급 | S3: 자격증 / 경력수첩 보유현황 | W3: 당사 근무이력 (직전현장) | AA3: 타사 근무이력 (직전현장) | AM3: S
Q4: 기능 | R4: 안전 | S4: 전기 | T4: 통신 | U4: 소방 | V4: 안전 | W4: 건설사 | X4: 현장명 | Y4: 용도 | Z4: 비고 | AA4: 건설사 | AB4: 현장명 | AC4: 타회사명 | AD4: 용도 | AE4: 비고 | AM4: A
B6: 24018 | C6: =ROW()-5 -> 1 | D6: =IFERROR(" "&VLOOKUP(B6,현장리스트!$B:$C,2,0),"-") -> [1.DL건설] 전도관구역 주택재개발 정비사업조합(01공구) | E6: 강민 | F6: =IFERROR(DATEDIF(MID(G6,1,2)&"-"&MID(G6,3,2)&"-"&MID(G6,5,2),TODAY(),"y")&"세","") -> 37세 | G6: 880409-1170112 | H6: =IF(G6="","",IF(LEN(G6)<14,"에러",IF(LEN(G6)<14,"에러",IF(ISODD(MID(G6,8,1)),"남","여")))) -> 남 | I6: 공무 | J6: 과장 | K6: 4500000 | L6: 010-9316-4142 | M6: 인천 | N6: 미추홀구 | O6: 4년 | P6: APT/오피스텔 | Q6: =VLOOKUP(C6,'2-1. 인사고과표(기능)'!B:AS,44,0) -> S | R6: =VLOOKUP(C6,'2-2. 인사고과표(안전)'!B:AO,40,0) -> S | AA6: DL E&C | AB6: 문정 힐스테이트 e편한세상 | AC6: 세원전설 | AD6: APT/오피스텔 | AM6: 초급
B7: 24018 | C7: =ROW()-5 -> 2 | D7: =IFERROR(" "&VLOOKUP(B7,현장리스트!$B:$C,2,0),"-") -> [1.DL건설] 전도관구역 주택재개발 정비사업조합(01공구) | E7: 오재욱 | F7: =IFERROR(DATEDIF(MID(G7,1,2)&"-"&MID(G7,3,2)&"-"&MID(G7,5,2),TODAY(),"y")&"세","") -> 32세 | G7: 930413-1157015 | H7: =IF(G7="","",IF(LEN(G7)<14,"에러",IF(LEN(G7)<14,"에러",IF(ISODD(MID(G7,8,1)),"남","여")))) -> 남 | I7: 안전관리자 | J7: 대리 | K7: 3800000 | L7: 010-3133-5930 | M7: 인천 | N7: 서구 | O7: 3년 | P7: APT/오피스텔 | Q7: =VLOOKUP(C7,'2-1. 인사고과표(기능)'!B:AS,44,0) -> A | R7: =VLOOKUP(C7,'2-2. 인사고과표(안전)'!B:AO,40,0) -> S | U7: 중급 | V7: 기사 | W7: 대우건설 | X7: 인천 경서3구역 오피스텔 신축공사 전기설비공사(1공구) | Y7: APT/오피스텔
B8: 24018 | C8: =ROW()-5 -> 3 | D8: =IFERROR(" "&VLOOKUP(B8,현장리스트!$B:$C,2,0),"-") -> [1.DL건설] 전도관구역 주택재개발 정비사업조합(01공구) | E8: 조경호 | F8: =IFERROR(DATEDIF(MID(G8,1,2)&"-"&MID(G8,3,2)&"-"&MID(G8,5,2),TODAY(),"y")&"세","") -> 57세 | G8: 680402-1645912 | H8: =IF(G8="","",IF(LEN(G8)<14,"에러",IF(LEN(G8)<14,"에러",IF(ISODD(MID(G8,8,1)),"남","여")))) -> 남 | I8: 공사 | J8: 차장 | K8: 230000 | L8: 010-3686-8154 | M8: 경기 | N8: 고양 | O8: 35년 | P8: APT/오피스텔 | Q8: =VLOOKUP(C8,'2-1. 인사고과표(기능)'!B:AS,44,0) -> S | R8: =VLOOKUP(C8,'2-2. 인사고과표(안전)'!B:AO,40,0) -> S | W8: 시티건설 | X8: 남악오룡 36BL 시티프라디움 신축공사(전기,통신공사) | Y8: APT/오피스텔
B9: 24018 | C9: =ROW()-5 -> 4 | D9: =IFERROR(" "&VLOOKUP(B9,현장리스트!$B:$C,2,0),"-") -> [1.DL건설] 전도관구역 주택재개발 정비사업조합(01공구) | E9: 남춘섭 | F9: =IFERROR(DATEDIF(MID(G9,1,2)&"-"&MID(G9,3,2)&"-"&MID(G9,5,2),TODAY(),"y")&"세","") -> 62세 | G9: 630504-1347624 | H9: =IF(G9="","",IF(LEN(G9)<14,"에러",IF(LEN(G9)<14,"에러",IF(ISODD(MID(G9,8,1)),"남","여")))) -> 남 | I9: 공사 | J9: 과장 | K9: 5000000 | L9: 010-4353-1100 | M9: 인천 | N9: 계양구 | O9: 30년 | P9: APT/오피스텔 | Q9: =VLOOKUP(C9,'2-1. 인사고과표(기능)'!B:AS,44,0) -> S | R9: =VLOOKUP(C9,'2-2. 인사고과표(안전)'!B:AO,40,0) -> S | W9: DL건설 | X9: E편한세상 주안 에듀서밋 (인천우진주택재건축) | Y9: APT/오피스텔
B10: 24018 | C10: =ROW()-5 -> 5 | D10: =IFERROR(" "&VLOOKUP(B10,현장리스트!$B:$C,2,0),"-") -> [1.DL건설] 전도관구역 주택재개발 정비사업조합(01공구) | E10: 김옥수 | F10: =IFERROR(DATEDIF(MID(G10,1,2)&"-"&MID(G10,3,2)&"-"&MID(G10,5,2),TODAY(),"y")&"세","") -> 57세 | G10: 690128-1536612 | H10: =IF(G10="","",IF(LEN(G10)<14,"에러",IF(LEN(G10)<14,"에러",IF(ISODD(MID(G10,8,1)),"남","여")))) -> 남 | I10: 기능공 | J10: 전공 | K10: 200000 | L10: 010-9375-6729 | M10: 경기 | N10: 부천 | O10: 15년 | P10: APT/오피스텔 | Q10: =VLOOKUP(C10,'2-1. 인사고과표(기능)'!B:AS,44,0) -> S | R10: =VLOOKUP(C10,'2-2. 인사고과표(안전)'!B:AO,40,0) -> S | W10: DL건설 | X10: E편한세상 주안 에듀서밋 (인천우진주택재건축) | Y10: APT/오피스텔
B11: 24018 | C11: =ROW()-5 -> 6 | D11: =IFERROR(" "&VLOOKUP(B11,현장리스트!$B:$C,2,0),"-") -> [1.DL건설] 전도관구역 주택재개발 정비사업조합(01공구) | E11: 박예만 | F11: =IFERROR(DATEDIF(MID(G11,1,2)&"-"&MID(G11,3,2)&"-"&MID(G11,5,2),TODAY(),"y")&"세","") -> 37세 | G11: 881220-1156015 | H11: =IF(G11="","",IF(LEN(G11)<14,"에러",IF(LEN(G11)<14,"에러",IF(ISODD(MID(G11,8,1)),"남","여")))) -> 남 | I11: 기능공 | J11: 전공 | K11: 170000 | L11: 010-2400-8866 | M11: 인천 | N11: 동구 | O11: 2년 | P11: APT/오피스텔 | Q11: =VLOOKUP(C11,'2-1. 인사고과표(기능)'!B:AS,44,0) -> A | R11: =VLOOKUP(C11,'2-2. 인사고과표(안전)'!B:AO,40,0) -> S | W11: 두산건설 | X11: 여의구역 본계약 전기공사 | Y11: APT/오피스텔
B12: 24018 | C12: =ROW()-5 -> 7 | D12: =IFERROR(" "&VLOOKUP(B12,현장리스트!$B:$C,2,0),"-") -> [1.DL건설] 전도관구역 주택재개발 정비사업조합(01공구) | E12: 유동민 | F12: =IFERROR(DATEDIF(MID(G12,1,2)&"-"&MID(G12,3,2)&"-"&MID(G12,5,2),TODAY(),"y")&"세","") -> 54세 | G12: 710711-1148119 | H12: =IF(G12="","",IF(LEN(G12)<14,"에러",IF(LEN(G12)<14,"에러",IF(ISODD(MID(G12,8,1)),"남","여")))) -> 남 | I12: 기능공 | J12: 전공 | K12: 210000 | L12: 010-9558-2660 | M12: 인천 | N12: 연수구 | O12: 15년 | P12: APT/오피스텔 | Q12: =VLOOKUP(C12,'2-1. 인사고과표(기능)'!B:AS,44,0) -> S | R12: =VLOOKUP(C12,'2-2. 인사고과표(안전)'!B:AO,40,0) -> S | W12: 금호건설 | X12: 홍천 금호어울림 더퍼스트 | Y12: APT/오피스텔
B13: 24018 | C13: =ROW()-5 -> 8 | D13: =IFERROR(" "&VLOOKUP(B13,현장리스트!$B:$C,2,0),"-") -> [1.DL건설] 전도관구역 주택재개발 정비사업조합(01공구) | E13: 윤효상 | F13: =IFERROR(DATEDIF(MID(G13,1,2)&"-"&MID(G13,3,2)&"-"&MID(G13,5,2),TODAY(),"y")&"세","") -> 56세 | G13: 700311-1168319 | H13: =IF(G13="","",IF(LEN(G13)<14,"에러",IF(LEN(G13)<14,"에러",IF(ISODD(MID(G13,8,1)),"남","여")))) -> 남 | I13: 기능공 | J13: 전공 | K13: 200000 | L13: 010-5354-1747 | M13: 서울 | N13: 구로구 | O13: 15년 | P13: APT/오피스텔 | Q13: =VLOOKUP(C13,'2-1. 인사고과표(기능)'!B:AS,44,0) -> A | R13: =VLOOKUP(C13,'2-2. 인사고과표(안전)'!B:AO,40,0) -> S
B14: 24018 | C14: =ROW()-5 -> 9 | D14: =IFERROR(" "&VLOOKUP(B14,현장리스트!$B:$C,2,0),"-") -> [1.DL건설] 전도관구역 주택재개발 정비사업조합(01공구) | E14: 이봉운 | F14: =IFERROR(DATEDIF(MID(G14,1,2)&"-"&MID(G14,3,2)&"-"&MID(G14,5,2),TODAY(),"y")&"세","") -> 44세 | G14: 810409-5141094 | H14: =IF(G14="","",IF(LEN(G14)<14,"에러",IF(LEN(G14)<14,"에러",IF(ISODD(MID(G14,8,1)),"남","여")))) -> 남 | I14: 기능공 | J14: 전공 | K14: 170000 | L14: 010-8480-2777 | M14: 인천 | N14: 연수구 | O14: 5년 | P14: APT/오피스텔 | Q14: =VLOOKUP(C14,'2-1. 인사고과표(기능)'!B:AS,44,0) -> A | R14: =VLOOKUP(C14,'2-2. 인사고과표(안전)'!B:AO,40,0) -> S | W14: DL건설 | X14: E편한세상 주안 에듀서밋 (인천우진주택재건축) | Y14: APT/오피스텔
B15: 24018 | C15: =ROW()-5 -> 10 | D15: =IFERROR(" "&VLOOKUP(B15,현장리스트!$B:$C,2,0),"-") -> [1.DL건설] 전도관구역 주택재개발 정비사업조합(01공구) | E15: 이상열 | F15: =IFERROR(DATEDIF(MID(G15,1,2)&"-"&MID(G15,3,2)&"-"&MID(G15,5,2),TODAY(),"y")&"세","") -> 53세 | G15: 720902-1052520 | H15: =IF(G15="","",IF(LEN(G15)<14,"에러",IF(LEN(G15)<14,"에러",IF(ISODD(MID(G15,8,1)),"남","여")))) -> 남 | I15: 기능공 | J15: 전공 | K15: 220000 | L15: 010-3123-0472 | M15: 인천 | N15: 부평구 | O15: 30년 | P15: APT/오피스텔 | Q15: =VLOOKUP(C15,'2-1. 인사고과표(기능)'!B:AS,44,0) -> S | R15: =VLOOKUP(C15,'2-2. 인사고과표(안전)'!B:AO,40,0) -> S | W15: 대우건설 | X15: 천안성성2지구 A1BL 공동주택 | Y15: APT/오피스텔
B16: 24018 | C16: =ROW()-5 -> 11 | D16: =IFERROR(" "&VLOOKUP(B16,현장리스트!$B:$C,2,0),"-") -> [1.DL건설] 전도관구역 주택재개발 정비사업조합(01공구) | E16: 이후승 | F16: =IFERROR(DATEDIF(MID(G16,1,2)&"-"&MID(G16,3,2)&"-"&MID(G16,5,2),TODAY(),"y")&"세","") -> 27세 | G16: 980727-1156212 | H16: =IF(G16="","",IF(LEN(G16)<14,"에러",IF(LEN(G16)<14,"에러",IF(ISODD(MID(G16,8,1)),"남","여")))) -> 남 | I16: 기능공 | J16: 전공 | K16: 200000 | L16: 010-7567-0472 | M16: 인천 | N16: 부평구 | O16: 7년 | P16: APT/오피스텔 | Q16: =VLOOKUP(C16,'2-1. 인사고과표(기능)'!B:AS,44,0) -> S | R16: =VLOOKUP(C16,'2-2. 인사고과표(안전)'!B:AO,40,0) -> S | W16: 대우건설 | X16: 천안성성2지구 A1BL 공동주택 | Y16: APT/오피스텔
B17: 24018 | C17: =ROW()-5 -> 12 | D17: =IFERROR(" "&VLOOKUP(B17,현장리스트!$B:$C,2,0),"-") -> [1.DL건설] 전도관구역 주택재개발 정비사업조합(01공구) | E17: 조해제 | F17: =IFERROR(DATEDIF(MID(G17,1,2)&"-"&MID(G17,3,2)&"-"&MID(G17,5,2),TODAY(),"y")&"세","") -> 62세 | G17: 630709-5101492 | H17: =IF(G17="","",IF(LEN(G17)<14,"에러",IF(LEN(G17)<14,"에러",IF(ISODD(MID(G17,8,1)),"남","여")))) -> 남 | I17: 기능공 | J17: 전공 | K17: 190000 | L17: 010-3903-1295 | M17: 서울 | N17: 영등포구 | O17: 20년 | P17: APT/오피스텔 | Q17: =VLOOKUP(C17,'2-1. 인사고과표(기능)'!B:AS,44,0) -> S | R17: =VLOOKUP(C17,'2-2. 인사고과표(안전)'!B:AO,40,0) -> S | W17: 대우건설 | X17: 인천 경서3구역 오피스텔 신축공사 전기설비공사(1공구) | Y17: APT/오피스텔
B18: 23013 | C18: =ROW()-5 -> 13 | D18: =IFERROR(" "&VLOOKUP(B18,현장리스트!$B:$C,2,0),"-") -> [1.대우건설] 고양향동 지원1BL 지식산업센터 신축공사 | E18: 홍병수 | F18: =IFERROR(DATEDIF(MID(G18,1,2)&"-"&MID(G18,3,2)&"-"&MID(G18,5,2),TODAY(),"y")&"세","") -> 44세 | G18: 810521-1047111 | H18: =IF(G18="","",IF(LEN(G18)<14,"에러",IF(LEN(G18)<14,"에러",IF(ISODD(MID(G18,8,1)),"남","여")))) -> 남 | I18: 공무 | J18: 과장 | K18: 4900000 | L18: 010-4599-6589 | M18: 서울 | N18: 마포구 | O18: 10 | P18: 일반건축물 | Q18: =VLOOKUP(C18,'2-1. 인사고과표(기능)'!B:AS,44,0) -> S | R18: =VLOOKUP(C18,'2-2. 인사고과표(안전)'!B:AO,40,0) -> S | W18: 은성산업 | X18: 부천 춘의동 지식산업센터 | Y18: 일반건축물 | Z18: 지식산업센터
B19: 23013 | C19: =ROW()-5 -> 14 | D19: =IFERROR(" "&VLOOKUP(B19,현장리스트!$B:$C,2,0),"-") -> [1.대우건설] 고양향동 지원1BL 지식산업센터 신축공사 | E19: 남치원 | F19: =IFERROR(DATEDIF(MID(G19,1,2)&"-"&MID(G19,3,2)&"-"&MID(G19,5,2),TODAY(),"y")&"세","") -> 63세 | G19: 630129-1634417 | H19: =IF(G19="","",IF(LEN(G19)<14,"에러",IF(LEN(G19)<14,"에러",IF(ISODD(MID(G19,8,1)),"남","여")))) -> 남 | I19: 공사 | J19: 차장 | K19: 5300000 | L19: 010-3994-8327 | M19: 인천 | N19: 서구 | O19: 40 | P19: 일반건축물 | Q19: =VLOOKUP(C19,'2-1. 인사고과표(기능)'!B:AS,44,0) -> S | R19: =VLOOKUP(C19,'2-2. 인사고과표(안전)'!B:AO,40,0) -> S | W19: 은성산업 | X19: 부천 춘의동 지식산업센터 | Y19: 일반건축물 | Z19: 지식산업센터
B20: 23013 | C20: =ROW()-5 -> 15 | D20: =IFERROR(" "&VLOOKUP(B20,현장리스트!$B:$C,2,0),"-") -> [1.대우건설] 고양향동 지원1BL 지식산업센터 신축공사 | E20: 문대준 | F20: =IFERROR(DATEDIF(MID(G20,1,2)&"-"&MID(G20,3,2)&"-"&MID(G20,5,2),TODAY(),"y")&"세","") -> 58세 | G20: 671117-1522229 | H20: =IF(G20="","",IF(LEN(G20)<14,"에러",IF(LEN(G20)<14,"에러",IF(ISODD(MID(G20,8,1)),"남","여")))) -> 남 | I20: 공사 | J20: 차장 | K20: 200000 | L20: 010-4708-2293 | M20: 인천 | N20: 부평구 | O20: 21 | P20: 일반건축물 | Q20: =VLOOKUP(C20,'2-1. 인사고과표(기능)'!B:AS,44,0) -> S | R20: =VLOOKUP(C20,'2-2. 인사고과표(안전)'!B:AO,40,0) -> S | AA20: KCC | AB20: KCC 원창동 물류센터 | AC20: 웹센 | AD20: 물류센터
B21: 23013 | C21: =ROW()-5 -> 16 | D21: =IFERROR(" "&VLOOKUP(B21,현장리스트!$B:$C,2,0),"-") -> [1.대우건설] 고양향동 지원1BL 지식산업센터 신축공사 | E21: 김인철 | F21: =IFERROR(DATEDIF(MID(G21,1,2)&"-"&MID(G21,3,2)&"-"&MID(G21,5,2),TODAY(),"y")&"세","") -> 68세 | G21: 570409-1543810 | H21: =IF(G21="","",IF(LEN(G21)<14,"에러",IF(LEN(G21)<14,"에러",IF(ISODD(MID(G21,8,1)),"남","여")))) -> 남 | I21: 기능공 | J21: 전공 | K21: 190000 | L21: 010-8764-8688 | M21: 서울 | N21: 관악구 | O21: 25 | P21: 일반건축물 | Q21: =VLOOKUP(C21,'2-1. 인사고과표(기능)'!B:AS,44,0) -> S | R21: =VLOOKUP(C21,'2-2. 인사고과표(안전)'!B:AO,40,0) -> S | W21: 은성산업 | X21: 부천 춘의동 지식산업센터 | Y21: 일반건축물 | Z21: 지식산업센터
B22: 23013 | C22: =ROW()-5 -> 17 | D22: =IFERROR(" "&VLOOKUP(B22,현장리스트!$B:$C,2,0),"-") -> [1.대우건설] 고양향동 지원1BL 지식산업센터 신축공사 | E22: 엄관영 | F22: =IFERROR(DATEDIF(MID(G22,1,2)&"-"&MID(G22,3,2)&"-"&MID(G22,5,2),TODAY(),"y")&"세","") -> 64세 | G22: 620121-1382427 | H22: =IF(G22="","",IF(LEN(G22)<14,"에러",IF(LEN(G22)<14,"에러",IF(ISODD(MID(G22,8,1)),"남","여")))) -> 남 | I22: 기능공 | J22: 전공 | K22: 190000 | L22: 010-7531-4578 | M22: 인천 | N22: 서구 | O22: 9 | P22: 일반건축물 | Q22: =VLOOKUP(C22,'2-1. 인사고과표(기능)'!B:AS,44,0) -> A | R22: =VLOOKUP(C22,'2-2. 인사고과표(안전)'!B:AO,40,0) -> S | W22: 은성산업 | X22: 부천 춘의동 지식산업센터 | Y22: 일반건축물 | Z22: 지식산업센터
B23: 25032 | C23: =ROW()-5 -> 18 | D23: =IFERROR(" "&VLOOKUP(B23,현장리스트!$B:$C,2,0),"-") -> [1.대우건설] 인천검단 신도시 AA28BL 공동주택 신축공사 | E23: 윤홍식 | F23: =IFERROR(DATEDIF(MID(G23,1,2)&"-"&MID(G23,3,2)&"-"&MID(G23,5,2),TODAY(),"y")&"세","") -> 49세 | G23: 760916-1155410 | H23: =IF(G23="","",IF(LEN(G23)<14,"에러",IF(LEN(G23)<14,"에러",IF(ISODD(MID(G23,8,1)),"남","여")))) -> 남 | I23: 공무 | J23: 차장 | K23: 5800000 | L23: 010-3307-7684 | M23: 인천 | N23: 부평구 | P23: APT/오피스텔 | Q23: =VLOOKUP(C23,'2-1. 인사고과표(기능)'!B:AS,44,0) -> S | R23: =VLOOKUP(C23,'2-2. 인사고과표(안전)'!B:AO,40,0) -> S | U23: 특급 | W23: 대우건설 | X23: 태봉공원푸르지오파크몬트신축공사 | Y23: APT/오피스텔
B24: 25032 | C24: =ROW()-5 -> 19 | D24: =IFERROR(" "&VLOOKUP(B24,현장리스트!$B:$C,2,0),"-") -> [1.대우건설] 인천검단 신도시 AA28BL 공동주택 신축공사 | E24: 김지호 | F24: =IFERROR(DATEDIF(MID(G24,1,2)&"-"&MID(G24,3,2)&"-"&MID(G24,5,2),TODAY(),"y")&"세","") -> 31세 | G24: 940407-1059517 | H24: =IF(G24="","",IF(LEN(G24)<14,"에러",IF(LEN(G24)<14,"에러",IF(ISODD(MID(G24,8,1)),"남","여")))) -> 남 | I24: 안전관리자 | J24: 대리 | K24: 3500000 | L24: 010-7631-2416 | M24: 인천 | N24: 부평구 | O24: 2 | P24: APT/오피스텔 | Q24: =VLOOKUP(C24,'2-1. 인사고과표(기능)'!B:AS,44,0) -> A | R24: =VLOOKUP(C24,'2-2. 인사고과표(안전)'!B:AO,40,0) -> S | AA24: 롯데건설 | AB24: 인천검단신도시101역세권개발사업C1,RC1BL | AC24: ㈜오에스엘이엔지 | AD24: APT/오피스텔
B25: 25032 | C25: =ROW()-5 -> 20 | D25: =IFERROR(" "&VLOOKUP(B25,현장리스트!$B:$C,2,0),"-") -> [1.대우건설] 인천검단 신도시 AA28BL 공동주택 신축공사 | E25: 차성철 | F25: =IFERROR(DATEDIF(MID(G25,1,2)&"-"&MID(G25,3,2)&"-"&MID(G25,5,2),TODAY(),"y")&"세","") -> 51세 | G25: 750102-1661925 | H25: =IF(G25="","",IF(LEN(G25)<14,"에러",IF(LEN(G25)<14,"에러",IF(ISODD(MID(G25,8,1)),"남","여")))) -> 남 | I25: 기능공 | J25: 전공 | K25: 210000 | L25: 010-9436-2796 | M25: 전주 | N25: 완산구 | O25: 30년 | P25: APT/오피스텔 | Q25: =VLOOKUP(C25,'2-1. 인사고과표(기능)'!B:AS,44,0) -> S | R25: =VLOOKUP(C25,'2-2. 인사고과표(안전)'!B:AO,40,0) -> S | W25: 대광건영 | X25: 양주 대광로제비앙신축공사 | Y25: APT/오피스텔
B26: 25032 | C26: =ROW()-5 -> 21 | D26: =IFERROR(" "&VLOOKUP(B26,현장리스트!$B:$C,2,0),"-") -> [1.대우건설] 인천검단 신도시 AA28BL 공동주택 신축공사 | E26: 박상걸 | F26: =IFERROR(DATEDIF(MID(G26,1,2)&"-"&MID(G26,3,2)&"-"&MID(G26,5,2),TODAY(),"y")&"세","") -> 46세 | G26: 790719-1253718 | H26: =IF(G26="","",IF(LEN(G26)<14,"에러",IF(LEN(G26)<14,"에러",IF(ISODD(MID(G26,8,1)),"남","여")))) -> 남 | I26: 기능공 | J26: 전공 | K26: 200000 | L26: 010-4166-6227 | M26: 인천 | N26: 서구 | O26: 20년 | P26: APT/오피스텔 | Q26: =VLOOKUP(C26,'2-1. 인사고과표(기능)'!B:AS,44,0) -> A | R26: =VLOOKUP(C26,'2-2. 인사고과표(안전)'!B:AO,40,0) -> S | AA26: 경남기업 | AB26: 파주운정3 공동주택신축공사 | AC26: 세창전기 | AD26: APT/오피스텔
B27: 25032 | C27: =ROW()-5 -> 22 | D27: =IFERROR(" "&VLOOKUP(B27,현장리스트!$B:$C,2,0),"-") -> [1.대우건설] 인천검단 신도시 AA28BL 공동주택 신축공사 | E27: 이세열 | F27: =IFERROR(DATEDIF(MID(G27,1,2)&"-"&MID(G27,3,2)&"-"&MID(G27,5,2),TODAY(),"y")&"세","") -> 42세 | G27: 830409-1085215 | H27: =IF(G27="","",IF(LEN(G27)<14,"에러",IF(LEN(G27)<14,"에러",IF(ISODD(MID(G27,8,1)),"남","여")))) -> 남 | I27: 기능공 | J27: 전공 | K27: 200000 | L27: 010-8945-8220 | M27: 서울 | N27: 강서구 | O27: 20년 | P27: APT/오피스텔 | Q27: =VLOOKUP(C27,'2-1. 인사고과표(기능)'!B:AS,44,0) -> S | R27: =VLOOKUP(C27,'2-2. 인사고과표(안전)'!B:AO,40,0) -> S | W27: 대우건설 | X27: 태봉공원푸르지오파크몬트신축공사 | Y27: APT/오피스텔
B28: 25032 | C28: =ROW()-5 -> 23 | D28: =IFERROR(" "&VLOOKUP(B28,현장리스트!$B:$C,2,0),"-") -> [1.대우건설] 인천검단 신도시 AA28BL 공동주택 신축공사 | E28: 한성필 | F28: =IFERROR(DATEDIF(MID(G28,1,2)&"-"&MID(G28,3,2)&"-"&MID(G28,5,2),TODAY(),"y")&"세","") -> 53세 | G28: 730319-7547410 | H28: =IF(G28="","",IF(LEN(G28)<14,"에러",IF(LEN(G28)<14,"에러",IF(ISODD(MID(G28,8,1)),"남","여")))) -> 남 | I28: 기능공 | J28: 전공 | K28: 200000 | L28: 010-2063-9779 | M28: 부산 | N28: 해운대구 | O28: 25년 | P28: APT/오피스텔 | Q28: =VLOOKUP(C28,'2-1. 인사고과표(기능)'!B:AS,44,0) -> S | R28: =VLOOKUP(C28,'2-2. 인사고과표(안전)'!B:AO,40,0) -> S | AA28: 현대엔지니어링 | AB28: 힐스테이트 신축공사 | AC28: 부신전력 | AD28: APT/오피스텔
B29: 24033 | C29: =ROW()-5 -> 24 | D29: =IFERROR(" "&VLOOKUP(B29,현장리스트!$B:$C,2,0),"-") -> [1.대우건설] 장위6구역 주택재개발 정비사업아파트 신축공사 | E29: 강지성 | F29: =IFERROR(DATEDIF(MID(G29,1,2)&"-"&MID(G29,3,2)&"-"&MID(G29,5,2),TODAY(),"y")&"세","") -> 50세 | G29: 760210-1025317 | H29: =IF(G29="","",IF(LEN(G29)<14,"에러",IF(LEN(G29)<14,"에러",IF(ISODD(MID(G29,8,1)),"남","여")))) -> 남 | I29: 공무 | J29: 차장 | K29: 6500000 | L29: 010-2735-8627 | M29: 서울 | N29: 강동구 | O29: 20 | P29: APT/오피스텔 | Q29: =VLOOKUP(C29,'2-1. 인사고과표(기능)'!B:AS,44,0) -> A | R29: =VLOOKUP(C29,'2-2. 인사고과표(안전)'!B:AO,40,0) | S29: 기사 | U29: 특급 | W29: 대우건설 | X29: 장위6구역 아파트 신축공사 | Y29: APT/오피스텔 | AA29: 현대건설
B30: 24033 | C30: =ROW()-5 -> 25 | D30: =IFERROR(" "&VLOOKUP(B30,현장리스트!$B:$C,2,0),"-") -> [1.대우건설] 장위6구역 주택재개발 정비사업아파트 신축공사 | E30: 이시우 | F30: =IFERROR(DATEDIF(MID(G30,1,2)&"-"&MID(G30,3,2)&"-"&MID(G30,5,2),TODAY(),"y")&"세","") -> 24세 | G30: 011103-3478210 | H30: =IF(G30="","",IF(LEN(G30)<14,"에러",IF(LEN(G30)<14,"에러",IF(ISODD(MID(G30,8,1)),"남","여")))) -> 남 | I30: 공무 | J30: 대리 | K30: 3700000 | L30: 010-3732-7874 | M30: 서울 | N30: 중량구 | O30: 5년 | P30: APT/오피스텔 | Q30: =VLOOKUP(C30,'2-1. 인사고과표(기능)'!B:AS,44,0) -> S | R30: =VLOOKUP(C30,'2-2. 인사고과표(안전)'!B:AO,40,0) -> S | S30: 초급 | U30: 초급 | W30: 롯대건설 | X30: 구리 인창 C구역 아파트 신축공사 | Y30: APT/오피스텔
B31: 24033 | C31: =ROW()-5 -> 26 | D31: =IFERROR(" "&VLOOKUP(B31,현장리스트!$B:$C,2,0),"-") -> [1.대우건설] 장위6구역 주택재개발 정비사업아파트 신축공사 | E31: 정 권 | F31: =IFERROR(DATEDIF(MID(G31,1,2)&"-"&MID(G31,3,2)&"-"&MID(G31,5,2),TODAY(),"y")&"세","") -> 60세 | G31: 650324-1653018 | H31: =IF(G31="","",IF(LEN(G31)<14,"에러",IF(LEN(G31)<14,"에러",IF(ISODD(MID(G31,8,1)),"남","여")))) -> 남 | I31: 공사 | J31: 차장 | K31: 200000 | L31: 010-5391-0859 | M31: 서울 | N31: 노원구 | O31: 35 | P31: APT/오피스텔 | Q31: =VLOOKUP(C31,'2-1. 인사고과표(기능)'!B:AS,44,0) -> S | R31: =VLOOKUP(C31,'2-2. 인사고과표(안전)'!B:AO,40,0) -> S | W31: 범양 건영 | X31: 구미 범양 레우스 신축공사 | Y31: APT/오피스텔
B32: 24033 | C32: =ROW()-5 -> 27 | D32: =IFERROR(" "&VLOOKUP(B32,현장리스트!$B:$C,2,0),"-") -> [1.대우건설] 장위6구역 주택재개발 정비사업아파트 신축공사 | E32: 성경웅 | F32: =IFERROR(DATEDIF(MID(G32,1,2)&"-"&MID(G32,3,2)&"-"&MID(G32,5,2),TODAY(),"y")&"세","") -> 56세 | G32: 690424-1805212 | H32: =IF(G32="","",IF(LEN(G32)<14,"에러",IF(LEN(G32)<14,"에러",IF(ISODD(MID(G32,8,1)),"남","여")))) -> 남 | I32: 공사 | J32: 차장 | K32: 200000 | L32: 010-5099-9847 | M32: 인천 | N32: 계양구 | O32: 15년 | P32: APT/오피스텔 | Q32: =VLOOKUP(C32,'2-1. 인사고과표(기능)'!B:AS,44,0) -> S | R32: =VLOOKUP(C32,'2-2. 인사고과표(안전)'!B:AO,40,0) -> S | W32: 대광 건영 | X32: 내포 신도시 대광 건영 신축공사 | Y32: APT/오피스텔
B33: 24033 | C33: =ROW()-5 -> 28 | D33: =IFERROR(" "&VLOOKUP(B33,현장리스트!$B:$C,2,0),"-") -> [1.대우건설] 장위6구역 주택재개발 정비사업아파트 신축공사 | E33: 용효중 | F33: =IFERROR(DATEDIF(MID(G33,1,2)&"-"&MID(G33,3,2)&"-"&MID(G33,5,2),TODAY(),"y")&"세","") -> 49세 | G33: 760607-1912615 | H33: =IF(G33="","",IF(LEN(G33)<14,"에러",IF(LEN(G33)<14,"에러",IF(ISODD(MID(G33,8,1)),"남","여")))) -> 남 | I33: 기능공 | J33: 전공 | K33: 220000 | L33: 010-8898-5892 | M33: 경남 | N33: 거제 | O33: 13 | P33: APT/오피스텔 | Q33: =VLOOKUP(C33,'2-1. 인사고과표(기능)'!B:AS,44,0) -> S | R33: =VLOOKUP(C33,'2-2. 인사고과표(안전)'!B:AO,40,0) -> S | W33: 범양 건영 | X33: 구미 범양 레우스 신축공사 | Y33: APT/오피스텔
B34: 24033 | C34: =ROW()-5 -> 29 | D34: =IFERROR(" "&VLOOKUP(B34,현장리스트!$B:$C,2,0),"-") -> [1.대우건설] 장위6구역 주택재개발 정비사업아파트 신축공사 | E34: 서경배 | F34: =IFERROR(DATEDIF(MID(G34,1,2)&"-"&MID(G34,3,2)&"-"&MID(G34,5,2),TODAY(),"y")&"세","") -> 62세 | G34: 630914-1559926 | H34: =IF(G34="","",IF(LEN(G34)<14,"에러",IF(LEN(G34)<14,"에러",IF(ISODD(MID(G34,8,1)),"남","여")))) -> 남 | I34: 기능공 | J34: 전공 | K34: 190000 | L34: 010-4117-5500 | M34: 경기 | N34: 화성 | O34: 20 | P34: APT/오피스텔 | Q34: =VLOOKUP(C34,'2-1. 인사고과표(기능)'!B:AS,44,0) -> S | R34: =VLOOKUP(C34,'2-2. 인사고과표(안전)'!B:AO,40,0) -> S | W34: 범양 건영 | X34: 구미 범양 레우스 신축공사 | Y34: APT/오피스텔
B35: 24033 | C35: =ROW()-5 -> 30 | D35: =IFERROR(" "&VLOOKUP(B35,현장리스트!$B:$C,2,0),"-") -> [1.대우건설] 장위6구역 주택재개발 정비사업아파트 신축공사 | E35: 장대용 | F35: =IFERROR(DATEDIF(MID(G35,1,2)&"-"&MID(G35,3,2)&"-"&MID(G35,5,2),TODAY(),"y")&"세","") -> 42세 | G35: 831231-1400317 | H35: =IF(G35="","",IF(LEN(G35)<14,"에러",IF(LEN(G35)<14,"에러",IF(ISODD(MID(G35,8,1)),"남","여")))) -> 남 | I35: 기능공 | J35: 전공 | K35: 200000 | L35: 010-8391-1570 | M35: 경기 | N35: 남양주시 | O35: 11 | P35: APT/오피스텔 | Q35: =VLOOKUP(C35,'2-1. 인사고과표(기능)'!B:AS,44,0) -> S | R35: =VLOOKUP(C35,'2-2. 인사고과표(안전)'!B:AO,40,0) -> S | W35: 대우건설 | X35: 태봉 공원 내 공동주택 신축공사 | Y35: APT/오피스텔
B36: 24033 | C36: =ROW()-5 -> 31 | D36: =IFERROR(" "&VLOOKUP(B36,현장리스트!$B:$C,2,0),"-") -> [1.대우건설] 장위6구역 주택재개발 정비사업아파트 신축공사 | E36: 석준수 | F36: =IFERROR(DATEDIF(MID(G36,1,2)&"-"&MID(G36,3,2)&"-"&MID(G36,5,2),TODAY(),"y")&"세","") -> 50세 | G36: 750925-1183413 | H36: =IF(G36="","",IF(LEN(G36)<14,"에러",IF(LEN(G36)<14,"에러",IF(ISODD(MID(G36,8,1)),"남","여")))) -> 남 | I36: 기능공 | J36: 전공 | K36: 200000 | L36: 010-2259-6816 | M36: 서울 | N36: 은평구 | O36: 8 | P36: APT/오피스텔 | Q36: =VLOOKUP(C36,'2-1. 인사고과표(기능)'!B:AS,44,0) -> A | R36: =VLOOKUP(C36,'2-2. 인사고과표(안전)'!B:AO,40,0) -> S | W36: 대우건설 | X36: 태봉 공원 내 공동주택 신축공사 | Y36: APT/오피스텔
B37: 24033 | C37: =ROW()-5 -> 32 | D37: =IFERROR(" "&VLOOKUP(B37,현장리스트!$B:$C,2,0),"-") -> [1.대우건설] 장위6구역 주택재개발 정비사업아파트 신축공사 | E37: 배기정 | F37: =IFERROR(DATEDIF(MID(G37,1,2)&"-"&MID(G37,3,2)&"-"&MID(G37,5,2),TODAY(),"y")&"세","") -> 32세 | G37: 930828-1218726 | H37: =IF(G37="","",IF(LEN(G37)<14,"에러",IF(LEN(G37)<14,"에러",IF(ISODD(MID(G37,8,1)),"남","여")))) -> 남 | I37: 기능공 | J37: 조공 | K37: 155000 | L37: 010-3708-0838 | M37: 경기 | N37: 남양주시 | O37: 3년 | P37: APT/오피스텔 | Q37: =VLOOKUP(C37,'2-1. 인사고과표(기능)'!B:AS,44,0) -> A | R37: =VLOOKUP(C37,'2-2. 인사고과표(안전)'!B:AO,40,0) -> A | W37: 현대 엔지니어링 | X37: 시흥 지식산업센터 | Y37: APT/오피스텔
B38: 24033 | C38: =ROW()-5 -> 33 | D38: =IFERROR(" "&VLOOKUP(B38,현장리스트!$B:$C,2,0),"-") -> [1.대우건설] 장위6구역 주택재개발 정비사업아파트 신축공사 | E38: 김기현 | F38: =IFERROR(DATEDIF(MID(G38,1,2)&"-"&MID(G38,3,2)&"-"&MID(G38,5,2),TODAY(),"y")&"세","") -> 55세 | G38: 710105-1010912 | H38: =IF(G38="","",IF(LEN(G38)<14,"에러",IF(LEN(G38)<14,"에러",IF(ISODD(MID(G38,8,1)),"남","여")))) -> 남 | I38: 기능공 | J38: 전공 | K38: 200000 | L38: 010-0000-0000 | M38: 경기 | N38: 의정부 | O38: 10년 | P38: APT/오피스텔 | Q38: =VLOOKUP(C38,'2-1. 인사고과표(기능)'!B:AS,44,0) -> S | R38: =VLOOKUP(C38,'2-2. 인사고과표(안전)'!B:AO,40,0) -> S | W38: 현대 산업개발 | X38: 잠실 진주아파트 재개발 | Y38: APT/오피스텔
B39: 24033 | C39: =ROW()-5 -> 34 | D39: =IFERROR(" "&VLOOKUP(B39,현장리스트!$B:$C,2,0),"-") -> [1.대우건설] 장위6구역 주택재개발 정비사업아파트 신축공사 | E39: 문원규 | F39: =IFERROR(DATEDIF(MID(G39,1,2)&"-"&MID(G39,3,2)&"-"&MID(G39,5,2),TODAY(),"y")&"세","") -> 35세 | G39: 910219-1170321 | H39: =IF(G39="","",IF(LEN(G39)<14,"에러",IF(LEN(G39)<14,"에러",IF(ISODD(MID(G39,8,1)),"남","여")))) -> 남 | I39: 기능공 | J39: 조공 | K39: 180000 | L39: 010-0000-0000 | M39: 경기 | N39: 용인 | O39: 7 | P39: APT/오피스텔 | Q39: =VLOOKUP(C39,'2-1. 인사고과표(기능)'!B:AS,44,0) -> S | R39: =VLOOKUP(C39,'2-2. 인사고과표(안전)'!B:AO,40,0) -> S | W39: 대우 건설 | X39: 탕정 푸르지오 리버파크 | Y39: APT/오피스텔
B40: 24025 | C40: =ROW()-5 -> 35 | D40: =IFERROR(" "&VLOOKUP(B40,현장리스트!$B:$C,2,0),"-") -> [1.대우건설] 청라C18BL 오피스텔 신축공사 | E40: 양규성 | F40: =IFERROR(DATEDIF(MID(G40,1,2)&"-"&MID(G40,3,2)&"-"&MID(G40,5,2),TODAY(),"y")&"세","") -> 42세 | G40: 840111-1075229 | H40: =IF(G40="","",IF(LEN(G40)<14,"에러",IF(LEN(G40)<14,"에러",IF(ISODD(MID(G40,8,1)),"남","여")))) -> 남 | I40: 공무 | J40: 과장 | K40: 5400000 | L40: 010-9138-7004 | M40: 서울 | N40: 구로구 | O40: 13 | P40: APT/오피스텔 | Q40: =VLOOKUP(C40,'2-1. 인사고과표(기능)'!B:AS,44,0) -> S | R40: =VLOOKUP(C40,'2-2. 인사고과표(안전)'!B:AO,40,0) -> S | S40: 중급 | U40: 특급 | AA40: 포스코건설 | AB40: 송도E5블록 주상복합현장 | AC40: 중선ITC | AD40: APT/오피스텔
B41: 24025 | C41: =ROW()-5 -> 36 | D41: =IFERROR(" "&VLOOKUP(B41,현장리스트!$B:$C,2,0),"-") -> [1.대우건설] 청라C18BL 오피스텔 신축공사 | E41: 박규철 | F41: =IFERROR(DATEDIF(MID(G41,1,2)&"-"&MID(G41,3,2)&"-"&MID(G41,5,2),TODAY(),"y")&"세","") -> 30세 | G41: 950410-1555011 | H41: =IF(G41="","",IF(LEN(G41)<14,"에러",IF(LEN(G41)<14,"에러",IF(ISODD(MID(G41,8,1)),"남","여")))) -> 남 | I41: 공무 | J41: 과장 | K41: 4500000 | L41: 010-5140-4391 | M41: 광주(전) | N41: 남구 | O41: 8 | P41: APT/오피스텔 | Q41: =VLOOKUP(C41,'2-1. 인사고과표(기능)'!B:AS,44,0) -> S | R41: =VLOOKUP(C41,'2-2. 인사고과표(안전)'!B:AO,40,0) -> S | T41: 초급 | W41: 까뮤이엔씨 | X41: 안성성은지구물류센터 | Y41: 물류센터
B42: 24025 | C42: =ROW()-5 -> 37 | D42: =IFERROR(" "&VLOOKUP(B42,현장리스트!$B:$C,2,0),"-") -> [1.대우건설] 청라C18BL 오피스텔 신축공사 | E42: 차광식 | F42: =IFERROR(DATEDIF(MID(G42,1,2)&"-"&MID(G42,3,2)&"-"&MID(G42,5,2),TODAY(),"y")&"세","") -> 64세 | G42: 620305-1332919 | H42: =IF(G42="","",IF(LEN(G42)<14,"에러",IF(LEN(G42)<14,"에러",IF(ISODD(MID(G42,8,1)),"남","여")))) -> 남 | I42: 공사 | J42: 차장 | K42: 5500000 | L42: 010-9639-1364 | M42: 안산 | N42: 상록구 | O42: 30 | P42: APT/오피스텔 | Q42: =VLOOKUP(C42,'2-1. 인사고과표(기능)'!B:AS,44,0) -> S | R42: =VLOOKUP(C42,'2-2. 인사고과표(안전)'!B:AO,40,0) -> S | AA42: 현대엔지니어링 | AB42: 과천 스마트허브현장 | AC42: 태성산업사 | AD42: 일반건축물
B43: 24025 | C43: =ROW()-5 -> 38 | D43: =IFERROR(" "&VLOOKUP(B43,현장리스트!$B:$C,2,0),"-") -> [1.대우건설] 청라C18BL 오피스텔 신축공사 | E43: 김 동 석 | F43: =IFERROR(DATEDIF(MID(G43,1,2)&"-"&MID(G43,3,2)&"-"&MID(G43,5,2),TODAY(),"y")&"세","") -> 53세 | G43: 730218-1058027 | H43: =IF(G43="","",IF(LEN(G43)<14,"에러",IF(LEN(G43)<14,"에러",IF(ISODD(MID(G43,8,1)),"남","여")))) -> 남 | I43: 공사 | J43: 차장 | K43: 5900000 | L43: 010-3239-6737 | M43: 서울 | N43: 구로구 | O43: 25 | P43: APT/오피스텔 | Q43: =VLOOKUP(C43,'2-1. 인사고과표(기능)'!B:AS,44,0) -> S | R43: =VLOOKUP(C43,'2-2. 인사고과표(안전)'!B:AO,40,0) -> S | S43: 고급 | U43: 특급 | W43: 두산건설 | X43: 송림동 A6BL APT현장 | Y43: APT/오피스텔
B44: 24025 | C44: =ROW()-5 -> 39 | D44: =IFERROR(" "&VLOOKUP(B44,현장리스트!$B:$C,2,0),"-") -> [1.대우건설] 청라C18BL 오피스텔 신축공사 | E44: 강 용 | F44: =IFERROR(DATEDIF(MID(G44,1,2)&"-"&MID(G44,3,2)&"-"&MID(G44,5,2),TODAY(),"y")&"세","") -> 33세 | G44: 920507-5100041 | H44: =IF(G44="","",IF(LEN(G44)<14,"에러",IF(LEN(G44)<14,"에러",IF(ISODD(MID(G44,8,1)),"남","여")))) -> 남 | I44: 기능공 | J44: 전공 | K44: 210000 | L44: 010-9095-0497 | M44: 인천 | N44: 부평구 | O44: 10 | P44: APT/오피스텔 | Q44: =VLOOKUP(C44,'2-1. 인사고과표(기능)'!B:AS,44,0) -> S | R44: =VLOOKUP(C44,'2-2. 인사고과표(안전)'!B:AO,40,0) -> S | AA44: 포스코건설 | AB44: 송도신도시 B5블록현장 | AC44: 지티일렉콘 | AD44: APT/오피스텔
B45: 24025 | C45: =ROW()-5 -> 40 | D45: =IFERROR(" "&VLOOKUP(B45,현장리스트!$B:$C,2,0),"-") -> [1.대우건설] 청라C18BL 오피스텔 신축공사 | E45: 김 용 | F45: =IFERROR(DATEDIF(MID(G45,1,2)&"-"&MID(G45,3,2)&"-"&MID(G45,5,2),TODAY(),"y")&"세","") -> 48세 | G45: 770513-5101491 | H45: =IF(G45="","",IF(LEN(G45)<14,"에러",IF(LEN(G45)<14,"에러",IF(ISODD(MID(G45,8,1)),"남","여")))) -> 남 | I45: 기능공 | J45: 전공 | K45: 210000 | L45: 010-2378-2666 | M45: 인천 | N45: 서구 | O45: 15 | P45: APT/오피스텔 | Q45: =VLOOKUP(C45,'2-1. 인사고과표(기능)'!B:AS,44,0) -> S | R45: =VLOOKUP(C45,'2-2. 인사고과표(안전)'!B:AO,40,0) -> S | W45: 대우산업개발 | X45: 부창구역 주택재개발 | Y45: APT/오피스텔
B46: 24025 | C46: =ROW()-5 -> 41 | D46: =IFERROR(" "&VLOOKUP(B46,현장리스트!$B:$C,2,0),"-") -> [1.대우건설] 청라C18BL 오피스텔 신축공사 | E46: 박옥수 | F46: =IFERROR(DATEDIF(MID(G46,1,2)&"-"&MID(G46,3,2)&"-"&MID(G46,5,2),TODAY(),"y")&"세","") -> 61세 | G46: 640419-1652717 | H46: =IF(G46="","",IF(LEN(G46)<14,"에러",IF(LEN(G46)<14,"에러",IF(ISODD(MID(G46,8,1)),"남","여")))) -> 남 | I46: 기능공 | J46: 조공 | K46: 190000 | L46: 010-2201-4315 | M46: 인천 | N46: 연수구 | O46: 5 | P46: APT/오피스텔 | Q46: =VLOOKUP(C46,'2-1. 인사고과표(기능)'!B:AS,44,0) -> S | R46: =VLOOKUP(C46,'2-2. 인사고과표(안전)'!B:AO,40,0) -> S | AA46: 포스코건설 | AB46: 송도신도시 B5블록현장 | AC46: 지티일렉콘 | AD46: APT/오피스텔
B47: 24025 | C47: =ROW()-5 -> 42 | D47: =IFERROR(" "&VLOOKUP(B47,현장리스트!$B:$C,2,0),"-") -> [1.대우건설] 청라C18BL 오피스텔 신축공사 | E47: 전봉기 | F47: =IFERROR(DATEDIF(MID(G47,1,2)&"-"&MID(G47,3,2)&"-"&MID(G47,5,2),TODAY(),"y")&"세","") -> 63세 | G47: 620401-1653011 | H47: =IF(G47="","",IF(LEN(G47)<14,"에러",IF(LEN(G47)<14,"에러",IF(ISODD(MID(G47,8,1)),"남","여")))) -> 남 | I47: 기능공 | J47: 전공 | K47: 210000 | L47: 010-3407-7243 | M47: 서울 | N47: 관악구 | O47: 20 | P47: APT/오피스텔 | Q47: =VLOOKUP(C47,'2-1. 인사고과표(기능)'!B:AS,44,0) -> S | R47: =VLOOKUP(C47,'2-2. 인사고과표(안전)'!B:AO,40,0) -> S | AA47: 대우건설 | AB47: 관악구 신림동APT현장 | AC47: 대일전기 | AD47: APT/오피스텔
B48: 24025 | C48: =ROW()-5 -> 43 | D48: =IFERROR(" "&VLOOKUP(B48,현장리스트!$B:$C,2,0),"-") -> [1.대우건설] 청라C18BL 오피스텔 신축공사 | E48: 정진형 | F48: =IFERROR(DATEDIF(MID(G48,1,2)&"-"&MID(G48,3,2)&"-"&MID(G48,5,2),TODAY(),"y")&"세","") -> 29세 | G48: 960910-1150311 | H48: =IF(G48="","",IF(LEN(G48)<14,"에러",IF(LEN(G48)<14,"에러",IF(ISODD(MID(G48,8,1)),"남","여")))) -> 남 | I48: 기능공 | J48: 조공 | K48: 180000 | L48: 010-5830-0316 | M48: 인천 | N48: 남동구 | O48: 3 | P48: APT/오피스텔 | Q48: =VLOOKUP(C48,'2-1. 인사고과표(기능)'!B:AS,44,0) -> S | R48: =VLOOKUP(C48,'2-2. 인사고과표(안전)'!B:AO,40,0) -> S | AA48: 포스코건설 | AB48: 송도신도시 B5블록현장 | AC48: 지티일렉콘 | AD48: APT/오피스텔
B49: 24025 | C49: =ROW()-5 -> 44 | D49: =IFERROR(" "&VLOOKUP(B49,현장리스트!$B:$C,2,0),"-") -> [1.대우건설] 청라C18BL 오피스텔 신축공사 | E49: 조영종 | F49: =IFERROR(DATEDIF(MID(G49,1,2)&"-"&MID(G49,3,2)&"-"&MID(G49,5,2),TODAY(),"y")&"세","") -> 51세 | G49: 750220-1624511 | H49: =IF(G49="","",IF(LEN(G49)<14,"에러",IF(LEN(G49)<14,"에러",IF(ISODD(MID(G49,8,1)),"남","여")))) -> 남 | I49: 기능공 | J49: 전공 | K49: 210000 | L49: 010-9413-3011 | M49: 인천 | N49: 연수구 | O49: 20 | P49: APT/오피스텔 | Q49: =VLOOKUP(C49,'2-1. 인사고과표(기능)'!B:AS,44,0) -> S | R49: =VLOOKUP(C49,'2-2. 인사고과표(안전)'!B:AO,40,0) -> S | AA49: 포스코건설 | AB49: 송도신도시 B5블록현장 | AC49: 지티일렉콘 | AD49: APT/오피스텔
B50: 23044 | C50: =ROW()-5 -> 45 | D50: =IFERROR(" "&VLOOKUP(B50,현장리스트!$B:$C,2,0),"-") -> [1.대우건설] 청주 테크노폴리스 S1-1,2BL 주상복합 신축공사 | E50: 이경애 | F50: =IFERROR(DATEDIF(MID(G50,1,2)&"-"&MID(G50,3,2)&"-"&MID(G50,5,2),TODAY(),"y")&"세","") -> 51세 | G50: 741122-2168335 | H50: =IF(G50="","",IF(LEN(G50)<14,"에러",IF(LEN(G50)<14,"에러",IF(ISODD(MID(G50,8,1)),"남","여")))) -> 여 | I50: 공무 | J50: 과장 | K50: 4500000 | L50: 010-7174-7639 | M50: 경기 | N50: 수원 | O50: 9 | P50: APT/오피스텔 | Q50: =VLOOKUP(C50,'2-1. 인사고과표(기능)'!B:AS,44,0) -> S | R50: =VLOOKUP(C50,'2-2. 인사고과표(안전)'!B:AO,40,0) -> S | U50: 초급 | W50: 대우건설 | X50: 세운헤리시티현장 | Y50: APT/오피스텔 | AD50: APT/오피스텔
B51: 23044 | C51: =ROW()-5 -> 46 | D51: =IFERROR(" "&VLOOKUP(B51,현장리스트!$B:$C,2,0),"-") -> [1.대우건설] 청주 테크노폴리스 S1-1,2BL 주상복합 신축공사 | E51: 김차영 | F51: =IFERROR(DATEDIF(MID(G51,1,2)&"-"&MID(G51,3,2)&"-"&MID(G51,5,2),TODAY(),"y")&"세","") -> 56세 | G51: 690810-1622312 | H51: =IF(G51="","",IF(LEN(G51)<14,"에러",IF(LEN(G51)<14,"에러",IF(ISODD(MID(G51,8,1)),"남","여")))) -> 남 | I51: 공사 | J51: 차장 | K51: 5800000 | L51: 010-4386-7140 | M51: 서울 | N51: 은명구 | O51: 30년 | P51: APT/오피스텔 | Q51: =VLOOKUP(C51,'2-1. 인사고과표(기능)'!B:AS,44,0) -> S | R51: =VLOOKUP(C51,'2-2. 인사고과표(안전)'!B:AO,40,0) -> S | W51: 대우건설 | X51: 세운헤리시티현장 | Y51: APT/오피스텔 | AA51: 삼호건설 삼성건설 | AD51: APT/오피스텔
B52: 23044 | C52: =ROW()-5 -> 47 | D52: =IFERROR(" "&VLOOKUP(B52,현장리스트!$B:$C,2,0),"-") -> [1.대우건설] 청주 테크노폴리스 S1-1,2BL 주상복합 신축공사 | E52: 이정국 | F52: =IFERROR(DATEDIF(MID(G52,1,2)&"-"&MID(G52,3,2)&"-"&MID(G52,5,2),TODAY(),"y")&"세","") -> 51세 | G52: 741128-1379611 | H52: =IF(G52="","",IF(LEN(G52)<14,"에러",IF(LEN(G52)<14,"에러",IF(ISODD(MID(G52,8,1)),"남","여")))) -> 남 | I52: 기능공 | J52: 전공 | K52: 200000 | L52: 010-9178-4851 | M52: 충북 | N52: 청주 | O52: 24년 | P52: APT/오피스텔 | Q52: =VLOOKUP(C52,'2-1. 인사고과표(기능)'!B:AS,44,0) -> A | R52: =VLOOKUP(C52,'2-2. 인사고과표(안전)'!B:AO,40,0) -> A | AA52: 동양건설 | AD52: APT/오피스텔
B53: 23044 | C53: =ROW()-5 -> 48 | D53: =IFERROR(" "&VLOOKUP(B53,현장리스트!$B:$C,2,0),"-") -> [1.대우건설] 청주 테크노폴리스 S1-1,2BL 주상복합 신축공사 | E53: 김태훈 | F53: =IFERROR(DATEDIF(MID(G53,1,2)&"-"&MID(G53,3,2)&"-"&MID(G53,5,2),TODAY(),"y")&"세","") -> 38세 | G53: 870524-1121011 | H53: =IF(G53="","",IF(LEN(G53)<14,"에러",IF(LEN(G53)<14,"에러",IF(ISODD(MID(G53,8,1)),"남","여")))) -> 남 | I53: 기능공 | J53: 조공 | K53: 170000 | L53: 010-3782-1087 | M53: 대전 | N53: 유성구 | O53: 2년 | P53: APT/오피스텔 | Q53: =VLOOKUP(C53,'2-1. 인사고과표(기능)'!B:AS,44,0) -> B | R53: =VLOOKUP(C53,'2-2. 인사고과표(안전)'!B:AO,40,0) -> S
B54: 23044 | C54: =ROW()-5 -> 49 | D54: =IFERROR(" "&VLOOKUP(B54,현장리스트!$B:$C,2,0),"-") -> [1.대우건설] 청주 테크노폴리스 S1-1,2BL 주상복합 신축공사 | E54: 김용세 | F54: =IFERROR(DATEDIF(MID(G54,1,2)&"-"&MID(G54,3,2)&"-"&MID(G54,5,2),TODAY(),"y")&"세","") -> 50세 | G54: 760323-1330518 | H54: =IF(G54="","",IF(LEN(G54)<14,"에러",IF(LEN(G54)<14,"에러",IF(ISODD(MID(G54,8,1)),"남","여")))) -> 남 | I54: 기능공 | J54: 전공 | K54: 220000 | L54: 010-281-7876 | M54: 충부 | N54: 청주 | O54: 20년 | P54: APT/오피스텔 | Q54: =VLOOKUP(C54,'2-1. 인사고과표(기능)'!B:AS,44,0) -> S | R54: =VLOOKUP(C54,'2-2. 인사고과표(안전)'!B:AO,40,0) -> S | Y54: APT/오피스텔 | AA54: 현대건설 | AD54: APT/오피스텔
B55: 23044 | C55: =ROW()-5 -> 50 | D55: =IFERROR(" "&VLOOKUP(B55,현장리스트!$B:$C,2,0),"-") -> [1.대우건설] 청주 테크노폴리스 S1-1,2BL 주상복합 신축공사 | E55: 이상범 | F55: =IFERROR(DATEDIF(MID(G55,1,2)&"-"&MID(G55,3,2)&"-"&MID(G55,5,2),TODAY(),"y")&"세","") -> 51세 | G55: 741019-1350816 | H55: =IF(G55="","",IF(LEN(G55)<14,"에러",IF(LEN(G55)<14,"에러",IF(ISODD(MID(G55,8,1)),"남","여")))) -> 남 | I55: 기능공 | J55: 전공 | K55: 190000 | L55: 010-4428-2469 | M55: 충북 | N55: 청주 | O55: 10 | P55: APT/오피스텔 | Q55: =VLOOKUP(C55,'2-1. 인사고과표(기능)'!B:AS,44,0) -> A | R55: =VLOOKUP(C55,'2-2. 인사고과표(안전)'!B:AO,40,0) -> A | Y55: APT/오피스텔 | AA55: 롯데건설 | AD55: APT/오피스텔
B56: 23044 | C56: =ROW()-5 -> 51 | D56: =IFERROR(" "&VLOOKUP(B56,현장리스트!$B:$C,2,0),"-") -> [1.대우건설] 청주 테크노폴리스 S1-1,2BL 주상복합 신축공사 | E56: 이용호 | F56: =IFERROR(DATEDIF(MID(G56,1,2)&"-"&MID(G56,3,2)&"-"&MID(G56,5,2),TODAY(),"y")&"세","") -> 61세 | G56: 650104-1454812 | H56: =IF(G56="","",IF(LEN(G56)<14,"에러",IF(LEN(G56)<14,"에러",IF(ISODD(MID(G56,8,1)),"남","여")))) -> 남 | I56: 기능공 | J56: 전공 | K56: 210000 | L56: 010-8498-9006 | M56: 충북 | N56: 청주 | O56: 20년 | P56: APT/오피스텔 | Q56: =VLOOKUP(C56,'2-1. 인사고과표(기능)'!B:AS,44,0) -> S | R56: =VLOOKUP(C56,'2-2. 인사고과표(안전)'!B:AO,40,0) -> A | W56: 대우건설 | X56: 신영지웰 | Y56: APT/오피스텔 | AA56: 라인건설 | AD56: APT/오피스텔
B57: 23044 | C57: =ROW()-5 -> 52 | D57: =IFERROR(" "&VLOOKUP(B57,현장리스트!$B:$C,2,0),"-") -> [1.대우건설] 청주 테크노폴리스 S1-1,2BL 주상복합 신축공사 | E57: 하재근 | F57: =IFERROR(DATEDIF(MID(G57,1,2)&"-"&MID(G57,3,2)&"-"&MID(G57,5,2),TODAY(),"y")&"세","") -> 54세 | G57: 710725-1835521 | H57: =IF(G57="","",IF(LEN(G57)<14,"에러",IF(LEN(G57)<14,"에러",IF(ISODD(MID(G57,8,1)),"남","여")))) -> 남 | I57: 기능공 | J57: 전공 | K57: 200000 | L57: 010-6660-6101 | M57: 충북 | N57: 세종 | O57: 16년 | P57: APT/오피스텔 | Q57: =VLOOKUP(C57,'2-1. 인사고과표(기능)'!B:AS,44,0) -> S | R57: =VLOOKUP(C57,'2-2. 인사고과표(안전)'!B:AO,40,0) -> A | AA57: DL건설 | AD57: APT/오피스텔
B58: 23044 | C58: =ROW()-5 -> 53 | D58: =IFERROR(" "&VLOOKUP(B58,현장리스트!$B:$C,2,0),"-") -> [1.대우건설] 청주 테크노폴리스 S1-1,2BL 주상복합 신축공사 | E58: 이영환 | F58: =IFERROR(DATEDIF(MID(G58,1,2)&"-"&MID(G58,3,2)&"-"&MID(G58,5,2),TODAY(),"y")&"세","") -> 47세 | G58: 781206-1236816 | H58: =IF(G58="","",IF(LEN(G58)<14,"에러",IF(LEN(G58)<14,"에러",IF(ISODD(MID(G58,8,1)),"남","여")))) -> 남 | I58: 기능공 | J58: 전공 | K58: 200000 | L58: 010-2421-3263 | M58: 충북 | N58: 청주 | O58: 10년 | P58: APT/오피스텔 | Q58: =VLOOKUP(C58,'2-1. 인사고과표(기능)'!B:AS,44,0) -> A | R58: =VLOOKUP(C58,'2-2. 인사고과표(안전)'!B:AO,40,0) -> A | W58: 대우건설 | X58: 하남1A B/L 푸르지오 | Y58: APT/오피스텔 | AA58: 대우건설 | AD58: APT/오피스텔
B59: 23044 | C59: =ROW()-5 -> 54 | D59: =IFERROR(" "&VLOOKUP(B59,현장리스트!$B:$C,2,0),"-") -> [1.대우건설] 청주 테크노폴리스 S1-1,2BL 주상복합 신축공사 | E59: 김기수 | F59: =IFERROR(DATEDIF(MID(G59,1,2)&"-"&MID(G59,3,2)&"-"&MID(G59,5,2),TODAY(),"y")&"세","") -> 47세 | G59: 790218-1805316 | H59: =IF(G59="","",IF(LEN(G59)<14,"에러",IF(LEN(G59)<14,"에러",IF(ISODD(MID(G59,8,1)),"남","여")))) -> 남 | I59: 기능공 | J59: 전공 | K59: 210000 | L59: 010-4108-8058 | M59: 충북 | N59: 청주 | O59: 24년 | P59: APT/오피스텔 | Q59: =VLOOKUP(C59,'2-1. 인사고과표(기능)'!B:AS,44,0) -> A | R59: =VLOOKUP(C59,'2-2. 인사고과표(안전)'!B:AO,40,0) -> A | W59: 대우건설 | X59: 신영지웰 | Y59: APT/오피스텔 | AA59: 대우건설 | AD59: APT/오피스텔
B60: 23044 | C60: =ROW()-5 -> 55 | D60: =IFERROR(" "&VLOOKUP(B60,현장리스트!$B:$C,2,0),"-") -> [1.대우건설] 청주 테크노폴리스 S1-1,2BL 주상복합 신축공사 | E60: 박진연 | F60: =IFERROR(DATEDIF(MID(G60,1,2)&"-"&MID(G60,3,2)&"-"&MID(G60,5,2),TODAY(),"y")&"세","") -> 50세 | G60: 750513-1772421 | H60: =IF(G60="","",IF(LEN(G60)<14,"에러",IF(LEN(G60)<14,"에러",IF(ISODD(MID(G60,8,1)),"남","여")))) -> 남 | I60: 기능공 | J60: 조공 | K60: 170000 | L60: 010-8349-5916 | M60: 충북 | N60: 청주 | O60: 3년 | P60: APT/오피스텔 | Q60: =VLOOKUP(C60,'2-1. 인사고과표(기능)'!B:AS,44,0) -> B | R60: =VLOOKUP(C60,'2-2. 인사고과표(안전)'!B:AO,40,0) -> A | AB60: 지역난방 | AC60: 남양계전 | AD60: 기타
B61: 23044 | C61: =ROW()-5 -> 56 | D61: =IFERROR(" "&VLOOKUP(B61,현장리스트!$B:$C,2,0),"-") -> [1.대우건설] 청주 테크노폴리스 S1-1,2BL 주상복합 신축공사 | E61: 배경훈 | F61: =IFERROR(DATEDIF(MID(G61,1,2)&"-"&MID(G61,3,2)&"-"&MID(G61,5,2),TODAY(),"y")&"세","") -> 48세 | G61: 770729-1912817 | H61: =IF(G61="","",IF(LEN(G61)<14,"에러",IF(LEN(G61)<14,"에러",IF(ISODD(MID(G61,8,1)),"남","여")))) -> 남 | I61: 기능공 | J61: 조공 | K61: 170000 | L61: 010-4575-9051 | M61: 충북 | N61: 청주 | O61: 3 | P61: APT/오피스텔 | Q61: =VLOOKUP(C61,'2-1. 인사고과표(기능)'!B:AS,44,0) -> A | R61: =VLOOKUP(C61,'2-2. 인사고과표(안전)'!B:AO,40,0) -> S | AB61: SK 하이닉스 | AD61: 기타
B62: 23044 | C62: =ROW()-5 -> 57 | D62: =IFERROR(" "&VLOOKUP(B62,현장리스트!$B:$C,2,0),"-") -> [1.대우건설] 청주 테크노폴리스 S1-1,2BL 주상복합 신축공사 | E62: 김원 | F62: =IFERROR(DATEDIF(MID(G62,1,2)&"-"&MID(G62,3,2)&"-"&MID(G62,5,2),TODAY(),"y")&"세","") -> 43세 | G62: 830217-1063525 | H62: =IF(G62="","",IF(LEN(G62)<14,"에러",IF(LEN(G62)<14,"에러",IF(ISODD(MID(G62,8,1)),"남","여")))) -> 남 | I62: 기능공 | J62: 전공 | K62: 190000 | L62: 010-9780-1055 | M62: 충북 | N62: 청주 | O62: 8년 | P62: APT/오피스텔 | Q62: =VLOOKUP(C62,'2-1. 인사고과표(기능)'!B:AS,44,0) -> A | R62: =VLOOKUP(C62,'2-2. 인사고과표(안전)'!B:AO,40,0) -> A | AA62: 포스코건설 | AD62: APT/오피스텔
B63: 23044 | C63: =ROW()-5 -> 58 | D63: =IFERROR(" "&VLOOKUP(B63,현장리스트!$B:$C,2,0),"-") -> [1.대우건설] 청주 테크노폴리스 S1-1,2BL 주상복합 신축공사 | E63: 고상용 | F63: =IFERROR(DATEDIF(MID(G63,1,2)&"-"&MID(G63,3,2)&"-"&MID(G63,5,2),TODAY(),"y")&"세","") -> 53세 | G63: 721214-1017518 | H63: =IF(G63="","",IF(LEN(G63)<14,"에러",IF(LEN(G63)<14,"에러",IF(ISODD(MID(G63,8,1)),"남","여")))) -> 남 | I63: 기능공 | J63: 전공 | K63: 190000 | L63: 010-6485-3917 | M63: 경기 | N63: 고양 | O63: 23년 | P63: APT/오피스텔 | Q63: =VLOOKUP(C63,'2-1. 인사고과표(기능)'!B:AS,44,0) -> A | R63: =VLOOKUP(C63,'2-2. 인사고과표(안전)'!B:AO,40,0) -> A | W63: 원건설 | X63: 송절동 힐데스하임 | AA63: 원건설 | AD63: APT/오피스텔
B64: 23044 | C64: =ROW()-5 -> 59 | D64: =IFERROR(" "&VLOOKUP(B64,현장리스트!$B:$C,2,0),"-") -> [1.대우건설] 청주 테크노폴리스 S1-1,2BL 주상복합 신축공사 | E64: 하태홍 | F64: =IFERROR(DATEDIF(MID(G64,1,2)&"-"&MID(G64,3,2)&"-"&MID(G64,5,2),TODAY(),"y")&"세","") -> 58세 | G64: 670919-1795819 | H64: =IF(G64="","",IF(LEN(G64)<14,"에러",IF(LEN(G64)<14,"에러",IF(ISODD(MID(G64,8,1)),"남","여")))) -> 남 | I64: 기능공 | J64: 전공 | K64: 200000 | L64: 010-2425-4301 | M64: 충북 | N64: 청주 | O64: 20년 | P64: 기타 | Q64: =VLOOKUP(C64,'2-1. 인사고과표(기능)'!B:AS,44,0) -> S | R64: =VLOOKUP(C64,'2-2. 인사고과표(안전)'!B:AO,40,0) -> A | W64: 현대 | X64: 터미널 신축 공사 | AA64: 현대엔지니어링 | AD64: 기타
B65: 23044 | C65: =ROW()-5 -> 60 | D65: =IFERROR(" "&VLOOKUP(B65,현장리스트!$B:$C,2,0),"-") -> [1.대우건설] 청주 테크노폴리스 S1-1,2BL 주상복합 신축공사 | E65: 이윤희 | F65: =IFERROR(DATEDIF(MID(G65,1,2)&"-"&MID(G65,3,2)&"-"&MID(G65,5,2),TODAY(),"y")&"세","") -> 54세 | G65: 710405-1390028 | H65: =IF(G65="","",IF(LEN(G65)<14,"에러",IF(LEN(G65)<14,"에러",IF(ISODD(MID(G65,8,1)),"남","여")))) -> 남 | I65: 기능공 | J65: 전공 | K65: 200000 | L65: 010-2458-9467 | M65: 충북 | N65: 청주 | O65: 13년 | P65: 기타 | Q65: =VLOOKUP(C65,'2-1. 인사고과표(기능)'!B:AS,44,0) -> S | R65: =VLOOKUP(C65,'2-2. 인사고과표(안전)'!B:AO,40,0) -> A | W65: 현대엔지이어링 | X65: 고속버스터미널 공사 | Y65: 기타 | AA65: 현대엔지니어링 | AD65: 기타
B66: 23044 | C66: =ROW()-5 -> 61 | D66: =IFERROR(" "&VLOOKUP(B66,현장리스트!$B:$C,2,0),"-") -> [1.대우건설] 청주 테크노폴리스 S1-1,2BL 주상복합 신축공사 | E66: 주봉진 | F66: =IFERROR(DATEDIF(MID(G66,1,2)&"-"&MID(G66,3,2)&"-"&MID(G66,5,2),TODAY(),"y")&"세","") -> 45세 | G66: 800424-1453527 | H66: =IF(G66="","",IF(LEN(G66)<14,"에러",IF(LEN(G66)<14,"에러",IF(ISODD(MID(G66,8,1)),"남","여")))) -> 남 | I66: 기능공 | J66: 전공 | K66: 210000 | L66: 010-3218-3312 | M66: 충북 | N66: 청주 | O66: 20년 | P66: 기타 | Q66: =VLOOKUP(C66,'2-1. 인사고과표(기능)'!B:AS,44,0) -> A | R66: =VLOOKUP(C66,'2-2. 인사고과표(안전)'!B:AO,40,0) -> A | AA66: BJ소양 | AB66: 책마을공사 | AD66: 기타
B67: 23044 | C67: =ROW()-5 -> 62 | D67: =IFERROR(" "&VLOOKUP(B67,현장리스트!$B:$C,2,0),"-") -> [1.대우건설] 청주 테크노폴리스 S1-1,2BL 주상복합 신축공사 | E67: 김진영 | F67: =IFERROR(DATEDIF(MID(G67,1,2)&"-"&MID(G67,3,2)&"-"&MID(G67,5,2),TODAY(),"y")&"세","") -> 56세 | G67: 700119-1654324 | H67: =IF(G67="","",IF(LEN(G67)<14,"에러",IF(LEN(G67)<14,"에러",IF(ISODD(MID(G67,8,1)),"남","여")))) -> 남 | I67: 안전관리자 | J67: 과장 | K67: 4000000 | L67: 010-6601-6344 | M67: 광주 | N67: 광산구 | Q67: =VLOOKUP(C67,'2-1. 인사고과표(기능)'!B:AS,44,0) -> S | R67: =VLOOKUP(C67,'2-2. 인사고과표(안전)'!B:AO,40,0) -> S
B68: 22073 | C68: =ROW()-5 -> 63 | D68: =IFERROR(" "&VLOOKUP(B68,현장리스트!$B:$C,2,0),"-") -> [1.대우건설] 파주운정지구 도시지원 4-5,6,7,8,9BL(1단지) 및 4-4BL(2단지) 오피스텔 신축공사 | E68: 박현준 | F68: =IFERROR(DATEDIF(MID(G68,1,2)&"-"&MID(G68,3,2)&"-"&MID(G68,5,2),TODAY(),"y")&"세","") -> 44세 | G68: 811007-1150518 | H68: =IF(G68="","",IF(LEN(G68)<14,"에러",IF(LEN(G68)<14,"에러",IF(ISODD(MID(G68,8,1)),"남","여")))) -> 남 | I68: 공무 | J68: 과장 | K68: 4850000 | L68: 010-2390-9890 | M68: 인천 | N68: 부평구 | O68: 8년 | P68: APT/오피스텔 | Q68: =VLOOKUP(C68,'2-1. 인사고과표(기능)'!B:AS,44,0) -> S | R68: =VLOOKUP(C68,'2-2. 인사고과표(안전)'!B:AO,40,0) -> S | W68: 대우건설 | X68: 파주 푸르지오 파르세나 | Y68: APT/오피스텔
B69: 22073 | C69: =ROW()-5 -> 64 | D69: =IFERROR(" "&VLOOKUP(B69,현장리스트!$B:$C,2,0),"-") -> [1.대우건설] 파주운정지구 도시지원 4-5,6,7,8,9BL(1단지) 및 4-4BL(2단지) 오피스텔 신축공사 | E69: 주원덕 | F69: =IFERROR(DATEDIF(MID(G69,1,2)&"-"&MID(G69,3,2)&"-"&MID(G69,5,2),TODAY(),"y")&"세","") -> 64세 | G69: 610716-1789723 | H69: =IF(G69="","",IF(LEN(G69)<14,"에러",IF(LEN(G69)<14,"에러",IF(ISODD(MID(G69,8,1)),"남","여")))) -> 남 | I69: 공사 | J69: 차장 | K69: 220000 | L69: 010-8787-8062 | M69: 경기 | N69: 광명 | O69: 20 | P69: APT/오피스텔 | Q69: =VLOOKUP(C69,'2-1. 인사고과표(기능)'!B:AS,44,0) -> S | R69: =VLOOKUP(C69,'2-2. 인사고과표(안전)'!B:AO,40,0) -> S | W69: 대우건설 | X69: 파주 푸르지오 파르세나 | Y69: APT/오피스텔
B70: 22073 | C70: =ROW()-5 -> 65 | D70: =IFERROR(" "&VLOOKUP(B70,현장리스트!$B:$C,2,0),"-") -> [1.대우건설] 파주운정지구 도시지원 4-5,6,7,8,9BL(1단지) 및 4-4BL(2단지) 오피스텔 신축공사 | E70: 김강남 | F70: =IFERROR(DATEDIF(MID(G70,1,2)&"-"&MID(G70,3,2)&"-"&MID(G70,5,2),TODAY(),"y")&"세","") -> 39세 | G70: 870120-1009522 | H70: =IF(G70="","",IF(LEN(G70)<14,"에러",IF(LEN(G70)<14,"에러",IF(ISODD(MID(G70,8,1)),"남","여")))) -> 남 | I70: 기능공 | J70: 전공 | K70: 190000 | L70: 010-3891-8171 | M70: 서울 | N70: 동대문구 | O70: 15 | P70: APT/오피스텔 | Q70: =VLOOKUP(C70,'2-1. 인사고과표(기능)'!B:AS,44,0) -> S | R70: =VLOOKUP(C70,'2-2. 인사고과표(안전)'!B:AO,40,0) -> S | W70: 대우건설 | X70: 파주 푸르지오 파르세나 | Y70: APT/오피스텔
B71: 25035 | C71: =ROW()-5 -> 66 | D71: =IFERROR(" "&VLOOKUP(B71,현장리스트!$B:$C,2,0),"-") -> [1.두산건설] [전기] 강화2지역 주택조합 전기공사 | E71: 고원석 | F71: =IFERROR(DATEDIF(MID(G71,1,2)&"-"&MID(G71,3,2)&"-"&MID(G71,5,2),TODAY(),"y")&"세","") -> 60세 | G71: 660310-1000000 | H71: =IF(G71="","",IF(LEN(G71)<14,"에러",IF(LEN(G71)<14,"에러",IF(ISODD(MID(G71,8,1)),"남","여")))) -> 남 | I71: 공사 | J71: 차장 | K71: 6300000 | L71: 010-6294-6190 | M71: 경기 | N71: 용인 | O71: 35 | P71: APT/오피스텔 | Q71: =VLOOKUP(C71,'2-1. 인사고과표(기능)'!B:AS,44,0) -> S | R71: =VLOOKUP(C71,'2-2. 인사고과표(안전)'!B:AO,40,0) -> S | W71: 두산건설 | X71: 여의구역 전기공사 | Y71: APT/오피스텔
B72: 25035 | C72: =ROW()-5 -> 67 | D72: =IFERROR(" "&VLOOKUP(B72,현장리스트!$B:$C,2,0),"-") -> [1.두산건설] [전기] 강화2지역 주택조합 전기공사 | E72: 최진우 | F72: =IFERROR(DATEDIF(MID(G72,1,2)&"-"&MID(G72,3,2)&"-"&MID(G72,5,2),TODAY(),"y")&"세","") -> 40세 | G72: 850802-1000000 | H72: =IF(G72="","",IF(LEN(G72)<14,"에러",IF(LEN(G72)<14,"에러",IF(ISODD(MID(G72,8,1)),"남","여")))) -> 남 | I72: 공사 | J72: 차장 | K72: 5900000 | L72: 010-5116-0263 | M72: 인천 | N72: 연수구 | O72: 13 | P72: APT/오피스텔 | Q72: =VLOOKUP(C72,'2-1. 인사고과표(기능)'!B:AS,44,0) -> S | R72: =VLOOKUP(C72,'2-2. 인사고과표(안전)'!B:AO,40,0) -> S | W72: 두산건설 | X72: 여의구역 전기공사 | Y72: APT/오피스텔
B73: 25035 | C73: =ROW()-5 -> 68 | D73: =IFERROR(" "&VLOOKUP(B73,현장리스트!$B:$C,2,0),"-") -> [1.두산건설] [전기] 강화2지역 주택조합 전기공사 | E73: 김진오 | F73: =IFERROR(DATEDIF(MID(G73,1,2)&"-"&MID(G73,3,2)&"-"&MID(G73,5,2),TODAY(),"y")&"세","") -> 54세 | G73: 710513-1000000 | H73: =IF(G73="","",IF(LEN(G73)<14,"에러",IF(LEN(G73)<14,"에러",IF(ISODD(MID(G73,8,1)),"남","여")))) -> 남 | I73: 공무 | J73: 부장 | K73: 5300000 | L73: 010-8077-2351 | M73: 경기 | N73: 의왕 | O73: 25 | P73: APT/오피스텔 | Q73: =VLOOKUP(C73,'2-1. 인사고과표(기능)'!B:AS,44,0) -> S | R73: =VLOOKUP(C73,'2-2. 인사고과표(안전)'!B:AO,40,0) -> S | U73: 기사 | W73: 두산건설 | X73: 강화2지역공동주택 신축공사 | Y73: APT/오피스텔 | Z73: 소방현장대리인 | AA73: GS건설 | AB73: 원주자이센트럴현장 | AC73: 캐스트윈 | AD73: APT/오피스텔
B74: 25035 | C74: =ROW()-5 -> 69 | D74: =IFERROR(" "&VLOOKUP(B74,현장리스트!$B:$C,2,0),"-") -> [1.두산건설] [전기] 강화2지역 주택조합 전기공사 | E74: 이두현 | F74: =IFERROR(DATEDIF(MID(G74,1,2)&"-"&MID(G74,3,2)&"-"&MID(G74,5,2),TODAY(),"y")&"세","") -> 44세 | G74: 810502-1000000 | H74: =IF(G74="","",IF(LEN(G74)<14,"에러",IF(LEN(G74)<14,"에러",IF(ISODD(MID(G74,8,1)),"남","여")))) -> 남 | I74: 공무 | J74: 차장 | K74: 5900000 | L74: 010-6294-6190 | M74: 경기 | N74: 김포 | O74: 15 | P74: APT/오피스텔 | Q74: =VLOOKUP(C74,'2-1. 인사고과표(기능)'!B:AS,44,0) -> S | R74: =VLOOKUP(C74,'2-2. 인사고과표(안전)'!B:AO,40,0) -> S | T74: 산업기사 | W74: 두산건설 | X74: 강화2지역공동주택 신축공사 | Y74: APT/오피스텔 | AA74: 현대건설 | AB74: 반포디에이치클래스트 | AC74: 미동이엔씨 | AD74: APT/오피스텔
B75: 25035 | C75: =ROW()-5 -> 70 | D75: =IFERROR(" "&VLOOKUP(B75,현장리스트!$B:$C,2,0),"-") -> [1.두산건설] [전기] 강화2지역 주택조합 전기공사 | E75: 김영규 | F75: =IFERROR(DATEDIF(MID(G75,1,2)&"-"&MID(G75,3,2)&"-"&MID(G75,5,2),TODAY(),"y")&"세","") -> 37세 | G75: 881218-1000000 | H75: =IF(G75="","",IF(LEN(G75)<14,"에러",IF(LEN(G75)<14,"에러",IF(ISODD(MID(G75,8,1)),"남","여")))) -> 남 | I75: 기능공 | J75: 전공 | K75: 200000 | L75: 010-5116-0263 | M75: 인천 | N75: 미추홀구 | O75: 13 | P75: APT/오피스텔 | Q75: =VLOOKUP(C75,'2-1. 인사고과표(기능)'!B:AS,44,0) -> S | R75: =VLOOKUP(C75,'2-2. 인사고과표(안전)'!B:AO,40,0) -> S | W75: 두산건설 | X75: 여의구역 전기공사 | Y75: APT/오피스텔
B76: 25035 | C76: =ROW()-5 -> 71 | D76: =IFERROR(" "&VLOOKUP(B76,현장리스트!$B:$C,2,0),"-") -> [1.두산건설] [전기] 강화2지역 주택조합 전기공사 | E76: 김민규 | F76: =IFERROR(DATEDIF(MID(G76,1,2)&"-"&MID(G76,3,2)&"-"&MID(G76,5,2),TODAY(),"y")&"세","") -> 34세 | G76: 920317-1000000 | H76: =IF(G76="","",IF(LEN(G76)<14,"에러",IF(LEN(G76)<14,"에러",IF(ISODD(MID(G76,8,1)),"남","여")))) -> 남 | I76: 기능공 | J76: 전공 | K76: 200000 | L76: 010-8077-2351 | M76: 인천 | N76: 미추홀구 | O76: 10 | P76: APT/오피스텔 | Q76: =VLOOKUP(C76,'2-1. 인사고과표(기능)'!B:AS,44,0) -> S | R76: =VLOOKUP(C76,'2-2. 인사고과표(안전)'!B:AO,40,0) -> S | W76: 두산건설 | X76: 여의구역 전기공사 | Y76: APT/오피스텔
B77: 25035 | C77: =ROW()-5 -> 72 | D77: =IFERROR(" "&VLOOKUP(B77,현장리스트!$B:$C,2,0),"-") -> [1.두산건설] [전기] 강화2지역 주택조합 전기공사 | E77: 김남현 | F77: =IFERROR(DATEDIF(MID(G77,1,2)&"-"&MID(G77,3,2)&"-"&MID(G77,5,2),TODAY(),"y")&"세","") -> 53세 | G77: 720627-1000000 | H77: =IF(G77="","",IF(LEN(G77)<14,"에러",IF(LEN(G77)<14,"에러",IF(ISODD(MID(G77,8,1)),"남","여")))) -> 남 | I77: 기능공 | J77: 전공 | K77: 200000 | L77: 010-5555-1082 | M77: 서울 | N77: 마포구 | O77: 15 | P77: APT/오피스텔 | Q77: =VLOOKUP(C77,'2-1. 인사고과표(기능)'!B:AS,44,0) -> S | R77: =VLOOKUP(C77,'2-2. 인사고과표(안전)'!B:AO,40,0) -> S | W77: 두산건설 | X77: 여의구역 전기공사 | Y77: APT/오피스텔
B78: 25035 | C78: =ROW()-5 -> 73 | D78: =IFERROR(" "&VLOOKUP(B78,현장리스트!$B:$C,2,0),"-") -> [1.두산건설] [전기] 강화2지역 주택조합 전기공사 | E78: 전영재 | F78: =IFERROR(DATEDIF(MID(G78,1,2)&"-"&MID(G78,3,2)&"-"&MID(G78,5,2),TODAY(),"y")&"세","") -> 24세 | G78: 010829-3000000 | H78: =IF(G78="","",IF(LEN(G78)<14,"에러",IF(LEN(G78)<14,"에러",IF(ISODD(MID(G78,8,1)),"남","여")))) -> 남 | I78: 기능공 | J78: 전공 | K78: 4800000 | L78: 010-8036-1460 | M78: 인천 | N78: 미추홀구 | O78: 4 | P78: APT/오피스텔 | Q78: =VLOOKUP(C78,'2-1. 인사고과표(기능)'!B:AS,44,0) -> S | R78: =VLOOKUP(C78,'2-2. 인사고과표(안전)'!B:AO,40,0) -> S | W78: 두산건설 | X78: 여의구역 전기공사 | Y78: APT/오피스텔
B79: 25035 | C79: =ROW()-5 -> 74 | D79: =IFERROR(" "&VLOOKUP(B79,현장리스트!$B:$C,2,0),"-") -> [1.두산건설] [전기] 강화2지역 주택조합 전기공사 | E79: 이영철 | F79: =IFERROR(DATEDIF(MID(G79,1,2)&"-"&MID(G79,3,2)&"-"&MID(G79,5,2),TODAY(),"y")&"세","") -> 54세 | G79: 710527-1000000 | H79: =IF(G79="","",IF(LEN(G79)<14,"에러",IF(LEN(G79)<14,"에러",IF(ISODD(MID(G79,8,1)),"남","여")))) -> 남 | I79: 기능공 | J79: 전공 | K79: 210000 | L79: 010-4159-2082 | M79: 경기 | N79: 김포 | O79: 30 | P79: APT/오피스텔 | Q79: =VLOOKUP(C79,'2-1. 인사고과표(기능)'!B:AS,44,0) -> S | R79: =VLOOKUP(C79,'2-2. 인사고과표(안전)'!B:AO,40,0) -> S | W79: 두산건설 | X79: 강화2지역공동주택 신축공사 | Y79: APT/오피스텔 | AA79: GS건설 | AB79: 송도 자이풍경재 | AC79: GFS | AD79: APT/오피스텔
B80: 23048 | C80: =ROW()-5 -> 75 | D80: =IFERROR(" "&VLOOKUP(B80,현장리스트!$B:$C,2,0),"-") -> [1.두산건설] 송림3구역 주택재개발 중 전기공사1,2공구 | E80: 박전규 | F80: =IFERROR(DATEDIF(MID(G80,1,2)&"-"&MID(G80,3,2)&"-"&MID(G80,5,2),TODAY(),"y")&"세","") -> 42세 | G80: 831211-1455112 | H80: =IF(G80="","",IF(LEN(G80)<14,"에러",IF(LEN(G80)<14,"에러",IF(ISODD(MID(G80,8,1)),"남","여")))) -> 남 | I80: 공무 | J80: 차장 | K80: 5500000 | L80: 010-3444-7304 | M80: 수원 | N80: 권선구 | O80: 15 | P80: APT/오피스텔 | Q80: =VLOOKUP(C80,'2-1. 인사고과표(기능)'!B:AS,44,0) -> B | R80: =VLOOKUP(C80,'2-2. 인사고과표(안전)'!B:AO,40,0) -> S | T80: 중급 | U80: 고급 | W80: DL건설 | X80: E편한세상 주안 에듀서밋 | Y80: APT/오피스텔
B81: 23048 | C81: =ROW()-5 -> 76 | D81: =IFERROR(" "&VLOOKUP(B81,현장리스트!$B:$C,2,0),"-") -> [1.두산건설] 송림3구역 주택재개발 중 전기공사1,2공구 | E81: 김항규 | F81: =IFERROR(DATEDIF(MID(G81,1,2)&"-"&MID(G81,3,2)&"-"&MID(G81,5,2),TODAY(),"y")&"세","") -> 31세 | G81: 940408-1155716 | H81: =IF(G81="","",IF(LEN(G81)<14,"에러",IF(LEN(G81)<14,"에러",IF(ISODD(MID(G81,8,1)),"남","여")))) -> 남 | I81: 공무 | J81: 기사 | K81: 3500000 | L81: 010-3803-2565 | M81: 인천 | N81: 남동구 | O81: 2 | P81: APT/오피스텔 | Q81: =VLOOKUP(C81,'2-1. 인사고과표(기능)'!B:AS,44,0) -> B | R81: =VLOOKUP(C81,'2-2. 인사고과표(안전)'!B:AO,40,0) -> S | S81: 기사 | U81: 중급
B82: 23048 | C82: =ROW()-5 -> 77 | D82: =IFERROR(" "&VLOOKUP(B82,현장리스트!$B:$C,2,0),"-") -> [1.두산건설] 송림3구역 주택재개발 중 전기공사1,2공구 | E82: 이윤희 | F82: =IFERROR(DATEDIF(MID(G82,1,2)&"-"&MID(G82,3,2)&"-"&MID(G82,5,2),TODAY(),"y")&"세","") -> 62세 | G82: 630324-1051819 | H82: =IF(G82="","",IF(LEN(G82)<14,"에러",IF(LEN(G82)<14,"에러",IF(ISODD(MID(G82,8,1)),"남","여")))) -> 남 | I82: 기능공 | J82: 전공 | K82: 220000 | L82: 010-7652-0324 | M82: 인천 | N82: 부평구 | O82: 30 | P82: APT/오피스텔 | Q82: =VLOOKUP(C82,'2-1. 인사고과표(기능)'!B:AS,44,0) -> B | R82: =VLOOKUP(C82,'2-2. 인사고과표(안전)'!B:AO,40,0) -> S | W82: 두산건설 | X82: 여의구역 본계약 전기공사 | Y82: APT/오피스텔
B83: 23048 | C83: =ROW()-5 -> 78 | D83: =IFERROR(" "&VLOOKUP(B83,현장리스트!$B:$C,2,0),"-") -> [1.두산건설] 송림3구역 주택재개발 중 전기공사1,2공구 | E83: 이봉일 | F83: =IFERROR(DATEDIF(MID(G83,1,2)&"-"&MID(G83,3,2)&"-"&MID(G83,5,2),TODAY(),"y")&"세","") -> 62세 | G83: 640115-5340196 | H83: =IF(G83="","",IF(LEN(G83)<14,"에러",IF(LEN(G83)<14,"에러",IF(ISODD(MID(G83,8,1)),"남","여")))) -> 남 | I83: 기능공 | J83: 전공 | K83: 200000 | L83: 010-3706-4585 | M83: 천안 | N83: 서북구 | O83: 20 | P83: APT/오피스텔 | Q83: =VLOOKUP(C83,'2-1. 인사고과표(기능)'!B:AS,44,0) -> B | R83: =VLOOKUP(C83,'2-2. 인사고과표(안전)'!B:AO,40,0) -> S | W83: DL건설 | X83: 옥천 현장 전기공사 | Y83: APT/오피스텔
B84: 23048 | C84: =ROW()-5 -> 79 | D84: =IFERROR(" "&VLOOKUP(B84,현장리스트!$B:$C,2,0),"-") -> [1.두산건설] 송림3구역 주택재개발 중 전기공사1,2공구 | E84: 최동환 | F84: =IFERROR(DATEDIF(MID(G84,1,2)&"-"&MID(G84,3,2)&"-"&MID(G84,5,2),TODAY(),"y")&"세","") -> 64세 | G84: 620302-1037011 | H84: =IF(G84="","",IF(LEN(G84)<14,"에러",IF(LEN(G84)<14,"에러",IF(ISODD(MID(G84,8,1)),"남","여")))) -> 남 | I84: 기능공 | J84: 전공 | K84: 210000 | L84: 010-5378-6243 | M84: 수원 | N84: 권선구 | O84: 25 | P84: APT/오피스텔 | Q84: =VLOOKUP(C84,'2-1. 인사고과표(기능)'!B:AS,44,0) -> B | R84: =VLOOKUP(C84,'2-2. 인사고과표(안전)'!B:AO,40,0) -> S | W84: 대우건설 | X84: 파주운정지구 도시지원 4-5,6,7,8,9BL(1단지) 및 4-4BL(2단지) 오피스텔 신축공사 | Y84: APT/오피스텔
B85: 23048 | C85: =ROW()-5 -> 80 | D85: =IFERROR(" "&VLOOKUP(B85,현장리스트!$B:$C,2,0),"-") -> [1.두산건설] 송림3구역 주택재개발 중 전기공사1,2공구 | E85: 강상욱 | F85: =IFERROR(DATEDIF(MID(G85,1,2)&"-"&MID(G85,3,2)&"-"&MID(G85,5,2),TODAY(),"y")&"세","") -> 50세 | G85: 750427-1177810 | H85: =IF(G85="","",IF(LEN(G85)<14,"에러",IF(LEN(G85)<14,"에러",IF(ISODD(MID(G85,8,1)),"남","여")))) -> 남 | I85: 기능공 | J85: 전공 | K85: 200000 | L85: 010-8919-0695 | M85: 인천 | N85: 남동구 | O85: 20 | P85: APT/오피스텔 | Q85: =VLOOKUP(C85,'2-1. 인사고과표(기능)'!B:AS,44,0) -> B | R85: =VLOOKUP(C85,'2-2. 인사고과표(안전)'!B:AO,40,0) -> S | W85: 두산건설 | X85: 여의구역 본계약 전기공사 | Y85: APT/오피스텔
B86: 23048 | C86: =ROW()-5 -> 81 | D86: =IFERROR(" "&VLOOKUP(B86,현장리스트!$B:$C,2,0),"-") -> [1.두산건설] 송림3구역 주택재개발 중 전기공사1,2공구 | E86: 한수영 | F86: =IFERROR(DATEDIF(MID(G86,1,2)&"-"&MID(G86,3,2)&"-"&MID(G86,5,2),TODAY(),"y")&"세","") -> 50세 | G86: 751008-1140813 | H86: =IF(G86="","",IF(LEN(G86)<14,"에러",IF(LEN(G86)<14,"에러",IF(ISODD(MID(G86,8,1)),"남","여")))) -> 남 | I86: 기능공 | J86: 전공 | K86: 200000 | L86: 010-6698-7109 | M86: 인천 | N86: 미추홀구 | O86: 20 | P86: APT/오피스텔 | Q86: =VLOOKUP(C86,'2-1. 인사고과표(기능)'!B:AS,44,0) -> B | R86: =VLOOKUP(C86,'2-2. 인사고과표(안전)'!B:AO,40,0) -> S | W86: 두산건설 | X86: 여의구역 본계약 전기공사 | Y86: APT/오피스텔
B87: 23048 | C87: =ROW()-5 -> 82 | D87: =IFERROR(" "&VLOOKUP(B87,현장리스트!$B:$C,2,0),"-") -> [1.두산건설] 송림3구역 주택재개발 중 전기공사1,2공구 | E87: 김형진 | F87: =IFERROR(DATEDIF(MID(G87,1,2)&"-"&MID(G87,3,2)&"-"&MID(G87,5,2),TODAY(),"y")&"세","") -> 34세 | G87: 920122-1151414 | H87: =IF(G87="","",IF(LEN(G87)<14,"에러",IF(LEN(G87)<14,"에러",IF(ISODD(MID(G87,8,1)),"남","여")))) -> 남 | I87: 기능공 | J87: 조공 | K87: 180000 | L87: 010-4652-8005 | M87: 인천 | N87: 부평구 | O87: 5 | P87: APT/오피스텔 | Q87: =VLOOKUP(C87,'2-1. 인사고과표(기능)'!B:AS,44,0) -> B | R87: =VLOOKUP(C87,'2-2. 인사고과표(안전)'!B:AO,40,0) -> S | W87: 두산건설 | X87: 여의구역 본계약 전기공사 | Y87: APT/오피스텔
B88: 25044 | C88: =ROW()-5 -> 83 | D88: =IFERROR(" "&VLOOKUP(B88,현장리스트!$B:$C,2,0),"-") -> [1.라온건설] 덕소2구역 주택재개발 정비사업 | E88: 강윤석 | F88: =IFERROR(DATEDIF(MID(G88,1,2)&"-"&MID(G88,3,2)&"-"&MID(G88,5,2),TODAY(),"y")&"세","") -> 53세 | G88: 721114-1000000 | H88: =IF(G88="","",IF(LEN(G88)<14,"에러",IF(LEN(G88)<14,"에러",IF(ISODD(MID(G88,8,1)),"남","여")))) -> 남 | I88: 공무 | J88: 부장 | K88: 5000000 | L88: 010-7103-8490 | M88: 서울 | N88: 강동구 | O88: 25 | P88: APT/오피스텔 | Q88: =VLOOKUP(C88,'2-1. 인사고과표(기능)'!B:AS,44,0) -> A | R88: =VLOOKUP(C88,'2-2. 인사고과표(안전)'!B:AO,40,0) -> A | S88: 기사 | T88: 중급 | U88: 기사 | V88: 산업기사 | W88: 화성시발주 | X88: 화성유스호스텔 건립공사 | Y88: APT/오피스텔 | AA88: 화성시발주
B89: 25044 | C89: =ROW()-5 -> 84 | D89: =IFERROR(" "&VLOOKUP(B89,현장리스트!$B:$C,2,0),"-") -> [1.라온건설] 덕소2구역 주택재개발 정비사업 | E89: 김병석 | F89: =IFERROR(DATEDIF(MID(G89,1,2)&"-"&MID(G89,3,2)&"-"&MID(G89,5,2),TODAY(),"y")&"세","") -> 52세 | G89: 730328-1000000 | H89: =IF(G89="","",IF(LEN(G89)<14,"에러",IF(LEN(G89)<14,"에러",IF(ISODD(MID(G89,8,1)),"남","여")))) -> 남 | I89: 공사 | J89: 차장 | K89: 5200000 | L89: 010-7709-8930 | M89: 대구 | N89: 달성군 | O89: 15년 | P89: APT/오피스텔 | Q89: =VLOOKUP(C89,'2-1. 인사고과표(기능)'!B:AS,44,0) -> S | R89: =VLOOKUP(C89,'2-2. 인사고과표(안전)'!B:AO,40,0) -> A | U89: 초급 | W89: 현대건설 | X89: 포항 환호공원힐스테이트 2블럭 | Y89: APT/오피스텔 | AA89: 종로전기
B90: 25044 | C90: =ROW()-5 -> 85 | D90: =IFERROR(" "&VLOOKUP(B90,현장리스트!$B:$C,2,0),"-") -> [1.라온건설] 덕소2구역 주택재개발 정비사업 | E90: 황성욱 | F90: =IFERROR(DATEDIF(MID(G90,1,2)&"-"&MID(G90,3,2)&"-"&MID(G90,5,2),TODAY(),"y")&"세","") -> 32세 | G90: 930328-1000000 | H90: =IF(G90="","",IF(LEN(G90)<14,"에러",IF(LEN(G90)<14,"에러",IF(ISODD(MID(G90,8,1)),"남","여")))) -> 남 | I90: 기능공 | J90: 전공 | K90: 200000 | L90: 010-2828-9996 | M90: 대구 | N90: 동구 | O90: 5년 | P90: APT/오피스텔 | Q90: =VLOOKUP(C90,'2-1. 인사고과표(기능)'!B:AS,44,0) -> A | R90: =VLOOKUP(C90,'2-2. 인사고과표(안전)'!B:AO,40,0) -> A | S90: 초급 | W90: 현대건설 | X90: 포항 환호공원힐스테이트 2블럭 | Y90: APT/오피스텔 | AA90: 종로전기
B91: 25044 | C91: =ROW()-5 -> 86 | D91: =IFERROR(" "&VLOOKUP(B91,현장리스트!$B:$C,2,0),"-") -> [1.라온건설] 덕소2구역 주택재개발 정비사업 | E91: 이영재 | F91: =IFERROR(DATEDIF(MID(G91,1,2)&"-"&MID(G91,3,2)&"-"&MID(G91,5,2),TODAY(),"y")&"세","") -> 29세 | G91: 960707-1000000 | H91: =IF(G91="","",IF(LEN(G91)<14,"에러",IF(LEN(G91)<14,"에러",IF(ISODD(MID(G91,8,1)),"남","여")))) -> 남 | I91: 기능공 | J91: 전공 | K91: 180000 | L91: 010-0000-0000 | M91: 대구 | N91: 계양구 | O91: 3년 | P91: APT/오피스텔 | Q91: =VLOOKUP(C91,'2-1. 인사고과표(기능)'!B:AS,44,0) -> A | R91: =VLOOKUP(C91,'2-2. 인사고과표(안전)'!B:AO,40,0) -> A | W91: 현대건설 | X91: 포항 환호공원힐스테이트 2블럭 | Y91: APT/오피스텔 | AA91: 종로전기
B92: 25011 | C92: =ROW()-5 -> 87 | D92: =IFERROR(" "&VLOOKUP(B92,현장리스트!$B:$C,2,0),"-") -> [1.라온건설] 인천 신흥동3가 주상복합 | E92: 박승용 | F92: =IFERROR(DATEDIF(MID(G92,1,2)&"-"&MID(G92,3,2)&"-"&MID(G92,5,2),TODAY(),"y")&"세","") -> 37세 | G92: 881209-1023117 | H92: =IF(G92="","",IF(LEN(G92)<14,"에러",IF(LEN(G92)<14,"에러",IF(ISODD(MID(G92,8,1)),"남","여")))) -> 남 | I92: 공무 | J92: 과장 | K92: 4500000 | L92: 010-5021-7519 | M92: 서울 | N92: 강서구 | O92: 4 | P92: APT/오피스텔 | Q92: =VLOOKUP(C92,'2-1. 인사고과표(기능)'!B:AS,44,0) -> S | R92: =VLOOKUP(C92,'2-2. 인사고과표(안전)'!B:AO,40,0) -> S | W92: 현대건설 | X92: 힐스테이트 레이크 송도4차 | Y92: APT/오피스텔
B93: 25011 | C93: =ROW()-5 -> 88 | D93: =IFERROR(" "&VLOOKUP(B93,현장리스트!$B:$C,2,0),"-") -> [1.라온건설] 인천 신흥동3가 주상복합 | E93: 최재용 | F93: =IFERROR(DATEDIF(MID(G93,1,2)&"-"&MID(G93,3,2)&"-"&MID(G93,5,2),TODAY(),"y")&"세","") -> 49세 | G93: 760815-1067112 | H93: =IF(G93="","",IF(LEN(G93)<14,"에러",IF(LEN(G93)<14,"에러",IF(ISODD(MID(G93,8,1)),"남","여")))) -> 남 | I93: 공사 | J93: 차장 | K93: 230000 | L93: 010-8782-6329 | M93: 경기 | N93: 김포 | O93: 20 | P93: APT/오피스텔 | Q93: =VLOOKUP(C93,'2-1. 인사고과표(기능)'!B:AS,44,0) -> S | R93: =VLOOKUP(C93,'2-2. 인사고과표(안전)'!B:AO,40,0) -> S | S93: 초급 | W93: 현대산업개발 | X93: 시티오씨엘 3단지 | Y93: APT/오피스텔
B94: 25011 | C94: =ROW()-5 -> 89 | D94: =IFERROR(" "&VLOOKUP(B94,현장리스트!$B:$C,2,0),"-") -> [1.라온건설] 인천 신흥동3가 주상복합 | E94: 홍광표 | F94: =IFERROR(DATEDIF(MID(G94,1,2)&"-"&MID(G94,3,2)&"-"&MID(G94,5,2),TODAY(),"y")&"세","") -> 62세 | G94: 630822-1056217 | H94: =IF(G94="","",IF(LEN(G94)<14,"에러",IF(LEN(G94)<14,"에러",IF(ISODD(MID(G94,8,1)),"남","여")))) -> 남 | I94: 공무 | J94: 부장 | K94: 3750000 | L94: 010-8630-1658 | M94: 인천 | N94: 부평구 | O94: 19년 | P94: APT/오피스텔 | Q94: =VLOOKUP(C94,'2-1. 인사고과표(기능)'!B:AS,44,0) -> A | R94: =VLOOKUP(C94,'2-2. 인사고과표(안전)'!B:AO,40,0) -> S | U94: 특급 | AB94: 작전동 현대아파트 재개발 | AC94: 세이프시스템 | AD94: APT/오피스텔
B95: 25011 | C95: =ROW()-5 -> 90 | D95: =IFERROR(" "&VLOOKUP(B95,현장리스트!$B:$C,2,0),"-") -> [1.라온건설] 인천 신흥동3가 주상복합 | E95: 신하영 | F95: =IFERROR(DATEDIF(MID(G95,1,2)&"-"&MID(G95,3,2)&"-"&MID(G95,5,2),TODAY(),"y")&"세","") -> 57세 | G95: 681028-1056928 | H95: =IF(G95="","",IF(LEN(G95)<14,"에러",IF(LEN(G95)<14,"에러",IF(ISODD(MID(G95,8,1)),"남","여")))) -> 남 | I95: 기능공 | J95: 전공 | K95: 190000 | L95: 010-2490-6880 | M95: 경기 | N95: 광명 | O95: 25년 | P95: APT/오피스텔 | Q95: =VLOOKUP(C95,'2-1. 인사고과표(기능)'!B:AS,44,0) -> A | R95: =VLOOKUP(C95,'2-2. 인사고과표(안전)'!B:AO,40,0) -> S | W95: 현대산업개발 | X95: 시티오씨엘 3단지 | Y95: APT/오피스텔
B96: 25011 | C96: =ROW()-5 -> 91 | D96: =IFERROR(" "&VLOOKUP(B96,현장리스트!$B:$C,2,0),"-") -> [1.라온건설] 인천 신흥동3가 주상복합 | E96: 박순걸 | F96: =IFERROR(DATEDIF(MID(G96,1,2)&"-"&MID(G96,3,2)&"-"&MID(G96,5,2),TODAY(),"y")&"세","") -> 57세 | G96: 680924-5140592 | H96: =IF(G96="","",IF(LEN(G96)<14,"에러",IF(LEN(G96)<14,"에러",IF(ISODD(MID(G96,8,1)),"남","여")))) -> 남 | I96: 기능공 | J96: 전공 | K96: 190000 | L96: 010-9598-8109 | M96: 인천 | N96: 부평구 | O96: 20년 | P96: APT/오피스텔 | Q96: =VLOOKUP(C96,'2-1. 인사고과표(기능)'!B:AS,44,0) -> S | R96: =VLOOKUP(C96,'2-2. 인사고과표(안전)'!B:AO,40,0) -> S | W96: 현대산업개발 | X96: 시티오씨엘 3단지 | Y96: APT/오피스텔
B97: 25011 | C97: =ROW()-5 -> 92 | D97: =IFERROR(" "&VLOOKUP(B97,현장리스트!$B:$C,2,0),"-") -> [1.라온건설] 인천 신흥동3가 주상복합 | E97: 박연민 | F97: =IFERROR(DATEDIF(MID(G97,1,2)&"-"&MID(G97,3,2)&"-"&MID(G97,5,2),TODAY(),"y")&"세","") -> 48세 | G97: 780208-5760019 | H97: =IF(G97="","",IF(LEN(G97)<14,"에러",IF(LEN(G97)<14,"에러",IF(ISODD(MID(G97,8,1)),"남","여")))) -> 남 | I97: 기능공 | J97: 전공 | K97: 180000 | L97: 010-3069-3820 | M97: 인천 | N97: 부평구 | O97: 6년 | P97: APT/오피스텔 | Q97: =VLOOKUP(C97,'2-1. 인사고과표(기능)'!B:AS,44,0) -> S | R97: =VLOOKUP(C97,'2-2. 인사고과표(안전)'!B:AO,40,0) -> S | W97: 현대산업개발 | X97: 시티오씨엘 3단지 | Y97: APT/오피스텔
B98: 25011 | C98: =ROW()-5 -> 93 | D98: =IFERROR(" "&VLOOKUP(B98,현장리스트!$B:$C,2,0),"-") -> [1.라온건설] 인천 신흥동3가 주상복합 | E98: 고석출 | F98: =IFERROR(DATEDIF(MID(G98,1,2)&"-"&MID(G98,3,2)&"-"&MID(G98,5,2),TODAY(),"y")&"세","") -> 66세 | G98: 591015-5102493 | H98: =IF(G98="","",IF(LEN(G98)<14,"에러",IF(LEN(G98)<14,"에러",IF(ISODD(MID(G98,8,1)),"남","여")))) -> 남 | I98: 기능공 | J98: 전공 | K98: 180000 | L98: 010-6655-9850 | M98: 인천 | N98: 계산동 | O98: 15년 | P98: APT/오피스텔 | Q98: =VLOOKUP(C98,'2-1. 인사고과표(기능)'!B:AS,44,0) -> S | R98: =VLOOKUP(C98,'2-2. 인사고과표(안전)'!B:AO,40,0) -> S | W98: 현대산업개발 | X98: 시티오씨엘 3단지 | Y98: APT/오피스텔
B99: 25011 | C99: =ROW()-5 -> 94 | D99: =IFERROR(" "&VLOOKUP(B99,현장리스트!$B:$C,2,0),"-") -> [1.라온건설] 인천 신흥동3가 주상복합 | E99: 홍철군 | F99: =IFERROR(DATEDIF(MID(G99,1,2)&"-"&MID(G99,3,2)&"-"&MID(G99,5,2),TODAY(),"y")&"세","") -> 38세 | G99: 870827-5140806 | H99: =IF(G99="","",IF(LEN(G99)<14,"에러",IF(LEN(G99)<14,"에러",IF(ISODD(MID(G99,8,1)),"남","여")))) -> 남 | I99: 기능공 | J99: 조공 | K99: 170000 | L99: 010-9639-0858 | M99: 인천 | N99: 미추홀구 | O99: 2년 | P99: APT/오피스텔 | Q99: =VLOOKUP(C99,'2-1. 인사고과표(기능)'!B:AS,44,0) -> S | R99: =VLOOKUP(C99,'2-2. 인사고과표(안전)'!B:AO,40,0) -> S | W99: 현대산업개발 | X99: 시티오씨엘 3단지 | Y99: APT/오피스텔
B100: 25011 | C100: =ROW()-5 -> 95 | D100: =IFERROR(" "&VLOOKUP(B100,현장리스트!$B:$C,2,0),"-") -> [1.라온건설] 인천 신흥동3가 주상복합 | E100: 강진모 | F100: =IFERROR(DATEDIF(MID(G100,1,2)&"-"&MID(G100,3,2)&"-"&MID(G100,5,2),TODAY(),"y")&"세","") -> 31세 | G100: 940911-1158511 | H100: =IF(G100="","",IF(LEN(G100)<14,"에러",IF(LEN(G100)<14,"에러",IF(ISODD(MID(G100,8,1)),"남","여")))) -> 남 | I100: 기능공 | J100: 조공 | K100: 150000 | L100: 010-2783-2264 | M100: 인천 | N100: 서구 | O100: 1 | P100: APT/오피스텔 | Q100: =VLOOKUP(C100,'2-1. 인사고과표(기능)'!B:AS,44,0) -> S | R100: =VLOOKUP(C100,'2-2. 인사고과표(안전)'!B:AO,40,0) -> S
B101: 25033 | C101: =ROW()-5 -> 96 | D101: =IFERROR(" "&VLOOKUP(B101,현장리스트!$B:$C,2,0),"-") -> [1.부영] 김천혁신 2-1블럭 부영아파트 신축공사 | E101: 김재성 | F101: =IFERROR(DATEDIF(MID(G101,1,2)&"-"&MID(G101,3,2)&"-"&MID(G101,5,2),TODAY(),"y")&"세","") -> 59세 | G101: 670129-1000000 | H101: =IF(G101="","",IF(LEN(G101)<14,"에러",IF(LEN(G101)<14,"에러",IF(ISODD(MID(G101,8,1)),"남","여")))) -> 남 | I101: 공사 | J101: 차장 | K101: 5400000 | L101: 010-20478679 | M101: 경기 | N101: 성남 | O101: 25 | P101: 일반건축물 | Q101: =VLOOKUP(C101,'2-1. 인사고과표(기능)'!B:AS,44,0) -> S | R101: =VLOOKUP(C101,'2-2. 인사고과표(안전)'!B:AO,40,0) -> S | S101: 초급 | U101: 고급 | W101: 까뮤이앤씨 | X101: 신축공사 | Y101: 물류센터 | AA101: 신세계 | AB101: 갈매 지식산업센타 | AC101: 장한전기 | AD101: 일반건축물
B102: 25033 | C102: =ROW()-5 -> 97 | D102: =IFERROR(" "&VLOOKUP(B102,현장리스트!$B:$C,2,0),"-") -> [1.부영] 김천혁신 2-1블럭 부영아파트 신축공사 | E102: 김선동 | F102: =IFERROR(DATEDIF(MID(G102,1,2)&"-"&MID(G102,3,2)&"-"&MID(G102,5,2),TODAY(),"y")&"세","") -> 44세 | G102: 820319-1000000 | H102: =IF(G102="","",IF(LEN(G102)<14,"에러",IF(LEN(G102)<14,"에러",IF(ISODD(MID(G102,8,1)),"남","여")))) -> 남 | I102: 공무 | J102: 과장 | K102: 4500000 | L102: 010-3011-5422 | M102: 대전 | N102: 중구 | O102: 8 | P102: APT/오피스텔 | Q102: =VLOOKUP(C102,'2-1. 인사고과표(기능)'!B:AS,44,0) -> A | R102: =VLOOKUP(C102,'2-2. 인사고과표(안전)'!B:AO,40,0) -> S | W102: 은성산업 | X102: 과천 지에프 알앤디 | Y102: 기타 | Z102: 지식산업센터 | AA102: 대광건영 | AB102: 평택브레인씨티 2블럭 | AC102: 일신전업 | AD102: APT/오피스텔
B103: 25033 | C103: =ROW()-5 -> 98 | D103: =IFERROR(" "&VLOOKUP(B103,현장리스트!$B:$C,2,0),"-") -> [1.부영] 김천혁신 2-1블럭 부영아파트 신축공사 | E103: 김성규 | F103: =IFERROR(DATEDIF(MID(G103,1,2)&"-"&MID(G103,3,2)&"-"&MID(G103,5,2),TODAY(),"y")&"세","") -> 53세 | G103: 720603-1000000 | H103: =IF(G103="","",IF(LEN(G103)<14,"에러",IF(LEN(G103)<14,"에러",IF(ISODD(MID(G103,8,1)),"남","여")))) -> 남 | I103: 안전관리자 | J103: 과장 | K103: 4000000 | L103: 010-5370-8753 | M103: 강원 | N103: 경산 | O103: 1 | P103: APT/오피스텔 | Q103: =VLOOKUP(C103,'2-1. 인사고과표(기능)'!B:AS,44,0) -> A | R103: =VLOOKUP(C103,'2-2. 인사고과표(안전)'!B:AO,40,0) -> S | AE103: 신규채용
...

Sheet Sheet1

Sheet 2-1. 인사고과표(기능)
B1: 현장 사원 인사고과표 - 기능
B2: 순번 | C2: 현장명 | D2: 이름 | E2: 생년월일 | F2: 직책 | G2: 직급 | H2: 업무능력 | X2: 의욕 | AJ2: 인간관계 | AR2: 점수 | AS2: 등급
H3: 전문지식(숙련도) | L3: 정확성, 신속성 | P3: 이해력 | T3: 창의력 | X3: 규율성 | AB3: 책임감 | AF3: 적극성 | AJ3: 기본자세 | AN3: 출결상태
H4: 우수 | I4: 보통 | J4: 부족 | K4: 문제 | L4: 우수 | M4: 보통 | N4: 부족 | O4: 문제 | P4: 우수 | Q4: 보통 | R4: 부족 | S4: 문제 | T4: 우수 | U4: 보통 | V4: 부족 | W4: 문제 | X4: 우수 | Y4: 보통 | Z4: 부족 | AA4: 문제 | AB4: 우수 | AC4: 보통 | AD4: 부족 | AE4: 문제 | AF4: 우수 | AG4: 보통 | AH4: 부족 | AI4: 문제 | AJ4: 우수 | AK4: 보통 | AL4: 부족 | AM4: 문제 | AN4: 우수 | AO4: 보통 | AP4: 부족 | AQ4: 문제
H5: 12 | I5: 9 | J5: 6 | K5: 3 | L5: 12 | M5: 9 | N5: 6 | O5: 3 | P5: 12 | Q5: 9 | R5: 6 | S5: 3 | T5: 10 | U5: 8 | V5: 6 | W5: 4 | X5: 10 | Y5: 8 | Z5: 6 | AA5: 4 | AB5: 10 | AC5: 8 | AD5: 6 | AE5: 4 | AF5: 10 | AG5: 8 | AH5: 6 | AI5: 4 | AJ5: 12 | AK5: 9 | AL5: 6 | AM5: 3 | AN5: 12 | AO5: 9 | AP5: 6 | AQ5: 3
A7: =MID(C7,3,1)&"팀" -> 1팀 | B7: =ROW()-6 -> 1 | C7: =IF(VLOOKUP($B7,'1. 현장별 인원현황'!$C:$J,2,0)=0,"",VLOOKUP($B7,'1. 현장별 인원현황'!$C:$J,2,0)) -> [1.DL건설] 전도관구역 주택재개발 정비사업조합(01공구) | D7: =IF(VLOOKUP($B7,'1. 현장별 인원현황'!$C:$J,3,0)=0,"",VLOOKUP($B7,'1. 현장별 인원현황'!$C:$J,3,0)) -> 강민 | E7: =IF(VLOOKUP($B7,'1. 현장별 인원현황'!$C:$J,4,0)=0,"",VLOOKUP($B7,'1. 현장별 인원현황'!$C:$J,4,0)) -> 37세 | F7: =IF(VLOOKUP($B7,'1. 현장별 인원현황'!$C:$J,7,0)=0,"",VLOOKUP($B7,'1. 현장별 인원현황'!$C:$J,7,0)) -> 공무 | G7: =IF(VLOOKUP($B7,'1. 현장별 인원현황'!$C:$J,8,0)=0,"",VLOOKUP($B7,'1. 현장별 인원현황'!$C:$J,8,0)) -> 과장 | H7: O | L7: O | P7: O | T7: O | X7: O | AB7: O | AF7: O | AJ7: O | AN7: O | AR7: =SUMPRODUCT($H$5:$AQ$5,AV7:CE7) -> 100 | AS7: =IF(AR7>85,"S",IF(AR7>70,"A",IF(AR7>50,"B",IF(AR7>0,"C","")))) -> S | AV7: =IF(H7>0,1,0) -> 1 | AW7: =IF(I7>0,1,0) -> 0 | AX7: =IF(J7>0,1,0) -> 0 | AY7: =IF(K7>0,1,0) -> 0 | AZ7: =IF(L7>0,1,0) -> 1 | BA7: =IF(M7>0,1,0) -> 0 | BB7: =IF(N7>0,1,0) -> 0 | BC7: =IF(O7>0,1,0) -> 0 | ... CE7: =IF(AQ7>0,1,0) -> 0
A8: =MID(C8,3,1)&"팀" -> 1팀 | B8: =ROW()-6 -> 2 | C8: =IF(VLOOKUP($B8,'1. 현장별 인원현황'!$C:$J,2,0)=0,"",VLOOKUP($B8,'1. 현장별 인원현황'!$C:$J,2,0)) -> [1.DL건설] 전도관구역 주택재개발 정비사업조합(01공구) | D8: =IF(VLOOKUP($B8,'1. 현장별 인원현황'!$C:$J,3,0)=0,"",VLOOKUP($B8,'1. 현장별 인원현황'!$C:$J,3,0)) -> 오재욱 | E8: =IF(VLOOKUP($B8,'1. 현장별 인원현황'!$C:$J,4,0)=0,"",VLOOKUP($B8,'1. 현장별 인원현황'!$C:$J,4,0)) -> 32세 | F8: =IF(VLOOKUP($B8,'1. 현장별 인원현황'!$C:$J,7,0)=0,"",VLOOKUP($B8,'1. 현장별 인원현황'!$C:$J,7,0)) -> 안전관리자 | G8: =IF(VLOOKUP($B8,'1. 현장별 인원현황'!$C:$J,8,0)=0,"",VLOOKUP($B8,'1. 현장별 인원현황'!$C:$J,8,0)) -> 대리 | I8: O | M8: O | Q8: O | U8: O | Y8: O | AC8: O | AG8: O | AK8: O | AN8: O | AR8: =SUMPRODUCT($H$5:$AQ$5,AV8:CE8) -> 80 | AS8: =IF(AR8>85,"S",IF(AR8>70,"A",IF(AR8>50,"B",IF(AR8>0,"C","")))) -> A | AV8: =IF(H8>0,1,0) -> 0 | AW8: =IF(I8>0,1,0) -> 1 | AX8: =IF(J8>0,1,0) -> 0 | AY8: =IF(K8>0,1,0) -> 0 | AZ8: =IF(L8>0,1,0) -> 0 | BA8: =IF(M8>0,1,0) -> 1 | BB8: =IF(N8>0,1,0) -> 0 | BC8: =IF(O8>0,1,0) -> 0 | ... CE8: =IF(AQ8>0,1,0) -> 0
A9: =MID(C9,3,1)&"팀" -> 1팀 | B9: =ROW()-6 -> 3 | C9: =IF(VLOOKUP($B9,'1. 현장별 인원현황'!$C:$J,2,0)=0,"",VLOOKUP($B9,'1. 현장별 인원현황'!$C:$J,2,0)) -> [1.DL건설] 전도관구역 주택재개발 정비사업조합(01공구) | D9: =IF(VLOOKUP($B9,'1. 현장별 인원현황'!$C:$J,3,0)=0,"",VLOOKUP($B9,'1. 현장별 인원현황'!$C:$J,3,0)) -> 조경호 | E9: =IF(VLOOKUP($B9,'1. 현장별 인원현황'!$C:$J,4,0)=0,"",VLOOKUP($B9,'1. 현장별 인원현황'!$C:$J,4,0)) -> 57세 | F9: =IF(VLOOKUP($B9,'1. 현장별 인원현황'!$C:$J,7,0)=0,"",VLOOKUP($B9,'1. 현장별 인원현황'!$C:$J,7,0)) -> 공사 | G9: =IF(VLOOKUP($B9,'1. 현장별 인원현황'!$C:$J,8,0)=0,"",VLOOKUP($B9,'1. 현장별 인원현황'!$C:$J,8,0)) -> 차장 | H9: O | L9: O | P9: O | T9: O | X9: O | AB9: O | AF9: O | AJ9: O | AN9: O | AR9: =SUMPRODUCT($H$5:$AQ$5,AV9:CE9) -> 100 | AS9: =IF(AR9>85,"S",IF(AR9>70,"A",IF(AR9>50,"B",IF(AR9>0,"C","")))) -> S | AV9: =IF(H9>0,1,0) -> 1 | AW9: =IF(I9>0,1,0) -> 0 | AX9: =IF(J9>0,1,0) -> 0 | AY9: =IF(K9>0,1,0) -> 0 | AZ9: =IF(L9>0,1,0) -> 1 | BA9: =IF(M9>0,1,0) -> 0 | BB9: =IF(N9>0,1,0) -> 0 | BC9: =IF(O9>0,1,0) -> 0 | ... CE9: =IF(AQ9>0,1,0) -> 0
A10: =MID(C10,3,1)&"팀" -> 1팀 | B10: =ROW()-6 -> 4 | C10: =IF(VLOOKUP($B10,'1. 현장별 인원현황'!$C:$J,2,0)=0,"",VLOOKUP($B10,'1. 현장별 인원현황'!$C:$J,2,0)) -> [1.DL건설] 전도관구역 주택재개발 정비사업조합(01공구) | D10: =IF(VLOOKUP($B10,'1. 현장별 인원현황'!$C:$J,3,0)=0,"",VLOOKUP($B10,'1. 현장별 인원현황'!$C:$J,3,0)) -> 남춘섭 | E10: =IF(VLOOKUP($B10,'1. 현장별 인원현황'!$C:$J,4,0)=0,"",VLOOKUP($B10,'1. 현장별 인원현황'!$C:$J,4,0)) -> 62세 | F10: =IF(VLOOKUP($B10,'1. 현장별 인원현황'!$C:$J,7,0)=0,"",VLOOKUP($B10,'1. 현장별 인원현황'!$C:$J,7,0)) -> 공사 | G10: =IF(VLOOKUP($B10,'1. 현장별 인원현황'!$C:$J,8,0)=0,"",VLOOKUP($B10,'1. 현장별 인원현황'!$C:$J,8,0)) -> 과장 | H10: O | M10: O | P10: O | U10: O | Y10: O | AC10: O | AG10: O | AK10: O | AN10: O | AR10: =SUMPRODUCT($H$5:$AQ$5,AV10:CE10) -> 86 | AS10: =IF(AR10>85,"S",IF(AR10>70,"A",IF(AR10>50,"B",IF(AR10>0,"C","")))) -> S | AV10: =IF(H10>0,1,0) -> 1 | AW10: =IF(I10>0,1,0) -> 0 | AX10: =IF(J10>0,1,0) -> 0 | AY10: =IF(K10>0,1,0) -> 0 | AZ10: =IF(L10>0,1,0) -> 0 | BA10: =IF(M10>0,1,0) -> 1 | BB10: =IF(N10>0,1,0) -> 0 | BC10: =IF(O10>0,1,0) -> 0 | ... CE10: =IF(AQ10>0,1,0) -> 0
A11: =MID(C11,3,1)&"팀" -> 1팀 | B11: =ROW()-6 -> 5 | C11: =IF(VLOOKUP($B11,'1. 현장별 인원현황'!$C:$J,2,0)=0,"",VLOOKUP($B11,'1. 현장별 인원현황'!$C:$J,2,0)) -> [1.DL건설] 전도관구역 주택재개발 정비사업조합(01공구) | D11: =IF(VLOOKUP($B11,'1. 현장별 인원현황'!$C:$J,3,0)=0,"",VLOOKUP($B11,'1. 현장별 인원현황'!$C:$J,3,0)) -> 김옥수 | E11: =IF(VLOOKUP($B11,'1. 현장별 인원현황'!$C:$J,4,0)=0,"",VLOOKUP($B11,'1. 현장별 인원현황'!$C:$J,4,0)) -> 57세 | F11: =IF(VLOOKUP($B11,'1. 현장별 인원현황'!$C:$J,7,0)=0,"",VLOOKUP($B11,'1. 현장별 인원현황'!$C:$J,7,0)) -> 기능공 | G11: =IF(VLOOKUP($B11,'1. 현장별 인원현황'!$C:$J,8,0)=0,"",VLOOKUP($B11,'1. 현장별 인원현황'!$C:$J,8,0)) -> 전공 | H11: O | M11: O | P11: O | T11: O | Y11: O | AC11: O | AG11: O | AK11: O | AN11: O | AR11: =SUMPRODUCT($H$5:$AQ$5,AV11:CE11) -> 88 | AS11: =IF(AR11>85,"S",IF(AR11>70,"A",IF(AR11>50,"B",IF(AR11>0,"C","")))) -> S | AV11: =IF(H11>0,1,0) -> 1 | AW11: =IF(I11>0,1,0) -> 0 | AX11: =IF(J11>0,1,0) -> 0 | AY11: =IF(K11>0,1,0) -> 0 | AZ11: =IF(L11>0,1,0) -> 0 | BA11: =IF(M11>0,1,0) -> 1 | BB11: =IF(N11>0,1,0) -> 0 | BC11: =IF(O11>0,1,0) -> 0 | ... CE11: =IF(AQ11>0,1,0) -> 0
A12: =MID(C12,3,1)&"팀" -> 1팀 | B12: =ROW()-6 -> 6 | C12: =IF(VLOOKUP($B12,'1. 현장별 인원현황'!$C:$J,2,0)=0,"",VLOOKUP($B12,'1. 현장별 인원현황'!$C:$J,2,0)) -> [1.DL건설] 전도관구역 주택재개발 정비사업조합(01공구) | D12: =IF(VLOOKUP($B12,'1. 현장별 인원현황'!$C:$J,3,0)=0,"",VLOOKUP($B12,'1. 현장별 인원현황'!$C:$J,3,0)) -> 박예만 | E12: =IF(VLOOKUP($B12,'1. 현장별 인원현황'!$C:$J,4,0)=0,"",VLOOKUP($B12,'1. 현장별 인원현황'!$C:$J,4,0)) -> 37세 | F12: =IF(VLOOKUP($B12,'1. 현장별 인원현황'!$C:$J,7,0)=0,"",VLOOKUP($B12,'1. 현장별 인원현황'!$C:$J,7,0)) -> 기능공 | G12: =IF(VLOOKUP($B12,'1. 현장별 인원현황'!$C:$J,8,0)=0,"",VLOOKUP($B12,'1. 현장별 인원현황'!$C:$J,8,0)) -> 전공 | I12: O | M12: O | Q12: O | U12: O | Y12: O | AC12: O | AG12: O | AK12: O | AN12: O | AR12: =SUMPRODUCT($H$5:$AQ$5,AV12:CE12) -> 80 | AS12: =IF(AR12>85,"S",IF(AR12>70,"A",IF(AR12>50,"B",IF(AR12>0,"C","")))) -> A | AV12: =IF(H12>0,1,0) -> 0 | AW12: =IF(I12>0,1,0) -> 1 | AX12: =IF(J12>0,1,0) -> 0 | AY12: =IF(K12>0,1,0) -> 0 | AZ12: =IF(L12>0,1,0) -> 0 | BA12: =IF(M12>0,1,0) -> 1 | BB12: =IF(N12>0,1,0) -> 0 | BC12: =IF(O12>0,1,0) -> 0 | ... CE12: =IF(AQ12>0,1,0) -> 0
A13: =MID(C13,3,1)&"팀" -> 1팀 | B13: =ROW()-6 -> 7 | C13: =IF(VLOOKUP($B13,'1. 현장별 인원현황'!$C:$J,2,0)=0,"",VLOOKUP($B13,'1. 현장별 인원현황'!$C:$J,2,0)) -> [1.DL건설] 전도관구역 주택재개발 정비사업조합(01공구) | D13: =IF(VLOOKUP($B13,'1. 현장별 인원현황'!$C:$J,3,0)=0,"",VLOOKUP($B13,'1. 현장별 인원현황'!$C:$J,3,0)) -> 유동민 | E13: =IF(VLOOKUP($B13,'1. 현장별 인원현황'!$C:$J,4,0)=0,"",VLOOKUP($B13,'1. 현장별 인원현황'!$C:$J,4,0)) -> 54세 | F13: =IF(VLOOKUP($B13,'1. 현장별 인원현황'!$C:$J,7,0)=0,"",VLOOKUP($B13,'1. 현장별 인원현황'!$C:$J,7,0)) -> 기능공 | G13: =IF(VLOOKUP($B13,'1. 현장별 인원현황'!$C:$J,8,0)=0,"",VLOOKUP($B13,'1. 현장별 인원현황'!$C:$J,8,0)) -> 전공 | H13: O | L13: O | P13: O | T13: O | Y13: O | AC13: O | AG13: O | AJ13: O | AN13: O | AR13: =SUMPRODUCT($H$5:$AQ$5,AV13:CE13) -> 94 | AS13: =IF(AR13>85,"S",IF(AR13>70,"A",IF(AR13>50,"B",IF(AR13>0,"C","")))) -> S | AV13: =IF(H13>0,1,0) -> 1 | AW13: =IF(I13>0,1,0) -> 0 | AX13: =IF(J13>0,1,0) -> 0 | AY13: =IF(K13>0,1,0) -> 0 | AZ13: =IF(L13>0,1,0) -> 1 | BA13: =IF(M13>0,1,0) -> 0 | BB13: =IF(N13>0,1,0) -> 0 | BC13: =IF(O13>0,1,0) -> 0 | ... CE13: =IF(AQ13>0,1,0) -> 0
A14: =MID(C14,3,1)&"팀" -> 1팀 | B14: =ROW()-6 -> 8 | C14: =IF(VLOOKUP($B14,'1. 현장별 인원현황'!$C:$J,2,0)=0,"",VLOOKUP($B14,'1. 현장별 인원현황'!$C:$J,2,0)) -> [1.DL건설] 전도관구역 주택재개발 정비사업조합(01공구) | D14: =IF(VLOOKUP($B14,'1. 현장별 인원현황'!$C:$J,3,0)=0,"",VLOOKUP($B14,'1. 현장별 인원현황'!$C:$J,3,0)) -> 윤효상 | E14: =IF(VLOOKUP($B14,'1. 현장별 인원현황'!$C:$J,4,0)=0,"",VLOOKUP($B14,'1. 현장별 인원현황'!$C:$J,4,0)) -> 56세 | F14: =IF(VLOOKUP($B14,'1. 현장별 인원현황'!$C:$J,7,0)=0,"",VLOOKUP($B14,'1. 현장별 인원현황'!$C:$J,7,0)) -> 기능공 | G14: =IF(VLOOKUP($B14,'1. 현장별 인원현황'!$C:$J,8,0)=0,"",VLOOKUP($B14,'1. 현장별 인원현황'!$C:$J,8,0)) -> 전공 | I14: O | M14: O | Q14: O | U14: O | Y14: O | AC14: O | AG14: O | AK14: O | AN14: O | AR14: =SUMPRODUCT($H$5:$AQ$5,AV14:CE14) -> 80 | AS14: =IF(AR14>85,"S",IF(AR14>70,"A",IF(AR14>50,"B",IF(AR14>0,"C","")))) -> A | AV14: =IF(H14>0,1,0) -> 0 | AW14: =IF(I14>0,1,0) -> 1 | AX14: =IF(J14>0,1,0) -> 0 | AY14: =IF(K14>0,1,0) -> 0 | AZ14: =IF(L14>0,1,0) -> 0 | BA14: =IF(M14>0,1,0) -> 1 | BB14: =IF(N14>0,1,0) -> 0 | BC14: =IF(O14>0,1,0) -> 0 | ... CE14: =IF(AQ14>0,1,0) -> 0
A15: =MID(C15,3,1)&"팀" -> 1팀 | B15: =ROW()-6 -> 9 | C15: =IF(VLOOKUP($B15,'1. 현장별 인원현황'!$C:$J,2,0)=0,"",VLOOKUP($B15,'1. 현장별 인원현황'!$C:$J,2,0)) -> [1.DL건설] 전도관구역 주택재개발 정비사업조합(01공구) | D15: =IF(VLOOKUP($B15,'1. 현장별 인원현황'!$C:$J,3,0)=0,"",VLOOKUP($B15,'1. 현장별 인원현황'!$C:$J,3,0)) -> 이봉운 | E15: =IF(VLOOKUP($B15,'1. 현장별 인원현황'!$C:$J,4,0)=0,"",VLOOKUP($B15,'1. 현장별 인원현황'!$C:$J,4,0)) -> 44세 | F15: =IF(VLOOKUP($B15,'1. 현장별 인원현황'!$C:$J,7,0)=0,"",VLOOKUP($B15,'1. 현장별 인원현황'!$C:$J,7,0)) -> 기능공 | G15: =IF(VLOOKUP($B15,'1. 현장별 인원현황'!$C:$J,8,0)=0,"",VLOOKUP($B15,'1. 현장별 인원현황'!$C:$J,8,0)) -> 전공 | I15: O | M15: O | Q15: O | U15: O | Y15: O | AC15: O | AG15: O | AK15: O | AN15: O | AR15: =SUMPRODUCT($H$5:$AQ$5,AV15:CE15) -> 80 | AS15: =IF(AR15>85,"S",IF(AR15>70,"A",IF(AR15>50,"B",IF(AR15>0,"C","")))) -> A | AV15: =IF(H15>0,1,0) -> 0 | AW15: =IF(I15>0,1,0) -> 1 | AX15: =IF(J15>0,1,0) -> 0 | AY15: =IF(K15>0,1,0) -> 0 | AZ15: =IF(L15>0,1,0) -> 0 | BA15: =IF(M15>0,1,0) -> 1 | BB15: =IF(N15>0,1,0) -> 0 | BC15: =IF(O15>0,1,0) -> 0 | ... CE15: =IF(AQ15>0,1,0) -> 0
A16: =MID(C16,3,1)&"팀" -> 1팀 | B16: =ROW()-6 -> 10 | C16: =IF(VLOOKUP($B16,'1. 현장별 인원현황'!$C:$J,2,0)=0,"",VLOOKUP($B16,'1. 현장별 인원현황'!$C:$J,2,0)) -> [1.DL건설] 전도관구역 주택재개발 정비사업조합(01공구) | D16: =IF(VLOOKUP($B16,'1. 현장별 인원현황'!$C:$J,3,0)=0,"",VLOOKUP($B16,'1. 현장별 인원현황'!$C:$J,3,0)) -> 이상열 | E16: =IF(VLOOKUP($B16,'1. 현장별 인원현황'!$C:$J,4,0)=0,"",VLOOKUP($B16,'1. 현장별 인원현황'!$C:$J,4,0)) -> 53세 | F16: =IF(VLOOKUP($B16,'1. 현장별 인원현황'!$C:$J,7,0)=0,"",VLOOKUP($B16,'1. 현장별 인원현황'!$C:$J,7,0)) -> 기능공 | G16: =IF(VLOOKUP($B16,'1. 현장별 인원현황'!$C:$J,8,0)=0,"",VLOOKUP($B16,'1. 현장별 인원현황'!$C:$J,8,0)) -> 전공 | H16: O | L16: O | P16: O | T16: O | X16: O | AB16: O | AF16: O | AJ16: O | AN16: O | AR16: =SUMPRODUCT($H$5:$AQ$5,AV16:CE16) -> 100 | AS16: =IF(AR16>85,"S",IF(AR16>70,"A",IF(AR16>50,"B",IF(AR16>0,"C","")))) -> S | AV16: =IF(H16>0,1,0) -> 1 | AW16: =IF(I16>0,1,0) -> 0 | AX16: =IF(J16>0,1,0) -> 0 | AY16: =IF(K16>0,1,0) -> 0 | AZ16: =IF(L16>0,1,0) -> 1 | BA16: =IF(M16>0,1,0) -> 0 | BB16: =IF(N16>0,1,0) -> 0 | BC16: =IF(O16>0,1,0) -> 0 | ... CE16: =IF(AQ16>0,1,0) -> 0
A17: =MID(C17,3,1)&"팀" -> 1팀 | B17: =ROW()-6 -> 11 | C17: =IF(VLOOKUP($B17,'1. 현장별 인원현황'!$C:$J,2,0)=0,"",VLOOKUP($B17,'1. 현장별 인원현황'!$C:$J,2,0)) -> [1.DL건설] 전도관구역 주택재개발 정비사업조합(01공구) | D17: =IF(VLOOKUP($B17,'1. 현장별 인원현황'!$C:$J,3,0)=0,"",VLOOKUP($B17,'1. 현장별 인원현황'!$C:$J,3,0)) -> 이후승 | E17: =IF(VLOOKUP($B17,'1. 현장별 인원현황'!$C:$J,4,0)=0,"",VLOOKUP($B17,'1. 현장별 인원현황'!$C:$J,4,0)) -> 27세 | F17: =IF(VLOOKUP($B17,'1. 현장별 인원현황'!$C:$J,7,0)=0,"",VLOOKUP($B17,'1. 현장별 인원현황'!$C:$J,7,0)) -> 기능공 | G17: =IF(VLOOKUP($B17,'1. 현장별 인원현황'!$C:$J,8,0)=0,"",VLOOKUP($B17,'1. 현장별 인원현황'!$C:$J,8,0)) -> 전공 | I17: O | L17: O | P17: O | U17: O | X17: O | AB17: O | AF17: O | AJ17: O | AN17: O | AR17: =SUMPRODUCT($H$5:$AQ$5,AV17:CE17) -> 95 | AS17: =IF(AR17>85,"S",IF(AR17>70,"A",IF(AR17>50,"B",IF(AR17>0,"C","")))) -> S | AV17: =IF(H17>0,1,0) -> 0 | AW17: =IF(I17>0,1,0) -> 1 | AX17: =IF(J17>0,1,0) -> 0 | AY17: =IF(K17>0,1,0) -> 0 | AZ17: =IF(L17>0,1,0) -> 1 | BA17: =IF(M17>0,1,0) -> 0 | BB17: =IF(N17>0,1,0) -> 0 | BC17: =IF(O17>0,1,0) -> 0 | ... CE17: =IF(AQ17>0,1,0) -> 0
A18: =MID(C18,3,1)&"팀" -> 1팀 | B18: =ROW()-6 -> 12 | C18: =IF(VLOOKUP($B18,'1. 현장별 인원현황'!$C:$J,2,0)=0,"",VLOOKUP($B18,'1. 현장별 인원현황'!$C:$J,2,0)) -> [1.DL건설] 전도관구역 주택재개발 정비사업조합(01공구) | D18: =IF(VLOOKUP($B18,'1. 현장별 인원현황'!$C:$J,3,0)=0,"",VLOOKUP($B18,'1. 현장별 인원현황'!$C:$J,3,0)) -> 조해제 | E18: =IF(VLOOKUP($B18,'1. 현장별 인원현황'!$C:$J,4,0)=0,"",VLOOKUP($B18,'1. 현장별 인원현황'!$C:$J,4,0)) -> 62세 | F18: =IF(VLOOKUP($B18,'1. 현장별 인원현황'!$C:$J,7,0)=0,"",VLOOKUP($B18,'1. 현장별 인원현황'!$C:$J,7,0)) -> 기능공 | G18: =IF(VLOOKUP($B18,'1. 현장별 인원현황'!$C:$J,8,0)=0,"",VLOOKUP($B18,'1. 현장별 인원현황'!$C:$J,8,0)) -> 전공 | H18: O | M18: O | P18: O | U18: O | X18: O | AB18: O | AF18: O | AJ18: O | AN18: O | AR18: =SUMPRODUCT($H$5:$AQ$5,AV18:CE18) -> 95 | AS18: =IF(AR18>85,"S",IF(AR18>70,"A",IF(AR18>50,"B",IF(AR18>0,"C","")))) -> S | AV18: =IF(H18>0,1,0) -> 1 | AW18: =IF(I18>0,1,0) -> 0 | AX18: =IF(J18>0,1,0) -> 0 | AY18: =IF(K18>0,1,0) -> 0 | AZ18: =IF(L18>0,1,0) -> 0 | BA18: =IF(M18>0,1,0) -> 1 | BB18: =IF(N18>0,1,0) -> 0 | BC18: =IF(O18>0,1,0) -> 0 | ... CE18: =IF(AQ18>0,1,0) -> 0
A19: =MID(C19,3,1)&"팀" -> 1팀 | B19: =ROW()-6 -> 13 | C19: =IF(VLOOKUP($B19,'1. 현장별 인원현황'!$C:$J,2,0)=0,"",VLOOKUP($B19,'1. 현장별 인원현황'!$C:$J,2,0)) -> [1.대우건설] 고양향동 지원1BL 지식산업센터 신축공사 | D19: =IF(VLOOKUP($B19,'1. 현장별 인원현황'!$C:$J,3,0)=0,"",VLOOKUP($B19,'1. 현장별 인원현황'!$C:$J,3,0)) -> 홍병수 | E19: =IF(VLOOKUP($B19,'1. 현장별 인원현황'!$C:$J,4,0)=0,"",VLOOKUP($B19,'1. 현장별 인원현황'!$C:$J,4,0)) -> 44세 | F19: =IF(VLOOKUP($B19,'1. 현장별 인원현황'!$C:$J,7,0)=0,"",VLOOKUP($B19,'1. 현장별 인원현황'!$C:$J,7,0)) -> 공무 | G19: =IF(VLOOKUP($B19,'1. 현장별 인원현황'!$C:$J,8,0)=0,"",VLOOKUP($B19,'1. 현장별 인원현황'!$C:$J,8,0)) -> 과장 | H19: O | L19: O | P19: O | T19: O | X19: O | AB19: O | AF19: O | AJ19: O | AN19: O | AR19: =SUMPRODUCT($H$5:$AQ$5,AV19:CE19) -> 100 | AS19: =IF(AR19>85,"S",IF(AR19>70,"A",IF(AR19>50,"B",IF(AR19>0,"C","")))) -> S | AV19: =IF(H19>0,1,0) -> 1 | AW19: =IF(I19>0,1,0) -> 0 | AX19: =IF(J19>0,1,0) -> 0 | AY19: =IF(K19>0,1,0) -> 0 | AZ19: =IF(L19>0,1,0) -> 1 | BA19: =IF(M19>0,1,0) -> 0 | BB19: =IF(N19>0,1,0) -> 0 | BC19: =IF(O19>0,1,0) -> 0 | ... CE19: =IF(AQ19>0,1,0) -> 0
A20: =MID(C20,3,1)&"팀" -> 1팀 | B20: =ROW()-6 -> 14 | C20: =IF(VLOOKUP($B20,'1. 현장별 인원현황'!$C:$J,2,0)=0,"",VLOOKUP($B20,'1. 현장별 인원현황'!$C:$J,2,0)) -> [1.대우건설] 고양향동 지원1BL 지식산업센터 신축공사 | D20: =IF(VLOOKUP($B20,'1. 현장별 인원현황'!$C:$J,3,0)=0,"",VLOOKUP($B20,'1. 현장별 인원현황'!$C:$J,3,0)) -> 남치원 | E20: =IF(VLOOKUP($B20,'1. 현장별 인원현황'!$C:$J,4,0)=0,"",VLOOKUP($B20,'1. 현장별 인원현황'!$C:$J,4,0)) -> 63세 | F20: =IF(VLOOKUP($B20,'1. 현장별 인원현황'!$C:$J,7,0)=0,"",VLOOKUP($B20,'1. 현장별 인원현황'!$C:$J,7,0)) -> 공사 | G20: =IF(VLOOKUP($B20,'1. 현장별 인원현황'!$C:$J,8,0)=0,"",VLOOKUP($B20,'1. 현장별 인원현황'!$C:$J,8,0)) -> 차장 | H20: O | L20: O | P20: O | T20: O | X20: O | AB20: O | AF20: O | AJ20: O | AN20: O | AR20: =SUMPRODUCT($H$5:$AQ$5,AV20:CE20) -> 100 | AS20: =IF(AR20>85,"S",IF(AR20>70,"A",IF(AR20>50,"B",IF(AR20>0,"C","")))) -> S | AV20: =IF(H20>0,1,0) -> 1 | AW20: =IF(I20>0,1,0) -> 0 | AX20: =IF(J20>0,1,0) -> 0 | AY20: =IF(K20>0,1,0) -> 0 | AZ20: =IF(L20>0,1,0) -> 1 | BA20: =IF(M20>0,1,0) -> 0 | BB20: =IF(N20>0,1,0) -> 0 | BC20: =IF(O20>0,1,0) -> 0 | ... CE20: =IF(AQ20>0,1,0) -> 0
A21: =MID(C21,3,1)&"팀" -> 1팀 | B21: =ROW()-6 -> 15 | C21: =IF(VLOOKUP($B21,'1. 현장별 인원현황'!$C:$J,2,0)=0,"",VLOOKUP($B21,'1. 현장별 인원현황'!$C:$J,2,0)) -> [1.대우건설] 고양향동 지원1BL 지식산업센터 신축공사 | D21: =IF(VLOOKUP($B21,'1. 현장별 인원현황'!$C:$J,3,0)=0,"",VLOOKUP($B21,'1. 현장별 인원현황'!$C:$J,3,0)) -> 문대준 | E21: =IF(VLOOKUP($B21,'1. 현장별 인원현황'!$C:$J,4,0)=0,"",VLOOKUP($B21,'1. 현장별 인원현황'!$C:$J,4,0)) -> 58세 | F21: =IF(VLOOKUP($B21,'1. 현장별 인원현황'!$C:$J,7,0)=0,"",VLOOKUP($B21,'1. 현장별 인원현황'!$C:$J,7,0)) -> 공사 | G21: =IF(VLOOKUP($B21,'1. 현장별 인원현황'!$C:$J,8,0)=0,"",VLOOKUP($B21,'1. 현장별 인원현황'!$C:$J,8,0)) -> 차장 | I21: O | L21: O | Q21: O | U21: O | Y21: O | AB21: O | AG21: O | AJ21: O | AN21: O | AR21: =SUMPRODUCT($H$5:$AQ$5,AV21:CE21) -> 88 | AS21: =IF(AR21>85,"S",IF(AR21>70,"A",IF(AR21>50,"B",IF(AR21>0,"C","")))) -> S | AV21: =IF(H21>0,1,0) -> 0 | AW21: =IF(I21>0,1,0) -> 1 | AX21: =IF(J21>0,1,0) -> 0 | AY21: =IF(K21>0,1,0) -> 0 | AZ21: =IF(L21>0,1,0) -> 1 | BA21: =IF(M21>0,1,0) -> 0 | BB21: =IF(N21>0,1,0) -> 0 | BC21: =IF(O21>0,1,0) -> 0 | ... CE21: =IF(AQ21>0,1,0) -> 0
A22: =MID(C22,3,1)&"팀" -> 1팀 | B22: =ROW()-6 -> 16 | C22: =IF(VLOOKUP($B22,'1. 현장별 인원현황'!$C:$J,2,0)=0,"",VLOOKUP($B22,'1. 현장별 인원현황'!$C:$J,2,0)) -> [1.대우건설] 고양향동 지원1BL 지식산업센터 신축공사 | D22: =IF(VLOOKUP($B22,'1. 현장별 인원현황'!$C:$J,3,0)=0,"",VLOOKUP($B22,'1. 현장별 인원현황'!$C:$J,3,0)) -> 김인철 | E22: =IF(VLOOKUP($B22,'1. 현장별 인원현황'!$C:$J,4,0)=0,"",VLOOKUP($B22,'1. 현장별 인원현황'!$C:$J,4,0)) -> 68세 | F22: =IF(VLOOKUP($B22,'1. 현장별 인원현황'!$C:$J,7,0)=0,"",VLOOKUP($B22,'1. 현장별 인원현황'!$C:$J,7,0)) -> 기능공 | G22: =IF(VLOOKUP($B22,'1. 현장별 인원현황'!$C:$J,8,0)=0,"",VLOOKUP($B22,'1. 현장별 인원현황'!$C:$J,8,0)) -> 전공 | I22: O | L22: O | Q22: O | U22: O | Y22: O | AC22: O | AG22: O | AJ22: O | AN22: O | AR22: =SUMPRODUCT($H$5:$AQ$5,AV22:CE22) -> 86 | AS22: =IF(AR22>85,"S",IF(AR22>70,"A",IF(AR22>50,"B",IF(AR22>0,"C","")))) -> S | AV22: =IF(H22>0,1,0) -> 0 | AW22: =IF(I22>0,1,0) -> 1 | AX22: =IF(J22>0,1,0) -> 0 | AY22: =IF(K22>0,1,0) -> 0 | AZ22: =IF(L22>0,1,0) -> 1 | BA22: =IF(M22>0,1,0) -> 0 | BB22: =IF(N22>0,1,0) -> 0 | BC22: =IF(O22>0,1,0) -> 0 | ... CE22: =IF(AQ22>0,1,0) -> 0
A23: =MID(C23,3,1)&"팀" -> 1팀 | B23: =ROW()-6 -> 17 | C23: =IF(VLOOKUP($B23,'1. 현장별 인원현황'!$C:$J,2,0)=0,"",VLOOKUP($B23,'1. 현장별 인원현황'!$C:$J,2,0)) -> [1.대우건설] 고양향동 지원1BL 지식산업센터 신축공사 | D23: =IF(VLOOKUP($B23,'1. 현장별 인원현황'!$C:$J,3,0)=0,"",VLOOKUP($B23,'1. 현장별 인원현황'!$C:$J,3,0)) -> 엄관영 | E23: =IF(VLOOKUP($B23,'1. 현장별 인원현황'!$C:$J,4,0)=0,"",VLOOKUP($B23,'1. 현장별 인원현황'!$C:$J,4,0)) -> 64세 | F23: =IF(VLOOKUP($B23,'1. 현장별 인원현황'!$C:$J,7,0)=0,"",VLOOKUP($B23,'1. 현장별 인원현황'!$C:$J,7,0)) -> 기능공 | G23: =IF(VLOOKUP($B23,'1. 현장별 인원현황'!$C:$J,8,0)=0,"",VLOOKUP($B23,'1. 현장별 인원현황'!$C:$J,8,0)) -> 전공 | J23: O | M23: O | R23: O | U23: O | Y23: O | AC23: O | AG23: O | AJ23: O | AN23: O | AR23: =SUMPRODUCT($H$5:$AQ$5,AV23:CE23) -> 77 | AS23: =IF(AR23>85,"S",IF(AR23>70,"A",IF(AR23>50,"B",IF(AR23>0,"C","")))) -> A | AV23: =IF(H23>0,1,0) -> 0 | AW23: =IF(I23>0,1,0) -> 0 | AX23: =IF(J23>0,1,0) -> 1 | AY23: =IF(K23>0,1,0) -> 0 | AZ23: =IF(L23>0,1,0) -> 0 | BA23: =IF(M23>0,1,0) -> 1 | BB23: =IF(N23>0,1,0) -> 0 | BC23: =IF(O23>0,1,0) -> 0 | ... CE23: =IF(AQ23>0,1,0) -> 0
A24: =MID(C24,3,1)&"팀" -> 1팀 | B24: =ROW()-6 -> 18 | C24: =IF(VLOOKUP($B24,'1. 현장별 인원현황'!$C:$J,2,0)=0,"",VLOOKUP($B24,'1. 현장별 인원현황'!$C:$J,2,0)) -> [1.대우건설] 인천검단 신도시 AA28BL 공동주택 신축공사 | D24: =IF(VLOOKUP($B24,'1. 현장별 인원현황'!$C:$J,3,0)=0,"",VLOOKUP($B24,'1. 현장별 인원현황'!$C:$J,3,0)) -> 윤홍식 | E24: =IF(VLOOKUP($B24,'1. 현장별 인원현황'!$C:$J,4,0)=0,"",VLOOKUP($B24,'1. 현장별 인원현황'!$C:$J,4,0)) -> 49세 | F24: =IF(VLOOKUP($B24,'1. 현장별 인원현황'!$C:$J,7,0)=0,"",VLOOKUP($B24,'1. 현장별 인원현황'!$C:$J,7,0)) -> 공무 | G24: =IF(VLOOKUP($B24,'1. 현장별 인원현황'!$C:$J,8,0)=0,"",VLOOKUP($B24,'1. 현장별 인원현황'!$C:$J,8,0)) -> 차장 | H24: O | L24: O | P24: O | T24: O | X24: O | AB24: O | AF24: O | AJ24: O | AN24: O | AR24: =SUMPRODUCT($H$5:$AQ$5,AV24:CE24) -> 100 | AS24: =IF(AR24>85,"S",IF(AR24>70,"A",IF(AR24>50,"B",IF(AR24>0,"C","")))) -> S | AV24: =IF(H24>0,1,0) -> 1 | AW24: =IF(I24>0,1,0) -> 0 | AX24: =IF(J24>0,1,0) -> 0 | AY24: =IF(K24>0,1,0) -> 0 | AZ24: =IF(L24>0,1,0) -> 1 | BA24: =IF(M24>0,1,0) -> 0 | BB24: =IF(N24>0,1,0) -> 0 | BC24: =IF(O24>0,1,0) -> 0 | ... CE24: =IF(AQ24>0,1,0) -> 0
A25: =MID(C25,3,1)&"팀" -> 1팀 | B25: =ROW()-6 -> 19 | C25: =IF(VLOOKUP($B25,'1. 현장별 인원현황'!$C:$J,2,0)=0,"",VLOOKUP($B25,'1. 현장별 인원현황'!$C:$J,2,0)) -> [1.대우건설] 인천검단 신도시 AA28BL 공동주택 신축공사 | D25: =IF(VLOOKUP($B25,'1. 현장별 인원현황'!$C:$J,3,0)=0,"",VLOOKUP($B25,'1. 현장별 인원현황'!$C:$J,3,0)) -> 김지호 | E25: =IF(VLOOKUP($B25,'1. 현장별 인원현황'!$C:$J,4,0)=0,"",VLOOKUP($B25,'1. 현장별 인원현황'!$C:$J,4,0)) -> 31세 | F25: =IF(VLOOKUP($B25,'1. 현장별 인원현황'!$C:$J,7,0)=0,"",VLOOKUP($B25,'1. 현장별 인원현황'!$C:$J,7,0)) -> 안전관리자 | G25: =IF(VLOOKUP($B25,'1. 현장별 인원현황'!$C:$J,8,0)=0,"",VLOOKUP($B25,'1. 현장별 인원현황'!$C:$J,8,0)) -> 대리 | I25: O | M25: O | Q25: O | U25: O | Y25: O | AC25: O | AF25: O | AK25: O | AN25: O | AR25: =SUMPRODUCT($H$5:$AQ$5,AV25:CE25) -> 82 | AS25: =IF(AR25>85,"S",IF(AR25>70,"A",IF(AR25>50,"B",IF(AR25>0,"C","")))) -> A | AV25: =IF(H25>0,1,0) -> 0 | AW25: =IF(I25>0,1,0) -> 1 | AX25: =IF(J25>0,1,0) -> 0 | AY25: =IF(K25>0,1,0) -> 0 | AZ25: =IF(L25>0,1,0) -> 0 | BA25: =IF(M25>0,1,0) -> 1 | BB25: =IF(N25>0,1,0) -> 0 | BC25: =IF(O25>0,1,0) -> 0 | ... CE25: =IF(AQ25>0,1,0) -> 0
A26: =MID(C26,3,1)&"팀" -> 1팀 | B26: =ROW()-6 -> 20 | C26: =IF(VLOOKUP($B26,'1. 현장별 인원현황'!$C:$J,2,0)=0,"",VLOOKUP($B26,'1. 현장별 인원현황'!$C:$J,2,0)) -> [1.대우건설] 인천검단 신도시 AA28BL 공동주택 신축공사 | D26: =IF(VLOOKUP($B26,'1. 현장별 인원현황'!$C:$J,3,0)=0,"",VLOOKUP($B26,'1. 현장별 인원현황'!$C:$J,3,0)) -> 차성철 | E26: =IF(VLOOKUP($B26,'1. 현장별 인원현황'!$C:$J,4,0)=0,"",VLOOKUP($B26,'1. 현장별 인원현황'!$C:$J,4,0)) -> 51세 | F26: =IF(VLOOKUP($B26,'1. 현장별 인원현황'!$C:$J,7,0)=0,"",VLOOKUP($B26,'1. 현장별 인원현황'!$C:$J,7,0)) -> 기능공 | G26: =IF(VLOOKUP($B26,'1. 현장별 인원현황'!$C:$J,8,0)=0,"",VLOOKUP($B26,'1. 현장별 인원현황'!$C:$J,8,0)) -> 전공 | H26: O | L26: O | P26: O | T26: O | X26: O | AB26: O | AF26: O | AJ26: O | AN26: O | AR26: =SUMPRODUCT($H$5:$AQ$5,AV26:CE26) -> 100 | AS26: =IF(AR26>85,"S",IF(AR26>70,"A",IF(AR26>50,"B",IF(AR26>0,"C","")))) -> S | AV26: =IF(H26>0,1,0) -> 1 | AW26: =IF(I26>0,1,0) -> 0 | AX26: =IF(J26>0,1,0) -> 0 | AY26: =IF(K26>0,1,0) -> 0 | AZ26: =IF(L26>0,1,0) -> 1 | BA26: =IF(M26>0,1,0) -> 0 | BB26: =IF(N26>0,1,0) -> 0 | BC26: =IF(O26>0,1,0) -> 0 | ... CE26: =IF(AQ26>0,1,0) -> 0
A27: =MID(C27,3,1)&"팀" -> 1팀 | B27: =ROW()-6 -> 21 | C27: =IF(VLOOKUP($B27,'1. 현장별 인원현황'!$C:$J,2,0)=0,"",VLOOKUP($B27,'1. 현장별 인원현황'!$C:$J,2,0)) -> [1.대우건설] 인천검단 신도시 AA28BL 공동주택 신축공사 | D27: =IF(VLOOKUP($B27,'1. 현장별 인원현황'!$C:$J,3,0)=0,"",VLOOKUP($B27,'1. 현장별 인원현황'!$C:$J,3,0)) -> 박상걸 | E27: =IF(VLOOKUP($B27,'1. 현장별 인원현황'!$C:$J,4,0)=0,"",VLOOKUP($B27,'1. 현장별 인원현황'!$C:$J,4,0)) -> 46세 | F27: =IF(VLOOKUP($B27,'1. 현장별 인원현황'!$C:$J,7,0)=0,"",VLOOKUP($B27,'1. 현장별 인원현황'!$C:$J,7,0)) -> 기능공 | G27: =IF(VLOOKUP($B27,'1. 현장별 인원현황'!$C:$J,8,0)=0,"",VLOOKUP($B27,'1. 현장별 인원현황'!$C:$J,8,0)) -> 전공 | I27: O | M27: O | Q27: O | U27: O | Y27: O | AC27: O | AG27: O | AK27: O | AN27: O | AR27: =SUMPRODUCT($H$5:$AQ$5,AV27:CE27) -> 80 | AS27: =IF(AR27>85,"S",IF(AR27>70,"A",IF(AR27>50,"B",IF(AR27>0,"C","")))) -> A | AV27: =IF(H27>0,1,0) -> 0 | AW27: =IF(I27>0,1,0) -> 1 | AX27: =IF(J27>0,1,0) -> 0 | AY27: =IF(K27>0,1,0) -> 0 | AZ27: =IF(L27>0,1,0) -> 0 | BA27: =IF(M27>0,1,0) -> 1 | BB27: =IF(N27>0,1,0) -> 0 | BC27: =IF(O27>0,1,0) -> 0 | ... CE27: =IF(AQ27>0,1,0) -> 0
A28: =MID(C28,3,1)&"팀" -> 1팀 | B28: =ROW()-6 -> 22 | C28: =IF(VLOOKUP($B28,'1. 현장별 인원현황'!$C:$J,2,0)=0,"",VLOOKUP($B28,'1. 현장별 인원현황'!$C:$J,2,0)) -> [1.대우건설] 인천검단 신도시 AA28BL 공동주택 신축공사 | D28: =IF(VLOOKUP($B28,'1. 현장별 인원현황'!$C:$J,3,0)=0,"",VLOOKUP($B28,'1. 현장별 인원현황'!$C:$J,3,0)) -> 이세열 | E28: =IF(VLOOKUP($B28,'1. 현장별 인원현황'!$C:$J,4,0)=0,"",VLOOKUP($B28,'1. 현장별 인원현황'!$C:$J,4,0)) -> 42세 | F28: =IF(VLOOKUP($B28,'1. 현장별 인원현황'!$C:$J,7,0)=0,"",VLOOKUP($B28,'1. 현장별 인원현황'!$C:$J,7,0)) -> 기능공 | G28: =IF(VLOOKUP($B28,'1. 현장별 인원현황'!$C:$J,8,0)=0,"",VLOOKUP($B28,'1. 현장별 인원현황'!$C:$J,8,0)) -> 전공 | I28: O | L28: O | P28: O | T28: O | X28: O | AB28: O | AF28: O | AJ28: O | AN28: O | AR28: =SUMPRODUCT($H$5:$AQ$5,AV28:CE28) -> 97 | AS28: =IF(AR28>85,"S",IF(AR28>70,"A",IF(AR28>50,"B",IF(AR28>0,"C","")))) -> S | AV28: =IF(H28>0,1,0) -> 0 | AW28: =IF(I28>0,1,0) -> 1 | AX28: =IF(J28>0,1,0) -> 0 | AY28: =IF(K28>0,1,0) -> 0 | AZ28: =IF(L28>0,1,0) -> 1 | BA28: =IF(M28>0,1,0) -> 0 | BB28: =IF(N28>0,1,0) -> 0 | BC28: =IF(O28>0,1,0) -> 0 | ... CE28: =IF(AQ28>0,1,0) -> 0
A29: =MID(C29,3,1)&"팀" -> 1팀 | B29: =ROW()-6 -> 23 | C29: =IF(VLOOKUP($B29,'1. 현장별 인원현황'!$C:$J,2,0)=0,"",VLOOKUP($B29,'1. 현장별 인원현황'!$C:$J,2,0)) -> [1.대우건설] 인천검단 신도시 AA28BL 공동주택 신축공사 | D29: =IF(VLOOKUP($B29,'1. 현장별 인원현황'!$C:$J,3,0)=0,"",VLOOKUP($B29,'1. 현장별 인원현황'!$C:$J,3,0)) -> 한성필 | E29: =IF(VLOOKUP($B29,'1. 현장별 인원현황'!$C:$J,4,0)=0,"",VLOOKUP($B29,'1. 현장별 인원현황'!$C:$J,4,0)) -> 53세 | F29: =IF(VLOOKUP($B29,'1. 현장별 인원현황'!$C:$J,7,0)=0,"",VLOOKUP($B29,'1. 현장별 인원현황'!$C:$J,7,0)) -> 기능공 | G29: =IF(VLOOKUP($B29,'1. 현장별 인원현황'!$C:$J,8,0)=0,"",VLOOKUP($B29,'1. 현장별 인원현황'!$C:$J,8,0)) -> 전공 | H29: O | L29: O | P29: O | T29: O | X29: O | AB29: O | AF29: O | AJ29: O | AN29: O | AR29: =SUMPRODUCT($H$5:$AQ$5,AV29:CE29) -> 100 | AS29: =IF(AR29>85,"S",IF(AR29>70,"A",IF(AR29>50,"B",IF(AR29>0,"C","")))) -> S | AV29: =IF(H29>0,1,0) -> 1 | AW29: =IF(I29>0,1,0) -> 0 | AX29: =IF(J29>0,1,0) -> 0 | AY29: =IF(K29>0,1,0) -> 0 | AZ29: =IF(L29>0,1,0) -> 1 | BA29: =IF(M29>0,1,0) -> 0 | BB29: =IF(N29>0,1,0) -> 0 | BC29: =IF(O29>0,1,0) -> 0 | ... CE29: =IF(AQ29>0,1,0) -> 0
A30: =MID(C30,3,1)&"팀" -> 1팀 | B30: =ROW()-6 -> 24 | C30: =IF(VLOOKUP($B30,'1. 현장별 인원현황'!$C:$J,2,0)=0,"",VLOOKUP($B30,'1. 현장별 인원현황'!$C:$J,2,0)) -> [1.대우건설] 장위6구역 주택재개발 정비사업아파트 신축공사 | D30: =IF(VLOOKUP($B30,'1. 현장별 인원현황'!$C:$J,3,0)=0,"",VLOOKUP($B30,'1. 현장별 인원현황'!$C:$J,3,0)) -> 강지성 | E30: =IF(VLOOKUP($B30,'1. 현장별 인원현황'!$C:$J,4,0)=0,"",VLOOKUP($B30,'1. 현장별 인원현황'!$C:$J,4,0)) -> 50세 | F30: =IF(VLOOKUP($B30,'1. 현장별 인원현황'!$C:$J,7,0)=0,"",VLOOKUP($B30,'1. 현장별 인원현황'!$C:$J,7,0)) -> 공무 | G30: =IF(VLOOKUP($B30,'1. 현장별 인원현황'!$C:$J,8,0)=0,"",VLOOKUP($B30,'1. 현장별 인원현황'!$C:$J,8,0)) -> 차장 | H30: O | L30: O | P30: O | T30: O | AA30: O | AD30: O | AH30: O | AK30: O | AQ30: O | AR30: =SUMPRODUCT($H$5:$AQ$5,AV30:CE30) -> 74 | AS30: =IF(AR30>85,"S",IF(AR30>70,"A",IF(AR30>50,"B",IF(AR30>0,"C","")))) -> A | AV30: =IF(H30>0,1,0) -> 1 | AW30: =IF(I30>0,1,0) -> 0 | AX30: =IF(J30>0,1,0) -> 0 | AY30: =IF(K30>0,1,0) -> 0 | AZ30: =IF(L30>0,1,0) -> 1 | BA30: =IF(M30>0,1,0) -> 0 | BB30: =IF(N30>0,1,0) -> 0 | BC30: =IF(O30>0,1,0) -> 0 | ... CE30: =IF(AQ30>0,1,0) -> 1
A31: =MID(C31,3,1)&"팀" -> 1팀 | B31: =ROW()-6 -> 25 | C31: =IF(VLOOKUP($B31,'1. 현장별 인원현황'!$C:$J,2,0)=0,"",VLOOKUP($B31,'1. 현장별 인원현황'!$C:$J,2,0)) -> [1.대우건설] 장위6구역 주택재개발 정비사업아파트 신축공사 | D31: =IF(VLOOKUP($B31,'1. 현장별 인원현황'!$C:$J,3,0)=0,"",VLOOKUP($B31,'1. 현장별 인원현황'!$C:$J,3,0)) -> 이시우 | E31: =IF(VLOOKUP($B31,'1. 현장별 인원현황'!$C:$J,4,0)=0,"",VLOOKUP($B31,'1. 현장별 인원현황'!$C:$J,4,0)) -> 24세 | F31: =IF(VLOOKUP($B31,'1. 현장별 인원현황'!$C:$J,7,0)=0,"",VLOOKUP($B31,'1. 현장별 인원현황'!$C:$J,7,0)) -> 공무 | G31: =IF(VLOOKUP($B31,'1. 현장별 인원현황'!$C:$J,8,0)=0,"",VLOOKUP($B31,'1. 현장별 인원현황'!$C:$J,8,0)) -> 대리 | H31: O | L31: O | P31: O | U31: O | X31: O | AB31: O | AG31: O | AJ31: O | AN31: O | AR31: =SUMPRODUCT($H$5:$AQ$5,AV31:CE31) -> 96 | AS31: =IF(AR31>85,"S",IF(AR31>70,"A",IF(AR31>50,"B",IF(AR31>0,"C","")))) -> S | AV31: =IF(H31>0,1,0) -> 1 | AW31: =IF(I31>0,1,0) -> 0 | AX31: =IF(J31>0,1,0) -> 0 | AY31: =IF(K31>0,1,0) -> 0 | AZ31: =IF(L31>0,1,0) -> 1 | BA31: =IF(M31>0,1,0) -> 0 | BB31: =IF(N31>0,1,0) -> 0 | BC31: =IF(O31>0,1,0) -> 0 | ... CE31: =IF(AQ31>0,1,0) -> 0
A32: =MID(C32,3,1)&"팀" -> 1팀 | B32: =ROW()-6 -> 26 | C32: =IF(VLOOKUP($B32,'1. 현장별 인원현황'!$C:$J,2,0)=0,"",VLOOKUP($B32,'1. 현장별 인원현황'!$C:$J,2,0)) -> [1.대우건설] 장위6구역 주택재개발 정비사업아파트 신축공사 | D32: =IF(VLOOKUP($B32,'1. 현장별 인원현황'!$C:$J,3,0)=0,"",VLOOKUP($B32,'1. 현장별 인원현황'!$C:$J,3,0)) -> 정 권 | E32: =IF(VLOOKUP($B32,'1. 현장별 인원현황'!$C:$J,4,0)=0,"",VLOOKUP($B32,'1. 현장별 인원현황'!$C:$J,4,0)) -> 60세 | F32: =IF(VLOOKUP($B32,'1. 현장별 인원현황'!$C:$J,7,0)=0,"",VLOOKUP($B32,'1. 현장별 인원현황'!$C:$J,7,0)) -> 공사 | G32: =IF(VLOOKUP($B32,'1. 현장별 인원현황'!$C:$J,8,0)=0,"",VLOOKUP($B32,'1. 현장별 인원현황'!$C:$J,8,0)) -> 차장 | H32: O | L32: O | P32: O | T32: O | X32: O | AB32: O | AG32: O | AJ32: O | AO32: O | AR32: =SUMPRODUCT($H$5:$AQ$5,AV32:CE32) -> 95 | AS32: =IF(AR32>85,"S",IF(AR32>70,"A",IF(AR32>50,"B",IF(AR32>0,"C","")))) -> S | AV32: =IF(H32>0,1,0) -> 1 | AW32: =IF(I32>0,1,0) -> 0 | AX32: =IF(J32>0,1,0) -> 0 | AY32: =IF(K32>0,1,0) -> 0 | AZ32: =IF(L32>0,1,0) -> 1 | BA32: =IF(M32>0,1,0) -> 0 | BB32: =IF(N32>0,1,0) -> 0 | BC32: =IF(O32>0,1,0) -> 0 | ... CE32: =IF(AQ32>0,1,0) -> 0
A33: =MID(C33,3,1)&"팀" -> 1팀 | B33: =ROW()-6 -> 27 | C33: =IF(VLOOKUP($B33,'1. 현장별 인원현황'!$C:$J,2,0)=0,"",VLOOKUP($B33,'1. 현장별 인원현황'!$C:$J,2,0)) -> [1.대우건설] 장위6구역 주택재개발 정비사업아파트 신축공사 | D33: =IF(VLOOKUP($B33,'1. 현장별 인원현황'!$C:$J,3,0)=0,"",VLOOKUP($B33,'1. 현장별 인원현황'!$C:$J,3,0)) -> 성경웅 | E33: =IF(VLOOKUP($B33,'1. 현장별 인원현황'!$C:$J,4,0)=0,"",VLOOKUP($B33,'1. 현장별 인원현황'!$C:$J,4,0)) -> 56세 | F33: =IF(VLOOKUP($B33,'1. 현장별 인원현황'!$C:$J,7,0)=0,"",VLOOKUP($B33,'1. 현장별 인원현황'!$C:$J,7,0)) -> 공사 | G33: =IF(VLOOKUP($B33,'1. 현장별 인원현황'!$C:$J,8,0)=0,"",VLOOKUP($B33,'1. 현장별 인원현황'!$C:$J,8,0)) -> 차장 | H33: O | L33: O | P33: O | T33: O | X33: O | AB33: O | AF33: O | AJ33: O | AN33: O | AR33: =SUMPRODUCT($H$5:$AQ$5,AV33:CE33) -> 100 | AS33: =IF(AR33>85,"S",IF(AR33>70,"A",IF(AR33>50,"B",IF(AR33>0,"C","")))) -> S | AV33: =IF(H33>0,1,0) -> 1 | AW33: =IF(I33>0,1,0) -> 0 | AX33: =IF(J33>0,1,0) -> 0 | AY33: =IF(K33>0,1,0) -> 0 | AZ33: =IF(L33>0,1,0) -> 1 | BA33: =IF(M33>0,1,0) -> 0 | BB33: =IF(N33>0,1,0) -> 0 | BC33: =IF(O33>0,1,0) -> 0 | ... CE33: =IF(AQ33>0,1,0) -> 0
A34: =MID(C34,3,1)&"팀" -> 1팀 | B34: =ROW()-6 -> 28 | C34: =IF(VLOOKUP($B34,'1. 현장별 인원현황'!$C:$J,2,0)=0,"",VLOOKUP($B34,'1. 현장별 인원현황'!$C:$J,2,0)) -> [1.대우건설] 장위6구역 주택재개발 정비사업아파트 신축공사 | D34: =IF(VLOOKUP($B34,'1. 현장별 인원현황'!$C:$J,3,0)=0,"",VLOOKUP($B34,'1. 현장별 인원현황'!$C:$J,3,0)) -> 용효중 | E34: =IF(VLOOKUP($B34,'1. 현장별 인원현황'!$C:$J,4,0)=0,"",VLOOKUP($B34,'1. 현장별 인원현황'!$C:$J,4,0)) -> 49세 | F34: =IF(VLOOKUP($B34,'1. 현장별 인원현황'!$C:$J,7,0)=0,"",VLOOKUP($B34,'1. 현장별 인원현황'!$C:$J,7,0)) -> 기능공 | G34: =IF(VLOOKUP($B34,'1. 현장별 인원현황'!$C:$J,8,0)=0,"",VLOOKUP($B34,'1. 현장별 인원현황'!$C:$J,8,0)) -> 전공 | H34: O | M34: O | P34: O | T34: O | X34: O | AC34: O | AG34: O | AJ34: O | AN34: O | AR34: =SUMPRODUCT($H$5:$AQ$5,AV34:CE34) -> 93 | AS34: =IF(AR34>85,"S",IF(AR34>70,"A",IF(AR34>50,"B",IF(AR34>0,"C","")))) -> S | AV34: =IF(H34>0,1,0) -> 1 | AW34: =IF(I34>0,1,0) -> 0 | AX34: =IF(J34>0,1,0) -> 0 | AY34: =IF(K34>0,1,0) -> 0 | AZ34: =IF(L34>0,1,0) -> 0 | BA34: =IF(M34>0,1,0) -> 1 | BB34: =IF(N34>0,1,0) -> 0 | BC34: =IF(O34>0,1,0) -> 0 | ... CE34: =IF(AQ34>0,1,0) -> 0
A35: =MID(C35,3,1)&"팀" -> 1팀 | B35: =ROW()-6 -> 29 | C35: =IF(VLOOKUP($B35,'1. 현장별 인원현황'!$C:$J,2,0)=0,"",VLOOKUP($B35,'1. 현장별 인원현황'!$C:$J,2,0)) -> [1.대우건설] 장위6구역 주택재개발 정비사업아파트 신축공사 | D35: =IF(VLOOKUP($B35,'1. 현장별 인원현황'!$C:$J,3,0)=0,"",VLOOKUP($B35,'1. 현장별 인원현황'!$C:$J,3,0)) -> 서경배 | E35: =IF(VLOOKUP($B35,'1. 현장별 인원현황'!$C:$J,4,0)=0,"",VLOOKUP($B35,'1. 현장별 인원현황'!$C:$J,4,0)) -> 62세 | F35: =IF(VLOOKUP($B35,'1. 현장별 인원현황'!$C:$J,7,0)=0,"",VLOOKUP($B35,'1. 현장별 인원현황'!$C:$J,7,0)) -> 기능공 | G35: =IF(VLOOKUP($B35,'1. 현장별 인원현황'!$C:$J,8,0)=0,"",VLOOKUP($B35,'1. 현장별 인원현황'!$C:$J,8,0)) -> 전공 | I35: O | L35: O | P35: O | T35: O | X35: O | AB35: O | AG35: O | AJ35: O | AN35: O | AR35: =SUMPRODUCT($H$5:$AQ$5,AV35:CE35) -> 95 | AS35: =IF(AR35>85,"S",IF(AR35>70,"A",IF(AR35>50,"B",IF(AR35>0,"C","")))) -> S | AV35: =IF(H35>0,1,0) -> 0 | AW35: =IF(I35>0,1,0) -> 1 | AX35: =IF(J35>0,1,0) -> 0 | AY35: =IF(K35>0,1,0) -> 0 | AZ35: =IF(L35>0,1,0) -> 1 | BA35: =IF(M35>0,1,0) -> 0 | BB35: =IF(N35>0,1,0) -> 0 | BC35: =IF(O35>0,1,0) -> 0 | ... CE35: =IF(AQ35>0,1,0) -> 0
A36: =MID(C36,3,1)&"팀" -> 1팀 | B36: =ROW()-6 -> 30 | C36: =IF(VLOOKUP($B36,'1. 현장별 인원현황'!$C:$J,2,0)=0,"",VLOOKUP($B36,'1. 현장별 인원현황'!$C:$J,2,0)) -> [1.대우건설] 장위6구역 주택재개발 정비사업아파트 신축공사 | D36: =IF(VLOOKUP($B36,'1. 현장별 인원현황'!$C:$J,3,0)=0,"",VLOOKUP($B36,'1. 현장별 인원현황'!$C:$J,3,0)) -> 장대용 | E36: =IF(VLOOKUP($B36,'1. 현장별 인원현황'!$C:$J,4,0)=0,"",VLOOKUP($B36,'1. 현장별 인원현황'!$C:$J,4,0)) -> 42세 | F36: =IF(VLOOKUP($B36,'1. 현장별 인원현황'!$C:$J,7,0)=0,"",VLOOKUP($B36,'1. 현장별 인원현황'!$C:$J,7,0)) -> 기능공 | G36: =IF(VLOOKUP($B36,'1. 현장별 인원현황'!$C:$J,8,0)=0,"",VLOOKUP($B36,'1. 현장별 인원현황'!$C:$J,8,0)) -> 전공 | H36: O | L36: O | P36: O | T36: O | X36: O | AB36: O | AF36: O | AJ36: O | AN36: O | AR36: =SUMPRODUCT($H$5:$AQ$5,AV36:CE36) -> 100 | AS36: =IF(AR36>85,"S",IF(AR36>70,"A",IF(AR36>50,"B",IF(AR36>0,"C","")))) -> S | AV36: =IF(H36>0,1,0) -> 1 | AW36: =IF(I36>0,1,0) -> 0 | AX36: =IF(J36>0,1,0) -> 0 | AY36: =IF(K36>0,1,0) -> 0 | AZ36: =IF(L36>0,1,0) -> 1 | BA36: =IF(M36>0,1,0) -> 0 | BB36: =IF(N36>0,1,0) -> 0 | BC36: =IF(O36>0,1,0) -> 0 | ... CE36: =IF(AQ36>0,1,0) -> 0
A37: =MID(C37,3,1)&"팀" -> 1팀 | B37: =ROW()-6 -> 31 | C37: =IF(VLOOKUP($B37,'1. 현장별 인원현황'!$C:$J,2,0)=0,"",VLOOKUP($B37,'1. 현장별 인원현황'!$C:$J,2,0)) -> [1.대우건설] 장위6구역 주택재개발 정비사업아파트 신축공사 | D37: =IF(VLOOKUP($B37,'1. 현장별 인원현황'!$C:$J,3,0)=0,"",VLOOKUP($B37,'1. 현장별 인원현황'!$C:$J,3,0)) -> 석준수 | E37: =IF(VLOOKUP($B37,'1. 현장별 인원현황'!$C:$J,4,0)=0,"",VLOOKUP($B37,'1. 현장별 인원현황'!$C:$J,4,0)) -> 50세 | F37: =IF(VLOOKUP($B37,'1. 현장별 인원현황'!$C:$J,7,0)=0,"",VLOOKUP($B37,'1. 현장별 인원현황'!$C:$J,7,0)) -> 기능공 | G37: =IF(VLOOKUP($B37,'1. 현장별 인원현황'!$C:$J,8,0)=0,"",VLOOKUP($B37,'1. 현장별 인원현황'!$C:$J,8,0)) -> 전공 | I37: O | M37: O | Q37: O | T37: O | X37: O | AC37: O | AG37: O | AJ37: O | AO37: O | AR37: =SUMPRODUCT($H$5:$AQ$5,AV37:CE37) -> 84 | AS37: =IF(AR37>85,"S",IF(AR37>70,"A",IF(AR37>50,"B",IF(AR37>0,"C","")))) -> A | AV37: =IF(H37>0,1,0) -> 0 | AW37: =IF(I37>0,1,0) -> 1 | AX37: =IF(J37>0,1,0) -> 0 | AY37: =IF(K37>0,1,0) -> 0 | AZ37: =IF(L37>0,1,0) -> 0 | BA37: =IF(M37>0,1,0) -> 1 | BB37: =IF(N37>0,1,0) -> 0 | BC37: =IF(O37>0,1,0) -> 0 | ... CE37: =IF(AQ37>0,1,0) -> 0
A38: =MID(C38,3,1)&"팀" -> 1팀 | B38: =ROW()-6 -> 32 | C38: =IF(VLOOKUP($B38,'1. 현장별 인원현황'!$C:$J,2,0)=0,"",VLOOKUP($B38,'1. 현장별 인원현황'!$C:$J,2,0)) -> [1.대우건설] 장위6구역 주택재개발 정비사업아파트 신축공사 | D38: =IF(VLOOKUP($B38,'1. 현장별 인원현황'!$C:$J,3,0)=0,"",VLOOKUP($B38,'1. 현장별 인원현황'!$C:$J,3,0)) -> 배기정 | E38: =IF(VLOOKUP($B38,'1. 현장별 인원현황'!$C:$J,4,0)=0,"",VLOOKUP($B38,'1. 현장별 인원현황'!$C:$J,4,0)) -> 32세 | F38: =IF(VLOOKUP($B38,'1. 현장별 인원현황'!$C:$J,7,0)=0,"",VLOOKUP($B38,'1. 현장별 인원현황'!$C:$J,7,0)) -> 기능공 | G38: =IF(VLOOKUP($B38,'1. 현장별 인원현황'!$C:$J,8,0)=0,"",VLOOKUP($B38,'1. 현장별 인원현황'!$C:$J,8,0)) -> 조공 | J38: O | M38: O | Q38: O | V38: O | Y38: O | AC38: O | AG38: O | AK38: O | AO38: O | AR38: =SUMPRODUCT($H$5:$AQ$5,AV38:CE38) -> 72 | AS38: =IF(AR38>85,"S",IF(AR38>70,"A",IF(AR38>50,"B",IF(AR38>0,"C","")))) -> A | AV38: =IF(H38>0,1,0) -> 0 | AW38: =IF(I38>0,1,0) -> 0 | AX38: =IF(J38>0,1,0) -> 1 | AY38: =IF(K38>0,1,0) -> 0 | AZ38: =IF(L38>0,1,0) -> 0 | BA38: =IF(M38>0,1,0) -> 1 | BB38: =IF(N38>0,1,0) -> 0 | BC38: =IF(O38>0,1,0) -> 0 | ... CE38: =IF(AQ38>0,1,0) -> 0
A39: =MID(C39,3,1)&"팀" -> 1팀 | B39: =ROW()-6 -> 33 | C39: =IF(VLOOKUP($B39,'1. 현장별 인원현황'!$C:$J,2,0)=0,"",VLOOKUP($B39,'1. 현장별 인원현황'!$C:$J,2,0)) -> [1.대우건설] 장위6구역 주택재개발 정비사업아파트 신축공사 | D39: =IF(VLOOKUP($B39,'1. 현장별 인원현황'!$C:$J,3,0)=0,"",VLOOKUP($B39,'1. 현장별 인원현황'!$C:$J,3,0)) -> 김기현 | E39: =IF(VLOOKUP($B39,'1. 현장별 인원현황'!$C:$J,4,0)=0,"",VLOOKUP($B39,'1. 현장별 인원현황'!$C:$J,4,0)) -> 55세 | F39: =IF(VLOOKUP($B39,'1. 현장별 인원현황'!$C:$J,7,0)=0,"",VLOOKUP($B39,'1. 현장별 인원현황'!$C:$J,7,0)) -> 기능공 | G39: =IF(VLOOKUP($B39,'1. 현장별 인원현황'!$C:$J,8,0)=0,"",VLOOKUP($B39,'1. 현장별 인원현황'!$C:$J,8,0)) -> 전공 | H39: O | M39: O | Q39: O | U39: O | X39: O | AC39: O | AG39: O | AJ39: O | AN39: O | AR39: =SUMPRODUCT($H$5:$AQ$5,AV39:CE39) -> 88 | AS39: =IF(AR39>85,"S",IF(AR39>70,"A",IF(AR39>50,"B",IF(AR39>0,"C","")))) -> S | AV39: =IF(H39>0,1,0) -> 1 | AW39: =IF(I39>0,1,0) -> 0 | AX39: =IF(J39>0,1,0) -> 0 | AY39: =IF(K39>0,1,0) -> 0 | AZ39: =IF(L39>0,1,0) -> 0 | BA39: =IF(M39>0,1,0) -> 1 | BB39: =IF(N39>0,1,0) -> 0 | BC39: =IF(O39>0,1,0) -> 0 | ... CE39: =IF(AQ39>0,1,0) -> 0
A40: =MID(C40,3,1)&"팀" -> 1팀 | B40: =ROW()-6 -> 34 | C40: =IF(VLOOKUP($B40,'1. 현장별 인원현황'!$C:$J,2,0)=0,"",VLOOKUP($B40,'1. 현장별 인원현황'!$C:$J,2,0)) -> [1.대우건설] 장위6구역 주택재개발 정비사업아파트 신축공사 | D40: =IF(VLOOKUP($B40,'1. 현장별 인원현황'!$C:$J,3,0)=0,"",VLOOKUP($B40,'1. 현장별 인원현황'!$C:$J,3,0)) -> 문원규 | E40: =IF(VLOOKUP($B40,'1. 현장별 인원현황'!$C:$J,4,0)=0,"",VLOOKUP($B40,'1. 현장별 인원현황'!$C:$J,4,0)) -> 35세 | F40: =IF(VLOOKUP($B40,'1. 현장별 인원현황'!$C:$J,7,0)=0,"",VLOOKUP($B40,'1. 현장별 인원현황'!$C:$J,7,0)) -> 기능공 | G40: =IF(VLOOKUP($B40,'1. 현장별 인원현황'!$C:$J,8,0)=0,"",VLOOKUP($B40,'1. 현장별 인원현황'!$C:$J,8,0)) -> 조공 | I40: O | L40: O | Q40: O | U40: O | X40: O | AB40: O | AF40: O | AJ40: O | AN40: O | AR40: =SUMPRODUCT($H$5:$AQ$5,AV40:CE40) -> 92 | AS40: =IF(AR40>85,"S",IF(AR40>70,"A",IF(AR40>50,"B",IF(AR40>0,"C","")))) -> S | AV40: =IF(H40>0,1,0) -> 0 | AW40: =IF(I40>0,1,0) -> 1 | AX40: =IF(J40>0,1,0) -> 0 | AY40: =IF(K40>0,1,0) -> 0 | AZ40: =IF(L40>0,1,0) -> 1 | BA40: =IF(M40>0,1,0) -> 0 | BB40: =IF(N40>0,1,0) -> 0 | BC40: =IF(O40>0,1,0) -> 0 | ... CE40: =IF(AQ40>0,1,0) -> 0
A41: =MID(C41,3,1)&"팀" -> 1팀 | B41: =ROW()-6 -> 35 | C41: =IF(VLOOKUP($B41,'1. 현장별 인원현황'!$C:$J,2,0)=0,"",VLOOKUP($B41,'1. 현장별 인원현황'!$C:$J,2,0)) -> [1.대우건설] 청라C18BL 오피스텔 신축공사 | D41: =IF(VLOOKUP($B41,'1. 현장별 인원현황'!$C:$J,3,0)=0,"",VLOOKUP($B41,'1. 현장별 인원현황'!$C:$J,3,0)) -> 양규성 | E41: =IF(VLOOKUP($B41,'1. 현장별 인원현황'!$C:$J,4,0)=0,"",VLOOKUP($B41,'1. 현장별 인원현황'!$C:$J,4,0)) -> 42세 | F41: =IF(VLOOKUP($B41,'1. 현장별 인원현황'!$C:$J,7,0)=0,"",VLOOKUP($B41,'1. 현장별 인원현황'!$C:$J,7,0)) -> 공무 | G41: =IF(VLOOKUP($B41,'1. 현장별 인원현황'!$C:$J,8,0)=0,"",VLOOKUP($B41,'1. 현장별 인원현황'!$C:$J,8,0)) -> 과장 | H41: O | L41: O | P41: O | T41: O | X41: O | AB41: O | AF41: O | AJ41: O | AN41: O | AR41: =SUMPRODUCT($H$5:$AQ$5,AV41:CE41) -> 100 | AS41: =IF(AR41>85,"S",IF(AR41>70,"A",IF(AR41>50,"B",IF(AR41>0,"C","")))) -> S | AV41: =IF(H41>0,1,0) -> 1 | AW41: =IF(I41>0,1,0) -> 0 | AX41: =IF(J41>0,1,0) -> 0 | AY41: =IF(K41>0,1,0) -> 0 | AZ41: =IF(L41>0,1,0) -> 1 | BA41: =IF(M41>0,1,0) -> 0 | BB41: =IF(N41>0,1,0) -> 0 | BC41: =IF(O41>0,1,0) -> 0 | ... CE41: =IF(AQ41>0,1,0) -> 0
A42: =MID(C42,3,1)&"팀" -> 1팀 | B42: =ROW()-6 -> 36 | C42: =IF(VLOOKUP($B42,'1. 현장별 인원현황'!$C:$J,2,0)=0,"",VLOOKUP($B42,'1. 현장별 인원현황'!$C:$J,2,0)) -> [1.대우건설] 청라C18BL 오피스텔 신축공사 | D42: =IF(VLOOKUP($B42,'1. 현장별 인원현황'!$C:$J,3,0)=0,"",VLOOKUP($B42,'1. 현장별 인원현황'!$C:$J,3,0)) -> 박규철 | E42: =IF(VLOOKUP($B42,'1. 현장별 인원현황'!$C:$J,4,0)=0,"",VLOOKUP($B42,'1. 현장별 인원현황'!$C:$J,4,0)) -> 30세 | F42: =IF(VLOOKUP($B42,'1. 현장별 인원현황'!$C:$J,7,0)=0,"",VLOOKUP($B42,'1. 현장별 인원현황'!$C:$J,7,0)) -> 공무 | G42: =IF(VLOOKUP($B42,'1. 현장별 인원현황'!$C:$J,8,0)=0,"",VLOOKUP($B42,'1. 현장별 인원현황'!$C:$J,8,0)) -> 과장 | H42: O | L42: O | P42: O | T42: O | X42: O | AB42: O | AF42: O | AJ42: O | AN42: O | AR42: =SUMPRODUCT($H$5:$AQ$5,AV42:CE42) -> 100 | AS42: =IF(AR42>85,"S",IF(AR42>70,"A",IF(AR42>50,"B",IF(AR42>0,"C","")))) -> S | AV42: =IF(H42>0,1,0) -> 1 | AW42: =IF(I42>0,1,0) -> 0 | AX42: =IF(J42>0,1,0) -> 0 | AY42: =IF(K42>0,1,0) -> 0 | AZ42: =IF(L42>0,1,0) -> 1 | BA42: =IF(M42>0,1,0) -> 0 | BB42: =IF(N42>0,1,0) -> 0 | BC42: =IF(O42>0,1,0) -> 0 | ... CE42: =IF(AQ42>0,1,0) -> 0
A43: =MID(C43,3,1)&"팀" -> 1팀 | B43: =ROW()-6 -> 37 | C43: =IF(VLOOKUP($B43,'1. 현장별 인원현황'!$C:$J,2,0)=0,"",VLOOKUP($B43,'1. 현장별 인원현황'!$C:$J,2,0)) -> [1.대우건설] 청라C18BL 오피스텔 신축공사 | D43: =IF(VLOOKUP($B43,'1. 현장별 인원현황'!$C:$J,3,0)=0,"",VLOOKUP($B43,'1. 현장별 인원현황'!$C:$J,3,0)) -> 차광식 | E43: =IF(VLOOKUP($B43,'1. 현장별 인원현황'!$C:$J,4,0)=0,"",VLOOKUP($B43,'1. 현장별 인원현황'!$C:$J,4,0)) -> 64세 | F43: =IF(VLOOKUP($B43,'1. 현장별 인원현황'!$C:$J,7,0)=0,"",VLOOKUP($B43,'1. 현장별 인원현황'!$C:$J,7,0)) -> 공사 | G43: =IF(VLOOKUP($B43,'1. 현장별 인원현황'!$C:$J,8,0)=0,"",VLOOKUP($B43,'1. 현장별 인원현황'!$C:$J,8,0)) -> 차장 | H43: O | L43: O | P43: O | T43: O | X43: O | AB43: O | AF43: O | AJ43: O | AN43: O | AR43: =SUMPRODUCT($H$5:$AQ$5,AV43:CE43) -> 100 | AS43: =IF(AR43>85,"S",IF(AR43>70,"A",IF(AR43>50,"B",IF(AR43>0,"C","")))) -> S | AV43: =IF(H43>0,1,0) -> 1 | AW43: =IF(I43>0,1,0) -> 0 | AX43: =IF(J43>0,1,0) -> 0 | AY43: =IF(K43>0,1,0) -> 0 | AZ43: =IF(L43>0,1,0) -> 1 | BA43: =IF(M43>0,1,0) -> 0 | BB43: =IF(N43>0,1,0) -> 0 | BC43: =IF(O43>0,1,0) -> 0 | ... CE43: =IF(AQ43>0,1,0) -> 0
A44: =MID(C44,3,1)&"팀" -> 1팀 | B44: =ROW()-6 -> 38 | C44: =IF(VLOOKUP($B44,'1. 현장별 인원현황'!$C:$J,2,0)=0,"",VLOOKUP($B44,'1. 현장별 인원현황'!$C:$J,2,0)) -> [1.대우건설] 청라C18BL 오피스텔 신축공사 | D44: =IF(VLOOKUP($B44,'1. 현장별 인원현황'!$C:$J,3,0)=0,"",VLOOKUP($B44,'1. 현장별 인원현황'!$C:$J,3,0)) -> 김 동 석 | E44: =IF(VLOOKUP($B44,'1. 현장별 인원현황'!$C:$J,4,0)=0,"",VLOOKUP($B44,'1. 현장별 인원현황'!$C:$J,4,0)) -> 53세 | F44: =IF(VLOOKUP($B44,'1. 현장별 인원현황'!$C:$J,7,0)=0,"",VLOOKUP($B44,'1. 현장별 인원현황'!$C:$J,7,0)) -> 공사 | G44: =IF(VLOOKUP($B44,'1. 현장별 인원현황'!$C:$J,8,0)=0,"",VLOOKUP($B44,'1. 현장별 인원현황'!$C:$J,8,0)) -> 차장 | H44: O | L44: O | P44: O | T44: O | X44: O | AB44: O | AF44: O | AJ44: O | AN44: O | AR44: =SUMPRODUCT($H$5:$AQ$5,AV44:CE44) -> 100 | AS44: =IF(AR44>85,"S",IF(AR44>70,"A",IF(AR44>50,"B",IF(AR44>0,"C","")))) -> S | AV44: =IF(H44>0,1,0) -> 1 | AW44: =IF(I44>0,1,0) -> 0 | AX44: =IF(J44>0,1,0) -> 0 | AY44: =IF(K44>0,1,0) -> 0 | AZ44: =IF(L44>0,1,0) -> 1 | BA44: =IF(M44>0,1,0) -> 0 | BB44: =IF(N44>0,1,0) -> 0 | BC44: =IF(O44>0,1,0) -> 0 | ... CE44: =IF(AQ44>0,1,0) -> 0
A45: =MID(C45,3,1)&"팀" -> 1팀 | B45: =ROW()-6 -> 39 | C45: =IF(VLOOKUP($B45,'1. 현장별 인원현황'!$C:$J,2,0)=0,"",VLOOKUP($B45,'1. 현장별 인원현황'!$C:$J,2,0)) -> [1.대우건설] 청라C18BL 오피스텔 신축공사 | D45: =IF(VLOOKUP($B45,'1. 현장별 인원현황'!$C:$J,3,0)=0,"",VLOOKUP($B45,'1. 현장별 인원현황'!$C:$J,3,0)) -> 강 용 | E45: =IF(VLOOKUP($B45,'1. 현장별 인원현황'!$C:$J,4,0)=0,"",VLOOKUP($B45,'1. 현장별 인원현황'!$C:$J,4,0)) -> 33세 | F45: =IF(VLOOKUP($B45,'1. 현장별 인원현황'!$C:$J,7,0)=0,"",VLOOKUP($B45,'1. 현장별 인원현황'!$C:$J,7,0)) -> 기능공 | G45: =IF(VLOOKUP($B45,'1. 현장별 인원현황'!$C:$J,8,0)=0,"",VLOOKUP($B45,'1. 현장별 인원현황'!$C:$J,8,0)) -> 전공 | H45: O | L45: O | P45: O | T45: O | X45: O | AB45: O | AF45: O | AJ45: O | AN45: O | AR45: =SUMPRODUCT($H$5:$AQ$5,AV45:CE45) -> 100 | AS45: =IF(AR45>85,"S",IF(AR45>70,"A",IF(AR45>50,"B",IF(AR45>0,"C","")))) -> S | AV45: =IF(H45>0,1,0) -> 1 | AW45: =IF(I45>0,1,0) -> 0 | AX45: =IF(J45>0,1,0) -> 0 | AY45: =IF(K45>0,1,0) -> 0 | AZ45: =IF(L45>0,1,0) -> 1 | BA45: =IF(M45>0,1,0) -> 0 | BB45: =IF(N45>0,1,0) -> 0 | BC45: =IF(O45>0,1,0) -> 0 | ... CE45: =IF(AQ45>0,1,0) -> 0
A46: =MID(C46,3,1)&"팀" -> 1팀 | B46: =ROW()-6 -> 40 | C46: =IF(VLOOKUP($B46,'1. 현장별 인원현황'!$C:$J,2,0)=0,"",VLOOKUP($B46,'1. 현장별 인원현황'!$C:$J,2,0)) -> [1.대우건설] 청라C18BL 오피스텔 신축공사 | D46: =IF(VLOOKUP($B46,'1. 현장별 인원현황'!$C:$J,3,0)=0,"",VLOOKUP($B46,'1. 현장별 인원현황'!$C:$J,3,0)) -> 김 용 | E46: =IF(VLOOKUP($B46,'1. 현장별 인원현황'!$C:$J,4,0)=0,"",VLOOKUP($B46,'1. 현장별 인원현황'!$C:$J,4,0)) -> 48세 | F46: =IF(VLOOKUP($B46,'1. 현장별 인원현황'!$C:$J,7,0)=0,"",VLOOKUP($B46,'1. 현장별 인원현황'!$C:$J,7,0)) -> 기능공 | G46: =IF(VLOOKUP($B46,'1. 현장별 인원현황'!$C:$J,8,0)=0,"",VLOOKUP($B46,'1. 현장별 인원현황'!$C:$J,8,0)) -> 전공 | H46: O | L46: O | P46: O | T46: O | X46: O | AB46: O | AF46: O | AJ46: O | AN46: O | AR46: =SUMPRODUCT($H$5:$AQ$5,AV46:CE46) -> 100 | AS46: =IF(AR46>85,"S",IF(AR46>70,"A",IF(AR46>50,"B",IF(AR46>0,"C","")))) -> S | AV46: =IF(H46>0,1,0) -> 1 | AW46: =IF(I46>0,1,0) -> 0 | AX46: =IF(J46>0,1,0) -> 0 | AY46: =IF(K46>0,1,0) -> 0 | AZ46: =IF(L46>0,1,0) -> 1 | BA46: =IF(M46>0,1,0) -> 0 | BB46: =IF(N46>0,1,0) -> 0 | BC46: =IF(O46>0,1,0) -> 0 | ... CE46: =IF(AQ46>0,1,0) -> 0
A47: =MID(C47,3,1)&"팀" -> 1팀 | B47: =ROW()-6 -> 41 | C47: =IF(VLOOKUP($B47,'1. 현장별 인원현황'!$C:$J,2,0)=0,"",VLOOKUP($B47,'1. 현장별 인원현황'!$C:$J,2,0)) -> [1.대우건설] 청라C18BL 오피스텔 신축공사 | D47: =IF(VLOOKUP($B47,'1. 현장별 인원현황'!$C:$J,3,0)=0,"",VLOOKUP($B47,'1. 현장별 인원현황'!$C:$J,3,0)) -> 박옥수 | E47: =IF(VLOOKUP($B47,'1. 현장별 인원현황'!$C:$J,4,0)=0,"",VLOOKUP($B47,'1. 현장별 인원현황'!$C:$J,4,0)) -> 61세 | F47: =IF(VLOOKUP($B47,'1. 현장별 인원현황'!$C:$J,7,0)=0,"",VLOOKUP($B47,'1. 현장별 인원현황'!$C:$J,7,0)) -> 기능공 | G47: =IF(VLOOKUP($B47,'1. 현장별 인원현황'!$C:$J,8,0)=0,"",VLOOKUP($B47,'1. 현장별 인원현황'!$C:$J,8,0)) -> 조공 | I47: O | M47: O | Q47: O | U47: O | X47: O | AB47: O | AF47: O | AJ47: O | AN47: O | AR47: =SUMPRODUCT($H$5:$AQ$5,AV47:CE47) -> 89 | AS47: =IF(AR47>85,"S",IF(AR47>70,"A",IF(AR47>50,"B",IF(AR47>0,"C","")))) -> S | AV47: =IF(H47>0,1,0) -> 0 | AW47: =IF(I47>0,1,0) -> 1 | AX47: =IF(J47>0,1,0) -> 0 | AY47: =IF(K47>0,1,0) -> 0 | AZ47: =IF(L47>0,1,0) -> 0 | BA47: =IF(M47>0,1,0) -> 1 | BB47: =IF(N47>0,1,0) -> 0 | BC47: =IF(O47>0,1,0) -> 0 | ... CE47: =IF(AQ47>0,1,0) -> 0
A48: =MID(C48,3,1)&"팀" -> 1팀 | B48: =ROW()-6 -> 42 | C48: =IF(VLOOKUP($B48,'1. 현장별 인원현황'!$C:$J,2,0)=0,"",VLOOKUP($B48,'1. 현장별 인원현황'!$C:$J,2,0)) -> [1.대우건설] 청라C18BL 오피스텔 신축공사 | D48: =IF(VLOOKUP($B48,'1. 현장별 인원현황'!$C:$J,3,0)=0,"",VLOOKUP($B48,'1. 현장별 인원현황'!$C:$J,3,0)) -> 전봉기 | E48: =IF(VLOOKUP($B48,'1. 현장별 인원현황'!$C:$J,4,0)=0,"",VLOOKUP($B48,'1. 현장별 인원현황'!$C:$J,4,0)) -> 63세 | F48: =IF(VLOOKUP($B48,'1. 현장별 인원현황'!$C:$J,7,0)=0,"",VLOOKUP($B48,'1. 현장별 인원현황'!$C:$J,7,0)) -> 기능공 | G48: =IF(VLOOKUP($B48,'1. 현장별 인원현황'!$C:$J,8,0)=0,"",VLOOKUP($B48,'1. 현장별 인원현황'!$C:$J,8,0)) -> 전공 | H48: O | L48: O | P48: O | T48: O | X48: O | AB48: O | AF48: O | AJ48: O | AN48: O | AR48: =SUMPRODUCT($H$5:$AQ$5,AV48:CE48) -> 100 | AS48: =IF(AR48>85,"S",IF(AR48>70,"A",IF(AR48>50,"B",IF(AR48>0,"C","")))) -> S | AV48: =IF(H48>0,1,0) -> 1 | AW48: =IF(I48>0,1,0) -> 0 | AX48: =IF(J48>0,1,0) -> 0 | AY48: =IF(K48>0,1,0) -> 0 | AZ48: =IF(L48>0,1,0) -> 1 | BA48: =IF(M48>0,1,0) -> 0 | BB48: =IF(N48>0,1,0) -> 0 | BC48: =IF(O48>0,1,0) -> 0 | ... CE48: =IF(AQ48>0,1,0) -> 0
A49: =MID(C49,3,1)&"팀" -> 1팀 | B49: =ROW()-6 -> 43 | C49: =IF(VLOOKUP($B49,'1. 현장별 인원현황'!$C:$J,2,0)=0,"",VLOOKUP($B49,'1. 현장별 인원현황'!$C:$J,2,0)) -> [1.대우건설] 청라C18BL 오피스텔 신축공사 | D49: =IF(VLOOKUP($B49,'1. 현장별 인원현황'!$C:$J,3,0)=0,"",VLOOKUP($B49,'1. 현장별 인원현황'!$C:$J,3,0)) -> 정진형 | E49: =IF(VLOOKUP($B49,'1. 현장별 인원현황'!$C:$J,4,0)=0,"",VLOOKUP($B49,'1. 현장별 인원현황'!$C:$J,4,0)) -> 29세 | F49: =IF(VLOOKUP($B49,'1. 현장별 인원현황'!$C:$J,7,0)=0,"",VLOOKUP($B49,'1. 현장별 인원현황'!$C:$J,7,0)) -> 기능공 | G49: =IF(VLOOKUP($B49,'1. 현장별 인원현황'!$C:$J,8,0)=0,"",VLOOKUP($B49,'1. 현장별 인원현황'!$C:$J,8,0)) -> 조공 | I49: O | M49: O | Q49: O | U49: O | X49: O | AB49: O | AF49: O | AJ49: O | AN49: O | AR49: =SUMPRODUCT($H$5:$AQ$5,AV49:CE49) -> 89 | AS49: =IF(AR49>85,"S",IF(AR49>70,"A",IF(AR49>50,"B",IF(AR49>0,"C","")))) -> S | AV49: =IF(H49>0,1,0) -> 0 | AW49: =IF(I49>0,1,0) -> 1 | AX49: =IF(J49>0,1,0) -> 0 | AY49: =IF(K49>0,1,0) -> 0 | AZ49: =IF(L49>0,1,0) -> 0 | BA49: =IF(M49>0,1,0) -> 1 | BB49: =IF(N49>0,1,0) -> 0 | BC49: =IF(O49>0,1,0) -> 0 | ... CE49: =IF(AQ49>0,1,0) -> 0
A50: =MID(C50,3,1)&"팀" -> 1팀 | B50: =ROW()-6 -> 44 | C50: =IF(VLOOKUP($B50,'1. 현장별 인원현황'!$C:$J,2,0)=0,"",VLOOKUP($B50,'1. 현장별 인원현황'!$C:$J,2,0)) -> [1.대우건설] 청라C18BL 오피스텔 신축공사 | D50: =IF(VLOOKUP($B50,'1. 현장별 인원현황'!$C:$J,3,0)=0,"",VLOOKUP($B50,'1. 현장별 인원현황'!$C:$J,3,0)) -> 조영종 | E50: =IF(VLOOKUP($B50,'1. 현장별 인원현황'!$C:$J,4,0)=0,"",VLOOKUP($B50,'1. 현장별 인원현황'!$C:$J,4,0)) -> 51세 | F50: =IF(VLOOKUP($B50,'1. 현장별 인원현황'!$C:$J,7,0)=0,"",VLOOKUP($B50,'1. 현장별 인원현황'!$C:$J,7,0)) -> 기능공 | G50: =IF(VLOOKUP($B50,'1. 현장별 인원현황'!$C:$J,8,0)=0,"",VLOOKUP($B50,'1. 현장별 인원현황'!$C:$J,8,0)) -> 전공 | H50: O | L50: O | P50: O | T50: O | X50: O | AB50: O | AF50: O | AJ50: O | AN50: O | AR50: =SUMPRODUCT($H$5:$AQ$5,AV50:CE50) -> 100 | AS50: =IF(AR50>85,"S",IF(AR50>70,"A",IF(AR50>50,"B",IF(AR50>0,"C","")))) -> S | AV50: =IF(H50>0,1,0) -> 1 | AW50: =IF(I50>0,1,0) -> 0 | AX50: =IF(J50>0,1,0) -> 0 | AY50: =IF(K50>0,1,0) -> 0 | AZ50: =IF(L50>0,1,0) -> 1 | BA50: =IF(M50>0,1,0) -> 0 | BB50: =IF(N50>0,1,0) -> 0 | BC50: =IF(O50>0,1,0) -> 0 | ... CE50: =IF(AQ50>0,1,0) -> 0
A51: =MID(C51,3,1)&"팀" -> 1팀 | B51: =ROW()-6 -> 45 | C51: =IF(VLOOKUP($B51,'1. 현장별 인원현황'!$C:$J,2,0)=0,"",VLOOKUP($B51,'1. 현장별 인원현황'!$C:$J,2,0)) -> [1.대우건설] 청주 테크노폴리스 S1-1,2BL 주상복합 신축공사 | D51: =IF(VLOOKUP($B51,'1. 현장별 인원현황'!$C:$J,3,0)=0,"",VLOOKUP($B51,'1. 현장별 인원현황'!$C:$J,3,0)) -> 이경애 | E51: =IF(VLOOKUP($B51,'1. 현장별 인원현황'!$C:$J,4,0)=0,"",VLOOKUP($B51,'1. 현장별 인원현황'!$C:$J,4,0)) -> 51세 | F51: =IF(VLOOKUP($B51,'1. 현장별 인원현황'!$C:$J,7,0)=0,"",VLOOKUP($B51,'1. 현장별 인원현황'!$C:$J,7,0)) -> 공무 | G51: =IF(VLOOKUP($B51,'1. 현장별 인원현황'!$C:$J,8,0)=0,"",VLOOKUP($B51,'1. 현장별 인원현황'!$C:$J,8,0)) -> 과장 | I51: O | L51: O | P51: O | T51: O | X51: O | AB51: O | AF51: O | AJ51: O | AN51: O | AR51: =SUMPRODUCT($H$5:$AQ$5,AV51:CE51) -> 97 | AS51: =IF(AR51>85,"S",IF(AR51>70,"A",IF(AR51>50,"B",IF(AR51>0,"C","")))) -> S | AV51: =IF(H51>0,1,0) -> 0 | AW51: =IF(I51>0,1,0) -> 1 | AX51: =IF(J51>0,1,0) -> 0 | AY51: =IF(K51>0,1,0) -> 0 | AZ51: =IF(L51>0,1,0) -> 1 | BA51: =IF(M51>0,1,0) -> 0 | BB51: =IF(N51>0,1,0) -> 0 | BC51: =IF(O51>0,1,0) -> 0 | ... CE51: =IF(AQ51>0,1,0) -> 0
A52: =MID(C52,3,1)&"팀" -> 1팀 | B52: =ROW()-6 -> 46 | C52: =IF(VLOOKUP($B52,'1. 현장별 인원현황'!$C:$J,2,0)=0,"",VLOOKUP($B52,'1. 현장별 인원현황'!$C:$J,2,0)) -> [1.대우건설] 청주 테크노폴리스 S1-1,2BL 주상복합 신축공사 | D52: =IF(VLOOKUP($B52,'1. 현장별 인원현황'!$C:$J,3,0)=0,"",VLOOKUP($B52,'1. 현장별 인원현황'!$C:$J,3,0)) -> 김차영 | E52: =IF(VLOOKUP($B52,'1. 현장별 인원현황'!$C:$J,4,0)=0,"",VLOOKUP($B52,'1. 현장별 인원현황'!$C:$J,4,0)) -> 56세 | F52: =IF(VLOOKUP($B52,'1. 현장별 인원현황'!$C:$J,7,0)=0,"",VLOOKUP($B52,'1. 현장별 인원현황'!$C:$J,7,0)) -> 공사 | G52: =IF(VLOOKUP($B52,'1. 현장별 인원현황'!$C:$J,8,0)=0,"",VLOOKUP($B52,'1. 현장별 인원현황'!$C:$J,8,0)) -> 차장 | H52: O | L52: O | P52: O | T52: O | X52: O | AB52: O | AG52: O | AJ52: O | AN52: O | AR52: =SUMPRODUCT($H$5:$AQ$5,AV52:CE52) -> 98 | AS52: =IF(AR52>85,"S",IF(AR52>70,"A",IF(AR52>50,"B",IF(AR52>0,"C","")))) -> S | AV52: =IF(H52>0,1,0) -> 1 | AW52: =IF(I52>0,1,0) -> 0 | AX52: =IF(J52>0,1,0) -> 0 | AY52: =IF(K52>0,1,0) -> 0 | AZ52: =IF(L52>0,1,0) -> 1 | BA52: =IF(M52>0,1,0) -> 0 | BB52: =IF(N52>0,1,0) -> 0 | BC52: =IF(O52>0,1,0) -> 0 | ... CE52: =IF(AQ52>0,1,0) -> 0
A53: =MID(C53,3,1)&"팀" -> 1팀 | B53: =ROW()-6 -> 47 | C53: =IF(VLOOKUP($B53,'1. 현장별 인원현황'!$C:$J,2,0)=0,"",VLOOKUP($B53,'1. 현장별 인원현황'!$C:$J,2,0)) -> [1.대우건설] 청주 테크노폴리스 S1-1,2BL 주상복합 신축공사 | D53: =IF(VLOOKUP($B53,'1. 현장별 인원현황'!$C:$J,3,0)=0,"",VLOOKUP($B53,'1. 현장별 인원현황'!$C:$J,3,0)) -> 이정국 | E53: =IF(VLOOKUP($B53,'1. 현장별 인원현황'!$C:$J,4,0)=0,"",VLOOKUP($B53,'1. 현장별 인원현황'!$C:$J,4,0)) -> 51세 | F53: =IF(VLOOKUP($B53,'1. 현장별 인원현황'!$C:$J,7,0)=0,"",VLOOKUP($B53,'1. 현장별 인원현황'!$C:$J,7,0)) -> 기능공 | G53: =IF(VLOOKUP($B53,'1. 현장별 인원현황'!$C:$J,8,0)=0,"",VLOOKUP($B53,'1. 현장별 인원현황'!$C:$J,8,0)) -> 전공 | H53: O | M53: O | P53: O | U53: O | X53: O | AC53: O | AG53: O | AK53: O | AQ53: O | AR53: =SUMPRODUCT($H$5:$AQ$5,AV53:CE53) -> 79 | AS53: =IF(AR53>85,"S",IF(AR53>70,"A",IF(AR53>50,"B",IF(AR53>0,"C","")))) -> A | AV53: =IF(H53>0,1,0) -> 1 | AW53: =IF(I53>0,1,0) -> 0 | AX53: =IF(J53>0,1,0) -> 0 | AY53: =IF(K53>0,1,0) -> 0 | AZ53: =IF(L53>0,1,0) -> 0 | BA53: =IF(M53>0,1,0) -> 1 | BB53: =IF(N53>0,1,0) -> 0 | BC53: =IF(O53>0,1,0) -> 0 | ... CE53: =IF(AQ53>0,1,0) -> 1
A54: =MID(C54,3,1)&"팀" -> 1팀 | B54: =ROW()-6 -> 48 | C54: =IF(VLOOKUP($B54,'1. 현장별 인원현황'!$C:$J,2,0)=0,"",VLOOKUP($B54,'1. 현장별 인원현황'!$C:$J,2,0)) -> [1.대우건설] 청주 테크노폴리스 S1-1,2BL 주상복합 신축공사 | D54: =IF(VLOOKUP($B54,'1. 현장별 인원현황'!$C:$J,3,0)=0,"",VLOOKUP($B54,'1. 현장별 인원현황'!$C:$J,3,0)) -> 김태훈 | E54: =IF(VLOOKUP($B54,'1. 현장별 인원현황'!$C:$J,4,0)=0,"",VLOOKUP($B54,'1. 현장별 인원현황'!$C:$J,4,0)) -> 38세 | F54: =IF(VLOOKUP($B54,'1. 현장별 인원현황'!$C:$J,7,0)=0,"",VLOOKUP($B54,'1. 현장별 인원현황'!$C:$J,7,0)) -> 기능공 | G54: =IF(VLOOKUP($B54,'1. 현장별 인원현황'!$C:$J,8,0)=0,"",VLOOKUP($B54,'1. 현장별 인원현황'!$C:$J,8,0)) -> 조공 | J54: O | N54: O | R54: O | V54: O | Y54: O | AC54: O | AH54: O | AJ54: O | AN54: O | AR54: =SUMPRODUCT($H$5:$AQ$5,AV54:CE54) -> 70 | AS54: =IF(AR54>85,"S",IF(AR54>70,"A",IF(AR54>50,"B",IF(AR54>0,"C","")))) -> B | AV54: =IF(H54>0,1,0) -> 0 | AW54: =IF(I54>0,1,0) -> 0 | AX54: =IF(J54>0,1,0) -> 1 | AY54: =IF(K54>0,1,0) -> 0 | AZ54: =IF(L54>0,1,0) -> 0 | BA54: =IF(M54>0,1,0) -> 0 | BB54: =IF(N54>0,1,0) -> 1 | BC54: =IF(O54>0,1,0) -> 0 | ... CE54: =IF(AQ54>0,1,0) -> 0
A55: =MID(C55,3,1)&"팀" -> 1팀 | B55: =ROW()-6 -> 49 | C55: =IF(VLOOKUP($B55,'1. 현장별 인원현황'!$C:$J,2,0)=0,"",VLOOKUP($B55,'1. 현장별 인원현황'!$C:$J,2,0)) -> [1.대우건설] 청주 테크노폴리스 S1-1,2BL 주상복합 신축공사 | D55: =IF(VLOOKUP($B55,'1. 현장별 인원현황'!$C:$J,3,0)=0,"",VLOOKUP($B55,'1. 현장별 인원현황'!$C:$J,3,0)) -> 김용세 | E55: =IF(VLOOKUP($B55,'1. 현장별 인원현황'!$C:$J,4,0)=0,"",VLOOKUP($B55,'1. 현장별 인원현황'!$C:$J,4,0)) -> 50세 | F55: =IF(VLOOKUP($B55,'1. 현장별 인원현황'!$C:$J,7,0)=0,"",VLOOKUP($B55,'1. 현장별 인원현황'!$C:$J,7,0)) -> 기능공 | G55: =IF(VLOOKUP($B55,'1. 현장별 인원현황'!$C:$J,8,0)=0,"",VLOOKUP($B55,'1. 현장별 인원현황'!$C:$J,8,0)) -> 전공 | H55: O | L55: O | P55: O | U55: O | X55: O | AB55: O | AG55: O | AJ55: O | AN55: O | AR55: =SUMPRODUCT($H$5:$AQ$5,AV55:CE55) -> 96 | AS55: =IF(AR55>85,"S",IF(AR55>70,"A",IF(AR55>50,"B",IF(AR55>0,"C","")))) -> S | AV55: =IF(H55>0,1,0) -> 1 | AW55: =IF(I55>0,1,0) -> 0 | AX55: =IF(J55>0,1,0) -> 0 | AY55: =IF(K55>0,1,0) -> 0 | AZ55: =IF(L55>0,1,0) -> 1 | BA55: =IF(M55>0,1,0) -> 0 | BB55: =IF(N55>0,1,0) -> 0 | BC55: =IF(O55>0,1,0) -> 0 | ... CE55: =IF(AQ55>0,1,0) -> 0
A56: =MID(C56,3,1)&"팀" -> 1팀 | B56: =ROW()-6 -> 50 | C56: =IF(VLOOKUP($B56,'1. 현장별 인원현황'!$C:$J,2,0)=0,"",VLOOKUP($B56,'1. 현장별 인원현황'!$C:$J,2,0)) -> [1.대우건설] 청주 테크노폴리스 S1-1,2BL 주상복합 신축공사 | D56: =IF(VLOOKUP($B56,'1. 현장별 인원현황'!$C:$J,3,0)=0,"",VLOOKUP($B56,'1. 현장별 인원현황'!$C:$J,3,0)) -> 이상범 | E56: =IF(VLOOKUP($B56,'1. 현장별 인원현황'!$C:$J,4,0)=0,"",VLOOKUP($B56,'1. 현장별 인원현황'!$C:$J,4,0)) -> 51세 | F56: =IF(VLOOKUP($B56,'1. 현장별 인원현황'!$C:$J,7,0)=0,"",VLOOKUP($B56,'1. 현장별 인원현황'!$C:$J,7,0)) -> 기능공 | G56: =IF(VLOOKUP($B56,'1. 현장별 인원현황'!$C:$J,8,0)=0,"",VLOOKUP($B56,'1. 현장별 인원현황'!$C:$J,8,0)) -> 전공 | I56: O | M56: O | Q56: O | U56: O | X56: O | AB56: O | AF56: O | AJ56: O | AP56: O | AR56: =SUMPRODUCT($H$5:$AQ$5,AV56:CE56) -> 83 | AS56: =IF(AR56>85,"S",IF(AR56>70,"A",IF(AR56>50,"B",IF(AR56>0,"C","")))) -> A | AV56: =IF(H56>0,1,0) -> 0 | AW56: =IF(I56>0,1,0) -> 1 | AX56: =IF(J56>0,1,0) -> 0 | AY56: =IF(K56>0,1,0) -> 0 | AZ56: =IF(L56>0,1,0) -> 0 | BA56: =IF(M56>0,1,0) -> 1 | BB56: =IF(N56>0,1,0) -> 0 | BC56: =IF(O56>0,1,0) -> 0 | ... CE56: =IF(AQ56>0,1,0) -> 0
A57: =MID(C57,3,1)&"팀" -> 1팀 | B57: =ROW()-6 -> 51 | C57: =IF(VLOOKUP($B57,'1. 현장별 인원현황'!$C:$J,2,0)=0,"",VLOOKUP($B57,'1. 현장별 인원현황'!$C:$J,2,0)) -> [1.대우건설] 청주 테크노폴리스 S1-1,2BL 주상복합 신축공사 | D57: =IF(VLOOKUP($B57,'1. 현장별 인원현황'!$C:$J,3,0)=0,"",VLOOKUP($B57,'1. 현장별 인원현황'!$C:$J,3,0)) -> 이용호 | E57: =IF(VLOOKUP($B57,'1. 현장별 인원현황'!$C:$J,4,0)=0,"",VLOOKUP($B57,'1. 현장별 인원현황'!$C:$J,4,0)) -> 61세 | F57: =IF(VLOOKUP($B57,'1. 현장별 인원현황'!$C:$J,7,0)=0,"",VLOOKUP($B57,'1. 현장별 인원현황'!$C:$J,7,0)) -> 기능공 | G57: =IF(VLOOKUP($B57,'1. 현장별 인원현황'!$C:$J,8,0)=0,"",VLOOKUP($B57,'1. 현장별 인원현황'!$C:$J,8,0)) -> 전공 | H57: O | L57: O | P57: O | U57: O | Y57: O | AB57: O | AF57: O | AJ57: O | AN57: O | AR57: =SUMPRODUCT($H$5:$AQ$5,AV57:CE57) -> 96 | AS57: =IF(AR57>85,"S",IF(AR57>70,"A",IF(AR57>50,"B",IF(AR57>0,"C","")))) -> S | AV57: =IF(H57>0,1,0) -> 1 | AW57: =IF(I57>0,1,0) -> 0 | AX57: =IF(J57>0,1,0) -> 0 | AY57: =IF(K57>0,1,0) -> 0 | AZ57: =IF(L57>0,1,0) -> 1 | BA57: =IF(M57>0,1,0) -> 0 | BB57: =IF(N57>0,1,0) -> 0 | BC57: =IF(O57>0,1,0) -> 0 | ... CE57: =IF(AQ57>0,1,0) -> 0
A58: =MID(C58,3,1)&"팀" -> 1팀 | B58: =ROW()-6 -> 52 | C58: =IF(VLOOKUP($B58,'1. 현장별 인원현황'!$C:$J,2,0)=0,"",VLOOKUP($B58,'1. 현장별 인원현황'!$C:$J,2,0)) -> [1.대우건설] 청주 테크노폴리스 S1-1,2BL 주상복합 신축공사 | D58: =IF(VLOOKUP($B58,'1. 현장별 인원현황'!$C:$J,3,0)=0,"",VLOOKUP($B58,'1. 현장별 인원현황'!$C:$J,3,0)) -> 하재근 | E58: =IF(VLOOKUP($B58,'1. 현장별 인원현황'!$C:$J,4,0)=0,"",VLOOKUP($B58,'1. 현장별 인원현황'!$C:$J,4,0)) -> 54세 | F58: =IF(VLOOKUP($B58,'1. 현장별 인원현황'!$C:$J,7,0)=0,"",VLOOKUP($B58,'1. 현장별 인원현황'!$C:$J,7,0)) -> 기능공 | G58: =IF(VLOOKUP($B58,'1. 현장별 인원현황'!$C:$J,8,0)=0,"",VLOOKUP($B58,'1. 현장별 인원현황'!$C:$J,8,0)) -> 전공 | H58: O | M58: O | Q58: O | U58: O | X58: O | AC58: O | AG58: O | AJ58: O | AN58: O | AR58: =SUMPRODUCT($H$5:$AQ$5,AV58:CE58) -> 88 | AS58: =IF(AR58>85,"S",IF(AR58>70,"A",IF(AR58>50,"B",IF(AR58>0,"C","")))) -> S | AV58: =IF(H58>0,1,0) -> 1 | AW58: =IF(I58>0,1,0) -> 0 | AX58: =IF(J58>0,1,0) -> 0 | AY58: =IF(K58>0,1,0) -> 0 | AZ58: =IF(L58>0,1,0) -> 0 | BA58: =IF(M58>0,1,0) -> 1 | BB58: =IF(N58>0,1,0) -> 0 | BC58: =IF(O58>0,1,0) -> 0 | ... CE58: =IF(AQ58>0,1,0) -> 0
A59: =MID(C59,3,1)&"팀" -> 1팀 | B59: =ROW()-6 -> 53 | C59: =IF(VLOOKUP($B59,'1. 현장별 인원현황'!$C:$J,2,0)=0,"",VLOOKUP($B59,'1. 현장별 인원현황'!$C:$J,2,0)) -> [1.대우건설] 청주 테크노폴리스 S1-1,2BL 주상복합 신축공사 | D59: =IF(VLOOKUP($B59,'1. 현장별 인원현황'!$C:$J,3,0)=0,"",VLOOKUP($B59,'1. 현장별 인원현황'!$C:$J,3,0)) -> 이영환 | E59: =IF(VLOOKUP($B59,'1. 현장별 인원현황'!$C:$J,4,0)=0,"",VLOOKUP($B59,'1. 현장별 인원현황'!$C:$J,4,0)) -> 47세 | F59: =IF(VLOOKUP($B59,'1. 현장별 인원현황'!$C:$J,7,0)=0,"",VLOOKUP($B59,'1. 현장별 인원현황'!$C:$J,7,0)) -> 기능공 | G59: =IF(VLOOKUP($B59,'1. 현장별 인원현황'!$C:$J,8,0)=0,"",VLOOKUP($B59,'1. 현장별 인원현황'!$C:$J,8,0)) -> 전공 | H59: O | M59: O | Q59: O | T59: O | Y59: O | AC59: O | AG59: O | AK59: O | AP59: O | AR59: =SUMPRODUCT($H$5:$AQ$5,AV59:CE59) -> 79 | AS59: =IF(AR59>85,"S",IF(AR59>70,"A",IF(AR59>50,"B",IF(AR59>0,"C","")))) -> A | AV59: =IF(H59>0,1,0) -> 1 | AW59: =IF(I59>0,1,0) -> 0 | AX59: =IF(J59>0,1,0) -> 0 | AY59: =IF(K59>0,1,0) -> 0 | AZ59: =IF(L59>0,1,0) -> 0 | BA59: =IF(M59>0,1,0) -> 1 | BB59: =IF(N59>0,1,0) -> 0 | BC59: =IF(O59>0,1,0) -> 0 | ... CE59: =IF(AQ59>0,1,0) -> 0
A60: =MID(C60,3,1)&"팀" -> 1팀 | B60: =ROW()-6 -> 54 | C60: =IF(VLOOKUP($B60,'1. 현장별 인원현황'!$C:$J,2,0)=0,"",VLOOKUP($B60,'1. 현장별 인원현황'!$C:$J,2,0)) -> [1.대우건설] 청주 테크노폴리스 S1-1,2BL 주상복합 신축공사 | D60: =IF(VLOOKUP($B60,'1. 현장별 인원현황'!$C:$J,3,0)=0,"",VLOOKUP($B60,'1. 현장별 인원현황'!$C:$J,3,0)) -> 김기수 | E60: =IF(VLOOKUP($B60,'1. 현장별 인원현황'!$C:$J,4,0)=0,"",VLOOKUP($B60,'1. 현장별 인원현황'!$C:$J,4,0)) -> 47세 | F60: =IF(VLOOKUP($B60,'1. 현장별 인원현황'!$C:$J,7,0)=0,"",VLOOKUP($B60,'1. 현장별 인원현황'!$C:$J,7,0)) -> 기능공 | G60: =IF(VLOOKUP($B60,'1. 현장별 인원현황'!$C:$J,8,0)=0,"",VLOOKUP($B60,'1. 현장별 인원현황'!$C:$J,8,0)) -> 전공 | H60: O | M60: O | P60: O | T60: O | Y60: O | AB60: O | AG60: O | AK60: O | AP60: O | AR60: =SUMPRODUCT($H$5:$AQ$5,AV60:CE60) -> 84 | AS60: =IF(AR60>85,"S",IF(AR60>70,"A",IF(AR60>50,"B",IF(AR60>0,"C","")))) -> A | AV60: =IF(H60>0,1,0) -> 1 | AW60: =IF(I60>0,1,0) -> 0 | AX60: =IF(J60>0,1,0) -> 0 | AY60: =IF(K60>0,1,0) -> 0 | AZ60: =IF(L60>0,1,0) -> 0 | BA60: =IF(M60>0,1,0) -> 1 | BB60: =IF(N60>0,1,0) -> 0 | BC60: =IF(O60>0,1,0) -> 0 | ... CE60: =IF(AQ60>0,1,0) -> 0
A61: =MID(C61,3,1)&"팀" -> 1팀 | B61: =ROW()-6 -> 55 | C61: =IF(VLOOKUP($B61,'1. 현장별 인원현황'!$C:$J,2,0)=0,"",VLOOKUP($B61,'1. 현장별 인원현황'!$C:$J,2,0)) -> [1.대우건설] 청주 테크노폴리스 S1-1,2BL 주상복합 신축공사 | D61: =IF(VLOOKUP($B61,'1. 현장별 인원현황'!$C:$J,3,0)=0,"",VLOOKUP($B61,'1. 현장별 인원현황'!$C:$J,3,0)) -> 박진연 | E61: =IF(VLOOKUP($B61,'1. 현장별 인원현황'!$C:$J,4,0)=0,"",VLOOKUP($B61,'1. 현장별 인원현황'!$C:$J,4,0)) -> 50세 | F61: =IF(VLOOKUP($B61,'1. 현장별 인원현황'!$C:$J,7,0)=0,"",VLOOKUP($B61,'1. 현장별 인원현황'!$C:$J,7,0)) -> 기능공 | G61: =IF(VLOOKUP($B61,'1. 현장별 인원현황'!$C:$J,8,0)=0,"",VLOOKUP($B61,'1. 현장별 인원현황'!$C:$J,8,0)) -> 조공 | J61: O | N61: O | R61: O | V61: O | X61: O | AB61: O | AG61: O | AK61: O | AP61: O | AR61: =SUMPRODUCT($H$5:$AQ$5,AV61:CE61) -> 67 | AS61: =IF(AR61>85,"S",IF(AR61>70,"A",IF(AR61>50,"B",IF(AR61>0,"C","")))) -> B | AV61: =IF(H61>0,1,0) -> 0 | AW61: =IF(I61>0,1,0) -> 0 | AX61: =IF(J61>0,1,0) -> 1 | AY61: =IF(K61>0,1,0) -> 0 | AZ61: =IF(L61>0,1,0) -> 0 | BA61: =IF(M61>0,1,0) -> 0 | BB61: =IF(N61>0,1,0) -> 1 | BC61: =IF(O61>0,1,0) -> 0 | ... CE61: =IF(AQ61>0,1,0) -> 0
A62: =MID(C62,3,1)&"팀" -> 1팀 | B62: =ROW()-6 -> 56 | C62: =IF(VLOOKUP($B62,'1. 현장별 인원현황'!$C:$J,2,0)=0,"",VLOOKUP($B62,'1. 현장별 인원현황'!$C:$J,2,0)) -> [1.대우건설] 청주 테크노폴리스 S1-1,2BL 주상복합 신축공사 | D62: =IF(VLOOKUP($B62,'1. 현장별 인원현황'!$C:$J,3,0)=0,"",VLOOKUP($B62,'1. 현장별 인원현황'!$C:$J,3,0)) -> 배경훈 | E62: =IF(VLOOKUP($B62,'1. 현장별 인원현황'!$C:$J,4,0)=0,"",VLOOKUP($B62,'1. 현장별 인원현황'!$C:$J,4,0)) -> 48세 | F62: =IF(VLOOKUP($B62,'1. 현장별 인원현황'!$C:$J,7,0)=0,"",VLOOKUP($B62,'1. 현장별 인원현황'!$C:$J,7,0)) -> 기능공 | G62: =IF(VLOOKUP($B62,'1. 현장별 인원현황'!$C:$J,8,0)=0,"",VLOOKUP($B62,'1. 현장별 인원현황'!$C:$J,8,0)) -> 조공 | I62: O | N62: O | R62: O | V62: O | Y62: O | AC62: O | AG62: O | AK62: O | AN62: O | AR62: =SUMPRODUCT($H$5:$AQ$5,AV62:CE62) -> 72 | AS62: =IF(AR62>85,"S",IF(AR62>70,"A",IF(AR62>50,"B",IF(AR62>0,"C","")))) -> A | AV62: =IF(H62>0,1,0) -> 0 | AW62: =IF(I62>0,1,0) -> 1 | AX62: =IF(J62>0,1,0) -> 0 | AY62: =IF(K62>0,1,0) -> 0 | AZ62: =IF(L62>0,1,0) -> 0 | BA62: =IF(M62>0,1,0) -> 0 | BB62: =IF(N62>0,1,0) -> 1 | BC62: =IF(O62>0,1,0) -> 0 | ... CE62: =IF(AQ62>0,1,0) -> 0
A63: =MID(C63,3,1)&"팀" -> 1팀 | B63: =ROW()-6 -> 57 | C63: =IF(VLOOKUP($B63,'1. 현장별 인원현황'!$C:$J,2,0)=0,"",VLOOKUP($B63,'1. 현장별 인원현황'!$C:$J,2,0)) -> [1.대우건설] 청주 테크노폴리스 S1-1,2BL 주상복합 신축공사 | D63: =IF(VLOOKUP($B63,'1. 현장별 인원현황'!$C:$J,3,0)=0,"",VLOOKUP($B63,'1. 현장별 인원현황'!$C:$J,3,0)) -> 김원 | E63: =IF(VLOOKUP($B63,'1. 현장별 인원현황'!$C:$J,4,0)=0,"",VLOOKUP($B63,'1. 현장별 인원현황'!$C:$J,4,0)) -> 43세 | F63: =IF(VLOOKUP($B63,'1. 현장별 인원현황'!$C:$J,7,0)=0,"",VLOOKUP($B63,'1. 현장별 인원현황'!$C:$J,7,0)) -> 기능공 | G63: =IF(VLOOKUP($B63,'1. 현장별 인원현황'!$C:$J,8,0)=0,"",VLOOKUP($B63,'1. 현장별 인원현황'!$C:$J,8,0)) -> 전공 | I63: O | M63: O | Q63: O | U63: O | Y63: O | AC63: O | AG63: O | AK63: O | AO63: O | AR63: =SUMPRODUCT($H$5:$AQ$5,AV63:CE63) -> 77 | AS63: =IF(AR63>85,"S",IF(AR63>70,"A",IF(AR63>50,"B",IF(AR63>0,"C","")))) -> A | AV63: =IF(H63>0,1,0) -> 0 | AW63: =IF(I63>0,1,0) -> 1 | AX63: =IF(J63>0,1,0) -> 0 | AY63: =IF(K63>0,1,0) -> 0 | AZ63: =IF(L63>0,1,0) -> 0 | BA63: =IF(M63>0,1,0) -> 1 | BB63: =IF(N63>0,1,0) -> 0 | BC63: =IF(O63>0,1,0) -> 0 | ... CE63: =IF(AQ63>0,1,0) -> 0
A64: =MID(C64,3,1)&"팀" -> 1팀 | B64: =ROW()-6 -> 58 | C64: =IF(VLOOKUP($B64,'1. 현장별 인원현황'!$C:$J,2,0)=0,"",VLOOKUP($B64,'1. 현장별 인원현황'!$C:$J,2,0)) -> [1.대우건설] 청주 테크노폴리스 S1-1,2BL 주상복합 신축공사 | D64: =IF(VLOOKUP($B64,'1. 현장별 인원현황'!$C:$J,3,0)=0,"",VLOOKUP($B64,'1. 현장별 인원현황'!$C:$J,3,0)) -> 고상용 | E64: =IF(VLOOKUP($B64,'1. 현장별 인원현황'!$C:$J,4,0)=0,"",VLOOKUP($B64,'1. 현장별 인원현황'!$C:$J,4,0)) -> 53세 | F64: =IF(VLOOKUP($B64,'1. 현장별 인원현황'!$C:$J,7,0)=0,"",VLOOKUP($B64,'1. 현장별 인원현황'!$C:$J,7,0)) -> 기능공 | G64: =IF(VLOOKUP($B64,'1. 현장별 인원현황'!$C:$J,8,0)=0,"",VLOOKUP($B64,'1. 현장별 인원현황'!$C:$J,8,0)) -> 전공 | I64: O | M64: O | Q64: O | U64: O | Y64: O | AC64: O | AG64: O | AK64: O | AP64: O | AR64: =SUMPRODUCT($H$5:$AQ$5,AV64:CE64) -> 74 | AS64: =IF(AR64>85,"S",IF(AR64>70,"A",IF(AR64>50,"B",IF(AR64>0,"C","")))) -> A | AV64: =IF(H64>0,1,0) -> 0 | AW64: =IF(I64>0,1,0) -> 1 | AX64: =IF(J64>0,1,0) -> 0 | AY64: =IF(K64>0,1,0) -> 0 | AZ64: =IF(L64>0,1,0) -> 0 | BA64: =IF(M64>0,1,0) -> 1 | BB64: =IF(N64>0,1,0) -> 0 | BC64: =IF(O64>0,1,0) -> 0 | ... CE64: =IF(AQ64>0,1,0) -> 0
A65: =MID(C65,3,1)&"팀" -> 1팀 | B65: =ROW()-6 -> 59 | C65: =IF(VLOOKUP($B65,'1. 현장별 인원현황'!$C:$J,2,0)=0,"",VLOOKUP($B65,'1. 현장별 인원현황'!$C:$J,2,0)) -> [1.대우건설] 청주 테크노폴리스 S1-1,2BL 주상복합 신축공사 | D65: =IF(VLOOKUP($B65,'1. 현장별 인원현황'!$C:$J,3,0)=0,"",VLOOKUP($B65,'1. 현장별 인원현황'!$C:$J,3,0)) -> 하태홍 | E65: =IF(VLOOKUP($B65,'1. 현장별 인원현황'!$C:$J,4,0)=0,"",VLOOKUP($B65,'1. 현장별 인원현황'!$C:$J,4,0)) -> 58세 | F65: =IF(VLOOKUP($B65,'1. 현장별 인원현황'!$C:$J,7,0)=0,"",VLOOKUP($B65,'1. 현장별 인원현황'!$C:$J,7,0)) -> 기능공 | G65: =IF(VLOOKUP($B65,'1. 현장별 인원현황'!$C:$J,8,0)=0,"",VLOOKUP($B65,'1. 현장별 인원현황'!$C:$J,8,0)) -> 전공 | H65: O | M65: O | Q65: O | U65: O | X65: O | AB65: O | AG65: O | AJ65: O | AN65: O | AR65: =SUMPRODUCT($H$5:$AQ$5,AV65:CE65) -> 90 | AS65: =IF(AR65>85,"S",IF(AR65>70,"A",IF(AR65>50,"B",IF(AR65>0,"C","")))) -> S | AV65: =IF(H65>0,1,0) -> 1 | AW65: =IF(I65>0,1,0) -> 0 | AX65: =IF(J65>0,1,0) -> 0 | AY65: =IF(K65>0,1,0) -> 0 | AZ65: =IF(L65>0,1,0) -> 0 | BA65: =IF(M65>0,1,0) -> 1 | BB65: =IF(N65>0,1,0) -> 0 | BC65: =IF(O65>0,1,0) -> 0 | ... CE65: =IF(AQ65>0,1,0) -> 0
A66: =MID(C66,3,1)&"팀" -> 1팀 | B66: =ROW()-6 -> 60 | C66: =IF(VLOOKUP($B66,'1. 현장별 인원현황'!$C:$J,2,0)=0,"",VLOOKUP($B66,'1. 현장별 인원현황'!$C:$J,2,0)) -> [1.대우건설] 청주 테크노폴리스 S1-1,2BL 주상복합 신축공사 | D66: =IF(VLOOKUP($B66,'1. 현장별 인원현황'!$C:$J,3,0)=0,"",VLOOKUP($B66,'1. 현장별 인원현황'!$C:$J,3,0)) -> 이윤희 | E66: =IF(VLOOKUP($B66,'1. 현장별 인원현황'!$C:$J,4,0)=0,"",VLOOKUP($B66,'1. 현장별 인원현황'!$C:$J,4,0)) -> 54세 | F66: =IF(VLOOKUP($B66,'1. 현장별 인원현황'!$C:$J,7,0)=0,"",VLOOKUP($B66,'1. 현장별 인원현황'!$C:$J,7,0)) -> 기능공 | G66: =IF(VLOOKUP($B66,'1. 현장별 인원현황'!$C:$J,8,0)=0,"",VLOOKUP($B66,'1. 현장별 인원현황'!$C:$J,8,0)) -> 전공 | H66: O | L66: O | P66: O | T66: O | X66: O | AC66: O | AG66: O | AJ66: O | AN66: O | AR66: =SUMPRODUCT($H$5:$AQ$5,AV66:CE66) -> 96 | AS66: =IF(AR66>85,"S",IF(AR66>70,"A",IF(AR66>50,"B",IF(AR66>0,"C","")))) -> S | AV66: =IF(H66>0,1,0) -> 1 | AW66: =IF(I66>0,1,0) -> 0 | AX66: =IF(J66>0,1,0) -> 0 | AY66: =IF(K66>0,1,0) -> 0 | AZ66: =IF(L66>0,1,0) -> 1 | BA66: =IF(M66>0,1,0) -> 0 | BB66: =IF(N66>0,1,0) -> 0 | BC66: =IF(O66>0,1,0) -> 0 | ... CE66: =IF(AQ66>0,1,0) -> 0
A67: =MID(C67,3,1)&"팀" -> 1팀 | B67: =ROW()-6 -> 61 | C67: =IF(VLOOKUP($B67,'1. 현장별 인원현황'!$C:$J,2,0)=0,"",VLOOKUP($B67,'1. 현장별 인원현황'!$C:$J,2,0)) -> [1.대우건설] 청주 테크노폴리스 S1-1,2BL 주상복합 신축공사 | D67: =IF(VLOOKUP($B67,'1. 현장별 인원현황'!$C:$J,3,0)=0,"",VLOOKUP($B67,'1. 현장별 인원현황'!$C:$J,3,0)) -> 주봉진 | E67: =IF(VLOOKUP($B67,'1. 현장별 인원현황'!$C:$J,4,0)=0,"",VLOOKUP($B67,'1. 현장별 인원현황'!$C:$J,4,0)) -> 45세 | F67: =IF(VLOOKUP($B67,'1. 현장별 인원현황'!$C:$J,7,0)=0,"",VLOOKUP($B67,'1. 현장별 인원현황'!$C:$J,7,0)) -> 기능공 | G67: =IF(VLOOKUP($B67,'1. 현장별 인원현황'!$C:$J,8,0)=0,"",VLOOKUP($B67,'1. 현장별 인원현황'!$C:$J,8,0)) -> 전공 | I67: O | M67: O | Q67: O | U67: O | X67: O | AC67: O | AG67: O | AK67: O | AN67: O | AR67: =SUMPRODUCT($H$5:$AQ$5,AV67:CE67) -> 82 | AS67: =IF(AR67>85,"S",IF(AR67>70,"A",IF(AR67>50,"B",IF(AR67>0,"C","")))) -> A | AV67: =IF(H67>0,1,0) -> 0 | AW67: =IF(I67>0,1,0) -> 1 | AX67: =IF(J67>0,1,0) -> 0 | AY67: =IF(K67>0,1,0) -> 0 | AZ67: =IF(L67>0,1,0) -> 0 | BA67: =IF(M67>0,1,0) -> 1 | BB67: =IF(N67>0,1,0) -> 0 | BC67: =IF(O67>0,1,0) -> 0 | ... CE67: =IF(AQ67>0,1,0) -> 0
A68: =MID(C68,3,1)&"팀" -> 1팀 | B68: =ROW()-6 -> 62 | C68: =IF(VLOOKUP($B68,'1. 현장별 인원현황'!$C:$J,2,0)=0,"",VLOOKUP($B68,'1. 현장별 인원현황'!$C:$J,2,0)) -> [1.대우건설] 청주 테크노폴리스 S1-1,2BL 주상복합 신축공사 | D68: =IF(VLOOKUP($B68,'1. 현장별 인원현황'!$C:$J,3,0)=0,"",VLOOKUP($B68,'1. 현장별 인원현황'!$C:$J,3,0)) -> 김진영 | E68: =IF(VLOOKUP($B68,'1. 현장별 인원현황'!$C:$J,4,0)=0,"",VLOOKUP($B68,'1. 현장별 인원현황'!$C:$J,4,0)) -> 56세 | F68: =IF(VLOOKUP($B68,'1. 현장별 인원현황'!$C:$J,7,0)=0,"",VLOOKUP($B68,'1. 현장별 인원현황'!$C:$J,7,0)) -> 안전관리자 | G68: =IF(VLOOKUP($B68,'1. 현장별 인원현황'!$C:$J,8,0)=0,"",VLOOKUP($B68,'1. 현장별 인원현황'!$C:$J,8,0)) -> 과장 | J68: O | M68: O | Q68: O | U68: O | X68: O | AB68: O | AF68: O | AJ68: O | AN68: O | AR68: =SUMPRODUCT($H$5:$AQ$5,AV68:CE68) -> 86 | AS68: =IF(AR68>85,"S",IF(AR68>70,"A",IF(AR68>50,"B",IF(AR68>0,"C","")))) -> S | AV68: =IF(H68>0,1,0) -> 0 | AW68: =IF(I68>0,1,0) -> 0 | AX68: =IF(J68>0,1,0) -> 1 | AY68: =IF(K68>0,1,0) -> 0 | AZ68: =IF(L68>0,1,0) -> 0 | BA68: =IF(M68>0,1,0) -> 1 | BB68: =IF(N68>0,1,0) -> 0 | BC68: =IF(O68>0,1,0) -> 0 | ... CE68: =IF(AQ68>0,1,0) -> 0
A69: =MID(C69,3,1)&"팀" -> 1팀 | B69: =ROW()-6 -> 63 | C69: =IF(VLOOKUP($B69,'1. 현장별 인원현황'!$C:$J,2,0)=0,"",VLOOKUP($B69,'1. 현장별 인원현황'!$C:$J,2,0)) -> [1.대우건설] 파주운정지구 도시지원 4-5,6,7,8,9BL(1단지) 및 4-4BL(2단지) 오피스텔 신축공사 | D69: =IF(VLOOKUP($B69,'1. 현장별 인원현황'!$C:$J,3,0)=0,"",VLOOKUP($B69,'1. 현장별 인원현황'!$C:$J,3,0)) -> 박현준 | E69: =IF(VLOOKUP($B69,'1. 현장별 인원현황'!$C:$J,4,0)=0,"",VLOOKUP($B69,'1. 현장별 인원현황'!$C:$J,4,0)) -> 44세 | F69: =IF(VLOOKUP($B69,'1. 현장별 인원현황'!$C:$J,7,0)=0,"",VLOOKUP($B69,'1. 현장별 인원현황'!$C:$J,7,0)) -> 공무 | G69: =IF(VLOOKUP($B69,'1. 현장별 인원현황'!$C:$J,8,0)=0,"",VLOOKUP($B69,'1. 현장별 인원현황'!$C:$J,8,0)) -> 과장 | H69: O | L69: O | Q69: O | U69: O | Y69: O | AB69: O | AG69: O | AK69: O | AN69: O | AR69: =SUMPRODUCT($H$5:$AQ$5,AV69:CE69) -> 88 | AS69: =IF(AR69>85,"S",IF(AR69>70,"A",IF(AR69>50,"B",IF(AR69>0,"C","")))) -> S | AV69: =IF(H69>0,1,0) -> 1 | AW69: =IF(I69>0,1,0) -> 0 | AX69: =IF(J69>0,1,0) -> 0 | AY69: =IF(K69>0,1,0) -> 0 | AZ69: =IF(L69>0,1,0) -> 1 | BA69: =IF(M69>0,1,0) -> 0 | BB69: =IF(N69>0,1,0) -> 0 | BC69: =IF(O69>0,1,0) -> 0 | ... CE69: =IF(AQ69>0,1,0) -> 0
A70: =MID(C70,3,1)&"팀" -> 1팀 | B70: =ROW()-6 -> 64 | C70: =IF(VLOOKUP($B70,'1. 현장별 인원현황'!$C:$J,2,0)=0,"",VLOOKUP($B70,'1. 현장별 인원현황'!$C:$J,2,0)) -> [1.대우건설] 파주운정지구 도시지원 4-5,6,7,8,9BL(1단지) 및 4-4BL(2단지) 오피스텔 신축공사 | D70: =IF(VLOOKUP($B70,'1. 현장별 인원현황'!$C:$J,3,0)=0,"",VLOOKUP($B70,'1. 현장별 인원현황'!$C:$J,3,0)) -> 주원덕 | E70: =IF(VLOOKUP($B70,'1. 현장별 인원현황'!$C:$J,4,0)=0,"",VLOOKUP($B70,'1. 현장별 인원현황'!$C:$J,4,0)) -> 64세 | F70: =IF(VLOOKUP($B70,'1. 현장별 인원현황'!$C:$J,7,0)=0,"",VLOOKUP($B70,'1. 현장별 인원현황'!$C:$J,7,0)) -> 공사 | G70: =IF(VLOOKUP($B70,'1. 현장별 인원현황'!$C:$J,8,0)=0,"",VLOOKUP($B70,'1. 현장별 인원현황'!$C:$J,8,0)) -> 차장 | H70: O | L70: O | Q70: O | U70: O | X70: O | AB70: O | AF70: O | AJ70: O | AN70: O | AR70: =SUMPRODUCT($H$5:$AQ$5,AV70:CE70) -> 95 | AS70: =IF(AR70>85,"S",IF(AR70>70,"A",IF(AR70>50,"B",IF(AR70>0,"C","")))) -> S | AV70: =IF(H70>0,1,0) -> 1 | AW70: =IF(I70>0,1,0) -> 0 | AX70: =IF(J70>0,1,0) -> 0 | AY70: =IF(K70>0,1,0) -> 0 | AZ70: =IF(L70>0,1,0) -> 1 | BA70: =IF(M70>0,1,0) -> 0 | BB70: =IF(N70>0,1,0) -> 0 | BC70: =IF(O70>0,1,0) -> 0 | ... CE70: =IF(AQ70>0,1,0) -> 0
A71: =MID(C71,3,1)&"팀" -> 1팀 | B71: =ROW()-6 -> 65 | C71: =IF(VLOOKUP($B71,'1. 현장별 인원현황'!$C:$J,2,0)=0,"",VLOOKUP($B71,'1. 현장별 인원현황'!$C:$J,2,0)) -> [1.대우건설] 파주운정지구 도시지원 4-5,6,7,8,9BL(1단지) 및 4-4BL(2단지) 오피스텔 신축공사 | D71: =IF(VLOOKUP($B71,'1. 현장별 인원현황'!$C:$J,3,0)=0,"",VLOOKUP($B71,'1. 현장별 인원현황'!$C:$J,3,0)) -> 김강남 | E71: =IF(VLOOKUP($B71,'1. 현장별 인원현황'!$C:$J,4,0)=0,"",VLOOKUP($B71,'1. 현장별 인원현황'!$C:$J,4,0)) -> 39세 | F71: =IF(VLOOKUP($B71,'1. 현장별 인원현황'!$C:$J,7,0)=0,"",VLOOKUP($B71,'1. 현장별 인원현황'!$C:$J,7,0)) -> 기능공 | G71: =IF(VLOOKUP($B71,'1. 현장별 인원현황'!$C:$J,8,0)=0,"",VLOOKUP($B71,'1. 현장별 인원현황'!$C:$J,8,0)) -> 전공 | I71: O | M71: O | Q71: O | U71: O | X71: O | AB71: O | AG71: O | AJ71: O | AN71: O | AR71: =SUMPRODUCT($H$5:$AQ$5,AV71:CE71) -> 87 | AS71: =IF(AR71>85,"S",IF(AR71>70,"A",IF(AR71>50,"B",IF(AR71>0,"C","")))) -> S | AV71: =IF(H71>0,1,0) -> 0 | AW71: =IF(I71>0,1,0) -> 1 | AX71: =IF(J71>0,1,0) -> 0 | AY71: =IF(K71>0,1,0) -> 0 | AZ71: =IF(L71>0,1,0) -> 0 | BA71: =IF(M71>0,1,0) -> 1 | BB71: =IF(N71>0,1,0) -> 0 | BC71: =IF(O71>0,1,0) -> 0 | ... CE71: =IF(AQ71>0,1,0) -> 0
A72: =MID(C72,3,1)&"팀" -> 1팀 | B72: =ROW()-6 -> 66 | C72: =IF(VLOOKUP($B72,'1. 현장별 인원현황'!$C:$J,2,0)=0,"",VLOOKUP($B72,'1. 현장별 인원현황'!$C:$J,2,0)) -> [1.두산건설] [전기] 강화2지역 주택조합 전기공사 | D72: =IF(VLOOKUP($B72,'1. 현장별 인원현황'!$C:$J,3,0)=0,"",VLOOKUP($B72,'1. 현장별 인원현황'!$C:$J,3,0)) -> 고원석 | E72: =IF(VLOOKUP($B72,'1. 현장별 인원현황'!$C:$J,4,0)=0,"",VLOOKUP($B72,'1. 현장별 인원현황'!$C:$J,4,0)) -> 60세 | F72: =IF(VLOOKUP($B72,'1. 현장별 인원현황'!$C:$J,7,0)=0,"",VLOOKUP($B72,'1. 현장별 인원현황'!$C:$J,7,0)) -> 공사 | G72: =IF(VLOOKUP($B72,'1. 현장별 인원현황'!$C:$J,8,0)=0,"",VLOOKUP($B72,'1. 현장별 인원현황'!$C:$J,8,0)) -> 차장 | H72: O | L72: O | P72: O | T72: O | X72: O | AB72: O | AF72: O | AJ72: O | AN72: O | AR72: =SUMPRODUCT($H$5:$AQ$5,AV72:CE72) -> 100 | AS72: =IF(AR72>85,"S",IF(AR72>70,"A",IF(AR72>50,"B",IF(AR72>0,"C","")))) -> S | AV72: =IF(H72>0,1,0) -> 1 | AW72: =IF(I72>0,1,0) -> 0 | AX72: =IF(J72>0,1,0) -> 0 | AY72: =IF(K72>0,1,0) -> 0 | AZ72: =IF(L72>0,1,0) -> 1 | BA72: =IF(M72>0,1,0) -> 0 | BB72: =IF(N72>0,1,0) -> 0 | BC72: =IF(O72>0,1,0) -> 0 | ... CE72: =IF(AQ72>0,1,0) -> 0
A73: =MID(C73,3,1)&"팀" -> 1팀 | B73: =ROW()-6 -> 67 | C73: =IF(VLOOKUP($B73,'1. 현장별 인원현황'!$C:$J,2,0)=0,"",VLOOKUP($B73,'1. 현장별 인원현황'!$C:$J,2,0)) -> [1.두산건설] [전기] 강화2지역 주택조합 전기공사 | D73: =IF(VLOOKUP($B73,'1. 현장별 인원현황'!$C:$J,3,0)=0,"",VLOOKUP($B73,'1. 현장별 인원현황'!$C:$J,3,0)) -> 최진우 | E73: =IF(VLOOKUP($B73,'1. 현장별 인원현황'!$C:$J,4,0)=0,"",VLOOKUP($B73,'1. 현장별 인원현황'!$C:$J,4,0)) -> 40세 | F73: =IF(VLOOKUP($B73,'1. 현장별 인원현황'!$C:$J,7,0)=0,"",VLOOKUP($B73,'1. 현장별 인원현황'!$C:$J,7,0)) -> 공사 | G73: =IF(VLOOKUP($B73,'1. 현장별 인원현황'!$C:$J,8,0)=0,"",VLOOKUP($B73,'1. 현장별 인원현황'!$C:$J,8,0)) -> 차장 | H73: O | L73: O | P73: O | T73: O | X73: O | AB73: O | AF73: O | AJ73: O | AN73: O | AR73: =SUMPRODUCT($H$5:$AQ$5,AV73:CE73) -> 100 | AS73: =IF(AR73>85,"S",IF(AR73>70,"A",IF(AR73>50,"B",IF(AR73>0,"C","")))) -> S | AV73: =IF(H73>0,1,0) -> 1 | AW73: =IF(I73>0,1,0) -> 0 | AX73: =IF(J73>0,1,0) -> 0 | AY73: =IF(K73>0,1,0) -> 0 | AZ73: =IF(L73>0,1,0) -> 1 | BA73: =IF(M73>0,1,0) -> 0 | BB73: =IF(N73>0,1,0) -> 0 | BC73: =IF(O73>0,1,0) -> 0 | ... CE73: =IF(AQ73>0,1,0) -> 0
A74: =MID(C74,3,1)&"팀" -> 1팀 | B74: =ROW()-6 -> 68 | C74: =IF(VLOOKUP($B74,'1. 현장별 인원현황'!$C:$J,2,0)=0,"",VLOOKUP($B74,'1. 현장별 인원현황'!$C:$J,2,0)) -> [1.두산건설] [전기] 강화2지역 주택조합 전기공사 | D74: =IF(VLOOKUP($B74,'1. 현장별 인원현황'!$C:$J,3,0)=0,"",VLOOKUP($B74,'1. 현장별 인원현황'!$C:$J,3,0)) -> 김진오 | E74: =IF(VLOOKUP($B74,'1. 현장별 인원현황'!$C:$J,4,0)=0,"",VLOOKUP($B74,'1. 현장별 인원현황'!$C:$J,4,0)) -> 54세 | F74: =IF(VLOOKUP($B74,'1. 현장별 인원현황'!$C:$J,7,0)=0,"",VLOOKUP($B74,'1. 현장별 인원현황'!$C:$J,7,0)) -> 공무 | G74: =IF(VLOOKUP($B74,'1. 현장별 인원현황'!$C:$J,8,0)=0,"",VLOOKUP($B74,'1. 현장별 인원현황'!$C:$J,8,0)) -> 부장 | H74: O | L74: O | P74: O | T74: O | X74: O | AB74: O | AF74: O | AJ74: O | AN74: O | AR74: =SUMPRODUCT($H$5:$AQ$5,AV74:CE74) -> 100 | AS74: =IF(AR74>85,"S",IF(AR74>70,"A",IF(AR74>50,"B",IF(AR74>0,"C","")))) -> S | AV74: =IF(H74>0,1,0) -> 1 | AW74: =IF(I74>0,1,0) -> 0 | AX74: =IF(J74>0,1,0) -> 0 | AY74: =IF(K74>0,1,0) -> 0 | AZ74: =IF(L74>0,1,0) -> 1 | BA74: =IF(M74>0,1,0) -> 0 | BB74: =IF(N74>0,1,0) -> 0 | BC74: =IF(O74>0,1,0) -> 0 | ... CE74: =IF(AQ74>0,1,0) -> 0
A75: =MID(C75,3,1)&"팀" -> 1팀 | B75: =ROW()-6 -> 69 | C75: =IF(VLOOKUP($B75,'1. 현장별 인원현황'!$C:$J,2,0)=0,"",VLOOKUP($B75,'1. 현장별 인원현황'!$C:$J,2,0)) -> [1.두산건설] [전기] 강화2지역 주택조합 전기공사 | D75: =IF(VLOOKUP($B75,'1. 현장별 인원현황'!$C:$J,3,0)=0,"",VLOOKUP($B75,'1. 현장별 인원현황'!$C:$J,3,0)) -> 이두현 | E75: =IF(VLOOKUP($B75,'1. 현장별 인원현황'!$C:$J,4,0)=0,"",VLOOKUP($B75,'1. 현장별 인원현황'!$C:$J,4,0)) -> 44세 | F75: =IF(VLOOKUP($B75,'1. 현장별 인원현황'!$C:$J,7,0)=0,"",VLOOKUP($B75,'1. 현장별 인원현황'!$C:$J,7,0)) -> 공무 | G75: =IF(VLOOKUP($B75,'1. 현장별 인원현황'!$C:$J,8,0)=0,"",VLOOKUP($B75,'1. 현장별 인원현황'!$C:$J,8,0)) -> 차장 | H75: O | L75: O | P75: O | T75: O | X75: O | AB75: O | AF75: O | AJ75: O | AN75: O | AR75: =SUMPRODUCT($H$5:$AQ$5,AV75:CE75) -> 100 | AS75: =IF(AR75>85,"S",IF(AR75>70,"A",IF(AR75>50,"B",IF(AR75>0,"C","")))) -> S | AV75: =IF(H75>0,1,0) -> 1 | AW75: =IF(I75>0,1,0) -> 0 | AX75: =IF(J75>0,1,0) -> 0 | AY75: =IF(K75>0,1,0) -> 0 | AZ75: =IF(L75>0,1,0) -> 1 | BA75: =IF(M75>0,1,0) -> 0 | BB75: =IF(N75>0,1,0) -> 0 | BC75: =IF(O75>0,1,0) -> 0 | ... CE75: =IF(AQ75>0,1,0) -> 0
A76: =MID(C76,3,1)&"팀" -> 1팀 | B76: =ROW()-6 -> 70 | C76: =IF(VLOOKUP($B76,'1. 현장별 인원현황'!$C:$J,2,0)=0,"",VLOOKUP($B76,'1. 현장별 인원현황'!$C:$J,2,0)) -> [1.두산건설] [전기] 강화2지역 주택조합 전기공사 | D76: =IF(VLOOKUP($B76,'1. 현장별 인원현황'!$C:$J,3,0)=0,"",VLOOKUP($B76,'1. 현장별 인원현황'!$C:$J,3,0)) -> 김영규 | E76: =IF(VLOOKUP($B76,'1. 현장별 인원현황'!$C:$J,4,0)=0,"",VLOOKUP($B76,'1. 현장별 인원현황'!$C:$J,4,0)) -> 37세 | F76: =IF(VLOOKUP($B76,'1. 현장별 인원현황'!$C:$J,7,0)=0,"",VLOOKUP($B76,'1. 현장별 인원현황'!$C:$J,7,0)) -> 기능공 | G76: =IF(VLOOKUP($B76,'1. 현장별 인원현황'!$C:$J,8,0)=0,"",VLOOKUP($B76,'1. 현장별 인원현황'!$C:$J,8,0)) -> 전공 | H76: O | L76: O | P76: O | T76: O | X76: O | AB76: O | AF76: O | AJ76: O | AN76: O | AR76: =SUMPRODUCT($H$5:$AQ$5,AV76:CE76) -> 100 | AS76: =IF(AR76>85,"S",IF(AR76>70,"A",IF(AR76>50,"B",IF(AR76>0,"C","")))) -> S | AV76: =IF(H76>0,1,0) -> 1 | AW76: =IF(I76>0,1,0) -> 0 | AX76: =IF(J76>0,1,0) -> 0 | AY76: =IF(K76>0,1,0) -> 0 | AZ76: =IF(L76>0,1,0) -> 1 | BA76: =IF(M76>0,1,0) -> 0 | BB76: =IF(N76>0,1,0) -> 0 | BC76: =IF(O76>0,1,0) -> 0 | ... CE76: =IF(AQ76>0,1,0) -> 0
A77: =MID(C77,3,1)&"팀" -> 1팀 | B77: =ROW()-6 -> 71 | C77: =IF(VLOOKUP($B77,'1. 현장별 인원현황'!$C:$J,2,0)=0,"",VLOOKUP($B77,'1. 현장별 인원현황'!$C:$J,2,0)) -> [1.두산건설] [전기] 강화2지역 주택조합 전기공사 | D77: =IF(VLOOKUP($B77,'1. 현장별 인원현황'!$C:$J,3,0)=0,"",VLOOKUP($B77,'1. 현장별 인원현황'!$C:$J,3,0)) -> 김민규 | E77: =IF(VLOOKUP($B77,'1. 현장별 인원현황'!$C:$J,4,0)=0,"",VLOOKUP($B77,'1. 현장별 인원현황'!$C:$J,4,0)) -> 34세 | F77: =IF(VLOOKUP($B77,'1. 현장별 인원현황'!$C:$J,7,0)=0,"",VLOOKUP($B77,'1. 현장별 인원현황'!$C:$J,7,0)) -> 기능공 | G77: =IF(VLOOKUP($B77,'1. 현장별 인원현황'!$C:$J,8,0)=0,"",VLOOKUP($B77,'1. 현장별 인원현황'!$C:$J,8,0)) -> 전공 | H77: O | L77: O | P77: O | T77: O | X77: O | AB77: O | AF77: O | AJ77: O | AN77: O | AR77: =SUMPRODUCT($H$5:$AQ$5,AV77:CE77) -> 100 | AS77: =IF(AR77>85,"S",IF(AR77>70,"A",IF(AR77>50,"B",IF(AR77>0,"C","")))) -> S | AV77: =IF(H77>0,1,0) -> 1 | AW77: =IF(I77>0,1,0) -> 0 | AX77: =IF(J77>0,1,0) -> 0 | AY77: =IF(K77>0,1,0) -> 0 | AZ77: =IF(L77>0,1,0) -> 1 | BA77: =IF(M77>0,1,0) -> 0 | BB77: =IF(N77>0,1,0) -> 0 | BC77: =IF(O77>0,1,0) -> 0 | ... CE77: =IF(AQ77>0,1,0) -> 0
A78: =MID(C78,3,1)&"팀" -> 1팀 | B78: =ROW()-6 -> 72 | C78: =IF(VLOOKUP($B78,'1. 현장별 인원현황'!$C:$J,2,0)=0,"",VLOOKUP($B78,'1. 현장별 인원현황'!$C:$J,2,0)) -> [1.두산건설] [전기] 강화2지역 주택조합 전기공사 | D78: =IF(VLOOKUP($B78,'1. 현장별 인원현황'!$C:$J,3,0)=0,"",VLOOKUP($B78,'1. 현장별 인원현황'!$C:$J,3,0)) -> 김남현 | E78: =IF(VLOOKUP($B78,'1. 현장별 인원현황'!$C:$J,4,0)=0,"",VLOOKUP($B78,'1. 현장별 인원현황'!$C:$J,4,0)) -> 53세 | F78: =IF(VLOOKUP($B78,'1. 현장별 인원현황'!$C:$J,7,0)=0,"",VLOOKUP($B78,'1. 현장별 인원현황'!$C:$J,7,0)) -> 기능공 | G78: =IF(VLOOKUP($B78,'1. 현장별 인원현황'!$C:$J,8,0)=0,"",VLOOKUP($B78,'1. 현장별 인원현황'!$C:$J,8,0)) -> 전공 | H78: O | L78: O | P78: O | T78: O | X78: O | AB78: O | AF78: O | AJ78: O | AN78: O | AR78: =SUMPRODUCT($H$5:$AQ$5,AV78:CE78) -> 100 | AS78: =IF(AR78>85,"S",IF(AR78>70,"A",IF(AR78>50,"B",IF(AR78>0,"C","")))) -> S | AV78: =IF(H78>0,1,0) -> 1 | AW78: =IF(I78>0,1,0) -> 0 | AX78: =IF(J78>0,1,0) -> 0 | AY78: =IF(K78>0,1,0) -> 0 | AZ78: =IF(L78>0,1,0) -> 1 | BA78: =IF(M78>0,1,0) -> 0 | BB78: =IF(N78>0,1,0) -> 0 | BC78: =IF(O78>0,1,0) -> 0 | ... CE78: =IF(AQ78>0,1,0) -> 0
A79: =MID(C79,3,1)&"팀" -> 1팀 | B79: =ROW()-6 -> 73 | C79: =IF(VLOOKUP($B79,'1. 현장별 인원현황'!$C:$J,2,0)=0,"",VLOOKUP($B79,'1. 현장별 인원현황'!$C:$J,2,0)) -> [1.두산건설] [전기] 강화2지역 주택조합 전기공사 | D79: =IF(VLOOKUP($B79,'1. 현장별 인원현황'!$C:$J,3,0)=0,"",VLOOKUP($B79,'1. 현장별 인원현황'!$C:$J,3,0)) -> 전영재 | E79: =IF(VLOOKUP($B79,'1. 현장별 인원현황'!$C:$J,4,0)=0,"",VLOOKUP($B79,'1. 현장별 인원현황'!$C:$J,4,0)) -> 24세 | F79: =IF(VLOOKUP($B79,'1. 현장별 인원현황'!$C:$J,7,0)=0,"",VLOOKUP($B79,'1. 현장별 인원현황'!$C:$J,7,0)) -> 기능공 | G79: =IF(VLOOKUP($B79,'1. 현장별 인원현황'!$C:$J,8,0)=0,"",VLOOKUP($B79,'1. 현장별 인원현황'!$C:$J,8,0)) -> 전공 | I79: O | L79: O | P79: O | T79: O | X79: O | AB79: O | AF79: O | AJ79: O | AN79: O | AR79: =SUMPRODUCT($H$5:$AQ$5,AV79:CE79) -> 97 | AS79: =IF(AR79>85,"S",IF(AR79>70,"A",IF(AR79>50,"B",IF(AR79>0,"C","")))) -> S | AV79: =IF(H79>0,1,0) -> 0 | AW79: =IF(I79>0,1,0) -> 1 | AX79: =IF(J79>0,1,0) -> 0 | AY79: =IF(K79>0,1,0) -> 0 | AZ79: =IF(L79>0,1,0) -> 1 | BA79: =IF(M79>0,1,0) -> 0 | BB79: =IF(N79>0,1,0) -> 0 | BC79: =IF(O79>0,1,0) -> 0 | ... CE79: =IF(AQ79>0,1,0) -> 0
A80: =MID(C80,3,1)&"팀" -> 1팀 | B80: =ROW()-6 -> 74 | C80: =IF(VLOOKUP($B80,'1. 현장별 인원현황'!$C:$J,2,0)=0,"",VLOOKUP($B80,'1. 현장별 인원현황'!$C:$J,2,0)) -> [1.두산건설] [전기] 강화2지역 주택조합 전기공사 | D80: =IF(VLOOKUP($B80,'1. 현장별 인원현황'!$C:$J,3,0)=0,"",VLOOKUP($B80,'1. 현장별 인원현황'!$C:$J,3,0)) -> 이영철 | E80: =IF(VLOOKUP($B80,'1. 현장별 인원현황'!$C:$J,4,0)=0,"",VLOOKUP($B80,'1. 현장별 인원현황'!$C:$J,4,0)) -> 54세 | F80: =IF(VLOOKUP($B80,'1. 현장별 인원현황'!$C:$J,7,0)=0,"",VLOOKUP($B80,'1. 현장별 인원현황'!$C:$J,7,0)) -> 기능공 | G80: =IF(VLOOKUP($B80,'1. 현장별 인원현황'!$C:$J,8,0)=0,"",VLOOKUP($B80,'1. 현장별 인원현황'!$C:$J,8,0)) -> 전공 | H80: O | L80: O | P80: O | T80: O | X80: O | AB80: O | AF80: O | AJ80: O | AN80: O | AR80: =SUMPRODUCT($H$5:$AQ$5,AV80:CE80) -> 100 | AS80: =IF(AR80>85,"S",IF(AR80>70,"A",IF(AR80>50,"B",IF(AR80>0,"C","")))) -> S | AV80: =IF(H80>0,1,0) -> 1 | AW80: =IF(I80>0,1,0) -> 0 | AX80: =IF(J80>0,1,0) -> 0 | AY80: =IF(K80>0,1,0) -> 0 | AZ80: =IF(L80>0,1,0) -> 1 | BA80: =IF(M80>0,1,0) -> 0 | BB80: =IF(N80>0,1,0) -> 0 | BC80: =IF(O80>0,1,0) -> 0 | ... CE80: =IF(AQ80>0,1,0) -> 0
A81: =MID(C81,3,1)&"팀" -> 1팀 | B81: =ROW()-6 -> 75 | C81: =IF(VLOOKUP($B81,'1. 현장별 인원현황'!$C:$J,2,0)=0,"",VLOOKUP($B81,'1. 현장별 인원현황'!$C:$J,2,0)) -> [1.두산건설] 송림3구역 주택재개발 중 전기공사1,2공구 | D81: =IF(VLOOKUP($B81,'1. 현장별 인원현황'!$C:$J,3,0)=0,"",VLOOKUP($B81,'1. 현장별 인원현황'!$C:$J,3,0)) -> 박전규 | E81: =IF(VLOOKUP($B81,'1. 현장별 인원현황'!$C:$J,4,0)=0,"",VLOOKUP($B81,'1. 현장별 인원현황'!$C:$J,4,0)) -> 42세 | F81: =IF(VLOOKUP($B81,'1. 현장별 인원현황'!$C:$J,7,0)=0,"",VLOOKUP($B81,'1. 현장별 인원현황'!$C:$J,7,0)) -> 공무 | G81: =IF(VLOOKUP($B81,'1. 현장별 인원현황'!$C:$J,8,0)=0,"",VLOOKUP($B81,'1. 현장별 인원현황'!$C:$J,8,0)) -> 차장 | J81: O | N81: O | Q81: O | V81: O | Y81: O | AC81: O | AH81: O | AK81: O | AN81: O | AR81: =SUMPRODUCT($H$5:$AQ$5,AV81:CE81) -> 70 | AS81: =IF(AR81>85,"S",IF(AR81>70,"A",IF(AR81>50,"B",IF(AR81>0,"C","")))) -> B | AV81: =IF(H81>0,1,0) -> 0 | AW81: =IF(I81>0,1,0) -> 0 | AX81: =IF(J81>0,1,0) -> 1 | AY81: =IF(K81>0,1,0) -> 0 | AZ81: =IF(L81>0,1,0) -> 0 | BA81: =IF(M81>0,1,0) -> 0 | BB81: =IF(N81>0,1,0) -> 1 | BC81: =IF(O81>0,1,0) -> 0 | ... CE81: =IF(AQ81>0,1,0) -> 0
A82: =MID(C82,3,1)&"팀" -> 1팀 | B82: =ROW()-6 -> 76 | C82: =IF(VLOOKUP($B82,'1. 현장별 인원현황'!$C:$J,2,0)=0,"",VLOOKUP($B82,'1. 현장별 인원현황'!$C:$J,2,0)) -> [1.두산건설] 송림3구역 주택재개발 중 전기공사1,2공구 | D82: =IF(VLOOKUP($B82,'1. 현장별 인원현황'!$C:$J,3,0)=0,"",VLOOKUP($B82,'1. 현장별 인원현황'!$C:$J,3,0)) -> 김항규 | E82: =IF(VLOOKUP($B82,'1. 현장별 인원현황'!$C:$J,4,0)=0,"",VLOOKUP($B82,'1. 현장별 인원현황'!$C:$J,4,0)) -> 31세 | F82: =IF(VLOOKUP($B82,'1. 현장별 인원현황'!$C:$J,7,0)=0,"",VLOOKUP($B82,'1. 현장별 인원현황'!$C:$J,7,0)) -> 공무 | G82: =IF(VLOOKUP($B82,'1. 현장별 인원현황'!$C:$J,8,0)=0,"",VLOOKUP($B82,'1. 현장별 인원현황'!$C:$J,8,0)) -> 기사 | J82: O | N82: O | R82: O | V82: O | Y82: O | AC82: O | AH82: O | AK82: O | AN82: O | AR82: =SUMPRODUCT($H$5:$AQ$5,AV82:CE82) -> 67 | AS82: =IF(AR82>85,"S",IF(AR82>70,"A",IF(AR82>50,"B",IF(AR82>0,"C","")))) -> B | AV82: =IF(H82>0,1,0) -> 0 | AW82: =IF(I82>0,1,0) -> 0 | AX82: =IF(J82>0,1,0) -> 1 | AY82: =IF(K82>0,1,0) -> 0 | AZ82: =IF(L82>0,1,0) -> 0 | BA82: =IF(M82>0,1,0) -> 0 | BB82: =IF(N82>0,1,0) -> 1 | BC82: =IF(O82>0,1,0) -> 0 | ... CE82: =IF(AQ82>0,1,0) -> 0
A83: =MID(C83,3,1)&"팀" -> 1팀 | B83: =ROW()-6 -> 77 | C83: =IF(VLOOKUP($B83,'1. 현장별 인원현황'!$C:$J,2,0)=0,"",VLOOKUP($B83,'1. 현장별 인원현황'!$C:$J,2,0)) -> [1.두산건설] 송림3구역 주택재개발 중 전기공사1,2공구 | D83: =IF(VLOOKUP($B83,'1. 현장별 인원현황'!$C:$J,3,0)=0,"",VLOOKUP($B83,'1. 현장별 인원현황'!$C:$J,3,0)) -> 이윤희 | E83: =IF(VLOOKUP($B83,'1. 현장별 인원현황'!$C:$J,4,0)=0,"",VLOOKUP($B83,'1. 현장별 인원현황'!$C:$J,4,0)) -> 62세 | F83: =IF(VLOOKUP($B83,'1. 현장별 인원현황'!$C:$J,7,0)=0,"",VLOOKUP($B83,'1. 현장별 인원현황'!$C:$J,7,0)) -> 기능공 | G83: =IF(VLOOKUP($B83,'1. 현장별 인원현황'!$C:$J,8,0)=0,"",VLOOKUP($B83,'1. 현장별 인원현황'!$C:$J,8,0)) -> 전공 | J83: O | N83: O | Q83: O | V83: O | Z83: O | AC83: O | AH83: O | AK83: O | AN83: O | AR83: =SUMPRODUCT($H$5:$AQ$5,AV83:CE83) -> 68 | AS83: =IF(AR83>85,"S",IF(AR83>70,"A",IF(AR83>50,"B",IF(AR83>0,"C","")))) -> B | AV83: =IF(H83>0,1,0) -> 0 | AW83: =IF(I83>0,1,0) -> 0 | AX83: =IF(J83>0,1,0) -> 1 | AY83: =IF(K83>0,1,0) -> 0 | AZ83: =IF(L83>0,1,0) -> 0 | BA83: =IF(M83>0,1,0) -> 0 | BB83: =IF(N83>0,1,0) -> 1 | BC83: =IF(O83>0,1,0) -> 0 | ... CE83: =IF(AQ83>0,1,0) -> 0
A84: =MID(C84,3,1)&"팀" -> 1팀 | B84: =ROW()-6 -> 78 | C84: =IF(VLOOKUP($B84,'1. 현장별 인원현황'!$C:$J,2,0)=0,"",VLOOKUP($B84,'1. 현장별 인원현황'!$C:$J,2,0)) -> [1.두산건설] 송림3구역 주택재개발 중 전기공사1,2공구 | D84: =IF(VLOOKUP($B84,'1. 현장별 인원현황'!$C:$J,3,0)=0,"",VLOOKUP($B84,'1. 현장별 인원현황'!$C:$J,3,0)) -> 이봉일 | E84: =IF(VLOOKUP($B84,'1. 현장별 인원현황'!$C:$J,4,0)=0,"",VLOOKUP($B84,'1. 현장별 인원현황'!$C:$J,4,0)) -> 62세 | F84: =IF(VLOOKUP($B84,'1. 현장별 인원현황'!$C:$J,7,0)=0,"",VLOOKUP($B84,'1. 현장별 인원현황'!$C:$J,7,0)) -> 기능공 | G84: =IF(VLOOKUP($B84,'1. 현장별 인원현황'!$C:$J,8,0)=0,"",VLOOKUP($B84,'1. 현장별 인원현황'!$C:$J,8,0)) -> 전공 | J84: O | N84: O | R84: O | V84: O | Z84: O | AC84: O | AH84: O | AK84: O | AN84: O | AR84: =SUMPRODUCT($H$5:$AQ$5,AV84:CE84) -> 65 | AS84: =IF(AR84>85,"S",IF(AR84>70,"A",IF(AR84>50,"B",IF(AR84>0,"C","")))) -> B | AV84: =IF(H84>0,1,0) -> 0 | AW84: =IF(I84>0,1,0) -> 0 | AX84: =IF(J84>0,1,0) -> 1 | AY84: =IF(K84>0,1,0) -> 0 | AZ84: =IF(L84>0,1,0) -> 0 | BA84: =IF(M84>0,1,0) -> 0 | BB84: =IF(N84>0,1,0) -> 1 | BC84: =IF(O84>0,1,0) -> 0 | ... CE84: =IF(AQ84>0,1,0) -> 0
A85: =MID(C85,3,1)&"팀" -> 1팀 | B85: =ROW()-6 -> 79 | C85: =IF(VLOOKUP($B85,'1. 현장별 인원현황'!$C:$J,2,0)=0,"",VLOOKUP($B85,'1. 현장별 인원현황'!$C:$J,2,0)) -> [1.두산건설] 송림3구역 주택재개발 중 전기공사1,2공구 | D85: =IF(VLOOKUP($B85,'1. 현장별 인원현황'!$C:$J,3,0)=0,"",VLOOKUP($B85,'1. 현장별 인원현황'!$C:$J,3,0)) -> 최동환 | E85: =IF(VLOOKUP($B85,'1. 현장별 인원현황'!$C:$J,4,0)=0,"",VLOOKUP($B85,'1. 현장별 인원현황'!$C:$J,4,0)) -> 64세 | F85: =IF(VLOOKUP($B85,'1. 현장별 인원현황'!$C:$J,7,0)=0,"",VLOOKUP($B85,'1. 현장별 인원현황'!$C:$J,7,0)) -> 기능공 | G85: =IF(VLOOKUP($B85,'1. 현장별 인원현황'!$C:$J,8,0)=0,"",VLOOKUP($B85,'1. 현장별 인원현황'!$C:$J,8,0)) -> 전공 | J85: O | N85: O | Q85: O | V85: O | Z85: O | AC85: O | AH85: O | AK85: O | AN85: O | AR85: =SUMPRODUCT($H$5:$AQ$5,AV85:CE85) -> 68 | AS85: =IF(AR85>85,"S",IF(AR85>70,"A",IF(AR85>50,"B",IF(AR85>0,"C","")))) -> B | AV85: =IF(H85>0,1,0) -> 0 | AW85: =IF(I85>0,1,0) -> 0 | AX85: =IF(J85>0,1,0) -> 1 | AY85: =IF(K85>0,1,0) -> 0 | AZ85: =IF(L85>0,1,0) -> 0 | BA85: =IF(M85>0,1,0) -> 0 | BB85: =IF(N85>0,1,0) -> 1 | BC85: =IF(O85>0,1,0) -> 0 | ... CE85: =IF(AQ85>0,1,0) -> 0
A86: =MID(C86,3,1)&"팀" -> 1팀 | B86: =ROW()-6 -> 80 | C86: =IF(VLOOKUP($B86,'1. 현장별 인원현황'!$C:$J,2,0)=0,"",VLOOKUP($B86,'1. 현장별 인원현황'!$C:$J,2,0)) -> [1.두산건설] 송림3구역 주택재개발 중 전기공사1,2공구 | D86: =IF(VLOOKUP($B86,'1. 현장별 인원현황'!$C:$J,3,0)=0,"",VLOOKUP($B86,'1. 현장별 인원현황'!$C:$J,3,0)) -> 강상욱 | E86: =IF(VLOOKUP($B86,'1. 현장별 인원현황'!$C:$J,4,0)=0,"",VLOOKUP($B86,'1. 현장별 인원현황'!$C:$J,4,0)) -> 50세 | F86: =IF(VLOOKUP($B86,'1. 현장별 인원현황'!$C:$J,7,0)=0,"",VLOOKUP($B86,'1. 현장별 인원현황'!$C:$J,7,0)) -> 기능공 | G86: =IF(VLOOKUP($B86,'1. 현장별 인원현황'!$C:$J,8,0)=0,"",VLOOKUP($B86,'1. 현장별 인원현황'!$C:$J,8,0)) -> 전공 | J86: O | N86: O | Q86: O | V86: O | Z86: O | AC86: O | AH86: O | AK86: O | AN86: O | AR86: =SUMPRODUCT($H$5:$AQ$5,AV86:CE86) -> 68 | AS86: =IF(AR86>85,"S",IF(AR86>70,"A",IF(AR86>50,"B",IF(AR86>0,"C","")))) -> B | AV86: =IF(H86>0,1,0) -> 0 | AW86: =IF(I86>0,1,0) -> 0 | AX86: =IF(J86>0,1,0) -> 1 | AY86: =IF(K86>0,1,0) -> 0 | AZ86: =IF(L86>0,1,0) -> 0 | BA86: =IF(M86>0,1,0) -> 0 | BB86: =IF(N86>0,1,0) -> 1 | BC86: =IF(O86>0,1,0) -> 0 | ... CE86: =IF(AQ86>0,1,0) -> 0
A87: =MID(C87,3,1)&"팀" -> 1팀 | B87: =ROW()-6 -> 81 | C87: =IF(VLOOKUP($B87,'1. 현장별 인원현황'!$C:$J,2,0)=0,"",VLOOKUP($B87,'1. 현장별 인원현황'!$C:$J,2,0)) -> [1.두산건설] 송림3구역 주택재개발 중 전기공사1,2공구 | D87: =IF(VLOOKUP($B87,'1. 현장별 인원현황'!$C:$J,3,0)=0,"",VLOOKUP($B87,'1. 현장별 인원현황'!$C:$J,3,0)) -> 한수영 | E87: =IF(VLOOKUP($B87,'1. 현장별 인원현황'!$C:$J,4,0)=0,"",VLOOKUP($B87,'1. 현장별 인원현황'!$C:$J,4,0)) -> 50세 | F87: =IF(VLOOKUP($B87,'1. 현장별 인원현황'!$C:$J,7,0)=0,"",VLOOKUP($B87,'1. 현장별 인원현황'!$C:$J,7,0)) -> 기능공 | G87: =IF(VLOOKUP($B87,'1. 현장별 인원현황'!$C:$J,8,0)=0,"",VLOOKUP($B87,'1. 현장별 인원현황'!$C:$J,8,0)) -> 전공 | J87: O | N87: O | Q87: O | V87: O | Z87: O | AC87: O | AH87: O | AK87: O | AN87: O | AR87: =SUMPRODUCT($H$5:$AQ$5,AV87:CE87) -> 68 | AS87: =IF(AR87>85,"S",IF(AR87>70,"A",IF(AR87>50,"B",IF(AR87>0,"C","")))) -> B | AV87: =IF(H87>0,1,0) -> 0 | AW87: =IF(I87>0,1,0) -> 0 | AX87: =IF(J87>0,1,0) -> 1 | AY87: =IF(K87>0,1,0) -> 0 | AZ87: =IF(L87>0,1,0) -> 0 | BA87: =IF(M87>0,1,0) -> 0 | BB87: =IF(N87>0,1,0) -> 1 | BC87: =IF(O87>0,1,0) -> 0 | ... CE87: =IF(AQ87>0,1,0) -> 0
A88: =MID(C88,3,1)&"팀" -> 1팀 | B88: =ROW()-6 -> 82 | C88: =IF(VLOOKUP($B88,'1. 현장별 인원현황'!$C:$J,2,0)=0,"",VLOOKUP($B88,'1. 현장별 인원현황'!$C:$J,2,0)) -> [1.두산건설] 송림3구역 주택재개발 중 전기공사1,2공구 | D88: =IF(VLOOKUP($B88,'1. 현장별 인원현황'!$C:$J,3,0)=0,"",VLOOKUP($B88,'1. 현장별 인원현황'!$C:$J,3,0)) -> 김형진 | E88: =IF(VLOOKUP($B88,'1. 현장별 인원현황'!$C:$J,4,0)=0,"",VLOOKUP($B88,'1. 현장별 인원현황'!$C:$J,4,0)) -> 34세 | F88: =IF(VLOOKUP($B88,'1. 현장별 인원현황'!$C:$J,7,0)=0,"",VLOOKUP($B88,'1. 현장별 인원현황'!$C:$J,7,0)) -> 기능공 | G88: =IF(VLOOKUP($B88,'1. 현장별 인원현황'!$C:$J,8,0)=0,"",VLOOKUP($B88,'1. 현장별 인원현황'!$C:$J,8,0)) -> 조공 | J88: O | N88: O | R88: O | V88: O | Z88: O | AC88: O | AH88: O | AK88: O | AN88: O | AR88: =SUMPRODUCT($H$5:$AQ$5,AV88:CE88) -> 65 | AS88: =IF(AR88>85,"S",IF(AR88>70,"A",IF(AR88>50,"B",IF(AR88>0,"C","")))) -> B | AV88: =IF(H88>0,1,0) -> 0 | AW88: =IF(I88>0,1,0) -> 0 | AX88: =IF(J88>0,1,0) -> 1 | AY88: =IF(K88>0,1,0) -> 0 | AZ88: =IF(L88>0,1,0) -> 0 | BA88: =IF(M88>0,1,0) -> 0 | BB88: =IF(N88>0,1,0) -> 1 | BC88: =IF(O88>0,1,0) -> 0 | ... CE88: =IF(AQ88>0,1,0) -> 0
A89: =MID(C89,3,1)&"팀" -> 1팀 | B89: =ROW()-6 -> 83 | C89: =IF(VLOOKUP($B89,'1. 현장별 인원현황'!$C:$J,2,0)=0,"",VLOOKUP($B89,'1. 현장별 인원현황'!$C:$J,2,0)) -> [1.라온건설] 덕소2구역 주택재개발 정비사업 | D89: =IF(VLOOKUP($B89,'1. 현장별 인원현황'!$C:$J,3,0)=0,"",VLOOKUP($B89,'1. 현장별 인원현황'!$C:$J,3,0)) -> 강윤석 | E89: =IF(VLOOKUP($B89,'1. 현장별 인원현황'!$C:$J,4,0)=0,"",VLOOKUP($B89,'1. 현장별 인원현황'!$C:$J,4,0)) -> 53세 | F89: =IF(VLOOKUP($B89,'1. 현장별 인원현황'!$C:$J,7,0)=0,"",VLOOKUP($B89,'1. 현장별 인원현황'!$C:$J,7,0)) -> 공무 | G89: =IF(VLOOKUP($B89,'1. 현장별 인원현황'!$C:$J,8,0)=0,"",VLOOKUP($B89,'1. 현장별 인원현황'!$C:$J,8,0)) -> 부장 | I89: O | M89: O | Q89: O | U89: O | Y89: O | AC89: O | AG89: O | AK89: O | AO89: O | AR89: =SUMPRODUCT($H$5:$AQ$5,AV89:CE89) -> 77 | AS89: =IF(AR89>85,"S",IF(AR89>70,"A",IF(AR89>50,"B",IF(AR89>0,"C","")))) -> A | AV89: =IF(H89>0,1,0) -> 0 | AW89: =IF(I89>0,1,0) -> 1 | AX89: =IF(J89>0,1,0) -> 0 | AY89: =IF(K89>0,1,0) -> 0 | AZ89: =IF(L89>0,1,0) -> 0 | BA89: =IF(M89>0,1,0) -> 1 | BB89: =IF(N89>0,1,0) -> 0 | BC89: =IF(O89>0,1,0) -> 0 | ... CE89: =IF(AQ89>0,1,0) -> 0
A90: =MID(C90,3,1)&"팀" -> 1팀 | B90: =ROW()-6 -> 84 | C90: =IF(VLOOKUP($B90,'1. 현장별 인원현황'!$C:$J,2,0)=0,"",VLOOKUP($B90,'1. 현장별 인원현황'!$C:$J,2,0)) -> [1.라온건설] 덕소2구역 주택재개발 정비사업 | D90: =IF(VLOOKUP($B90,'1. 현장별 인원현황'!$C:$J,3,0)=0,"",VLOOKUP($B90,'1. 현장별 인원현황'!$C:$J,3,0)) -> 김병석 | E90: =IF(VLOOKUP($B90,'1. 현장별 인원현황'!$C:$J,4,0)=0,"",VLOOKUP($B90,'1. 현장별 인원현황'!$C:$J,4,0)) -> 52세 | F90: =IF(VLOOKUP($B90,'1. 현장별 인원현황'!$C:$J,7,0)=0,"",VLOOKUP($B90,'1. 현장별 인원현황'!$C:$J,7,0)) -> 공사 | G90: =IF(VLOOKUP($B90,'1. 현장별 인원현황'!$C:$J,8,0)=0,"",VLOOKUP($B90,'1. 현장별 인원현황'!$C:$J,8,0)) -> 차장 | I90: O | M90: O | Q90: O | U90: O | X90: O | AB90: O | AF90: O | AK90: O | AN90: O | AR90: =SUMPRODUCT($H$5:$AQ$5,AV90:CE90) -> 86 | AS90: =IF(AR90>85,"S",IF(AR90>70,"A",IF(AR90>50,"B",IF(AR90>0,"C","")))) -> S | AV90: =IF(H90>0,1,0) -> 0 | AW90: =IF(I90>0,1,0) -> 1 | AX90: =IF(J90>0,1,0) -> 0 | AY90: =IF(K90>0,1,0) -> 0 | AZ90: =IF(L90>0,1,0) -> 0 | BA90: =IF(M90>0,1,0) -> 1 | BB90: =IF(N90>0,1,0) -> 0 | BC90: =IF(O90>0,1,0) -> 0 | ... CE90: =IF(AQ90>0,1,0) -> 0
A91: =MID(C91,3,1)&"팀" -> 1팀 | B91: =ROW()-6 -> 85 | C91: =IF(VLOOKUP($B91,'1. 현장별 인원현황'!$C:$J,2,0)=0,"",VLOOKUP($B91,'1. 현장별 인원현황'!$C:$J,2,0)) -> [1.라온건설] 덕소2구역 주택재개발 정비사업 | D91: =IF(VLOOKUP($B91,'1. 현장별 인원현황'!$C:$J,3,0)=0,"",VLOOKUP($B91,'1. 현장별 인원현황'!$C:$J,3,0)) -> 황성욱 | E91: =IF(VLOOKUP($B91,'1. 현장별 인원현황'!$C:$J,4,0)=0,"",VLOOKUP($B91,'1. 현장별 인원현황'!$C:$J,4,0)) -> 32세 | F91: =IF(VLOOKUP($B91,'1. 현장별 인원현황'!$C:$J,7,0)=0,"",VLOOKUP($B91,'1. 현장별 인원현황'!$C:$J,7,0)) -> 기능공 | G91: =IF(VLOOKUP($B91,'1. 현장별 인원현황'!$C:$J,8,0)=0,"",VLOOKUP($B91,'1. 현장별 인원현황'!$C:$J,8,0)) -> 전공 | I91: O | M91: O | Q91: O | V91: O | Y91: O | AB91: O | AF91: O | AK91: O | AN91: O | AR91: =SUMPRODUCT($H$5:$AQ$5,AV91:CE91) -> 82 | AS91: =IF(AR91>85,"S",IF(AR91>70,"A",IF(AR91>50,"B",IF(AR91>0,"C","")))) -> A | AV91: =IF(H91>0,1,0) -> 0 | AW91: =IF(I91>0,1,0) -> 1 | AX91: =IF(J91>0,1,0) -> 0 | AY91: =IF(K91>0,1,0) -> 0 | AZ91: =IF(L91>0,1,0) -> 0 | BA91: =IF(M91>0,1,0) -> 1 | BB91: =IF(N91>0,1,0) -> 0 | BC91: =IF(O91>0,1,0) -> 0 | ... CE91: =IF(AQ91>0,1,0) -> 0
A92: =MID(C92,3,1)&"팀" -> 1팀 | B92: =ROW()-6 -> 86 | C92: =IF(VLOOKUP($B92,'1. 현장별 인원현황'!$C:$J,2,0)=0,"",VLOOKUP($B92,'1. 현장별 인원현황'!$C:$J,2,0)) -> [1.라온건설] 덕소2구역 주택재개발 정비사업 | D92: =IF(VLOOKUP($B92,'1. 현장별 인원현황'!$C:$J,3,0)=0,"",VLOOKUP($B92,'1. 현장별 인원현황'!$C:$J,3,0)) -> 이영재 | E92: =IF(VLOOKUP($B92,'1. 현장별 인원현황'!$C:$J,4,0)=0,"",VLOOKUP($B92,'1. 현장별 인원현황'!$C:$J,4,0)) -> 29세 | F92: =IF(VLOOKUP($B92,'1. 현장별 인원현황'!$C:$J,7,0)=0,"",VLOOKUP($B92,'1. 현장별 인원현황'!$C:$J,7,0)) -> 기능공 | G92: =IF(VLOOKUP($B92,'1. 현장별 인원현황'!$C:$J,8,0)=0,"",VLOOKUP($B92,'1. 현장별 인원현황'!$C:$J,8,0)) -> 전공 | J92: O | M92: O | Q92: O | V92: O | Y92: O | AB92: O | AF92: O | AK92: O | AN92: O | AR92: =SUMPRODUCT($H$5:$AQ$5,AV92:CE92) -> 79 | AS92: =IF(AR92>85,"S",IF(AR92>70,"A",IF(AR92>50,"B",IF(AR92>0,"C","")))) -> A | AV92: =IF(H92>0,1,0) -> 0 | AW92: =IF(I92>0,1,0) -> 0 | AX92: =IF(J92>0,1,0) -> 1 | AY92: =IF(K92>0,1,0) -> 0 | AZ92: =IF(L92>0,1,0) -> 0 | BA92: =IF(M92>0,1,0) -> 1 | BB92: =IF(N92>0,1,0) -> 0 | BC92: =IF(O92>0,1,0) -> 0 | ... CE92: =IF(AQ92>0,1,0) -> 0
A93: =MID(C93,3,1)&"팀" -> 1팀 | B93: =ROW()-6 -> 87 | C93: =IF(VLOOKUP($B93,'1. 현장별 인원현황'!$C:$J,2,0)=0,"",VLOOKUP($B93,'1. 현장별 인원현황'!$C:$J,2,0)) -> [1.라온건설] 인천 신흥동3가 주상복합 | D93: =IF(VLOOKUP($B93,'1. 현장별 인원현황'!$C:$J,3,0)=0,"",VLOOKUP($B93,'1. 현장별 인원현황'!$C:$J,3,0)) -> 박승용 | E93: =IF(VLOOKUP($B93,'1. 현장별 인원현황'!$C:$J,4,0)=0,"",VLOOKUP($B93,'1. 현장별 인원현황'!$C:$J,4,0)) -> 37세 | F93: =IF(VLOOKUP($B93,'1. 현장별 인원현황'!$C:$J,7,0)=0,"",VLOOKUP($B93,'1. 현장별 인원현황'!$C:$J,7,0)) -> 공무 | G93: =IF(VLOOKUP($B93,'1. 현장별 인원현황'!$C:$J,8,0)=0,"",VLOOKUP($B93,'1. 현장별 인원현황'!$C:$J,8,0)) -> 과장 | I93: O | M93: O | P93: O | U93: O | X93: O | AB93: O | AF93: O | AJ93: O | AN93: O | AR93: =SUMPRODUCT($H$5:$AQ$5,AV93:CE93) -> 92 | AS93: =IF(AR93>85,"S",IF(AR93>70,"A",IF(AR93>50,"B",IF(AR93>0,"C","")))) -> S | AV93: =IF(H93>0,1,0) -> 0 | AW93: =IF(I93>0,1,0) -> 1 | AX93: =IF(J93>0,1,0) -> 0 | AY93: =IF(K93>0,1,0) -> 0 | AZ93: =IF(L93>0,1,0) -> 0 | BA93: =IF(M93>0,1,0) -> 1 | BB93: =IF(N93>0,1,0) -> 0 | BC93: =IF(O93>0,1,0) -> 0 | ... CE93: =IF(AQ93>0,1,0) -> 0
A94: =MID(C94,3,1)&"팀" -> 1팀 | B94: =ROW()-6 -> 88 | C94: =IF(VLOOKUP($B94,'1. 현장별 인원현황'!$C:$J,2,0)=0,"",VLOOKUP($B94,'1. 현장별 인원현황'!$C:$J,2,0)) -> [1.라온건설] 인천 신흥동3가 주상복합 | D94: =IF(VLOOKUP($B94,'1. 현장별 인원현황'!$C:$J,3,0)=0,"",VLOOKUP($B94,'1. 현장별 인원현황'!$C:$J,3,0)) -> 최재용 | E94: =IF(VLOOKUP($B94,'1. 현장별 인원현황'!$C:$J,4,0)=0,"",VLOOKUP($B94,'1. 현장별 인원현황'!$C:$J,4,0)) -> 49세 | F94: =IF(VLOOKUP($B94,'1. 현장별 인원현황'!$C:$J,7,0)=0,"",VLOOKUP($B94,'1. 현장별 인원현황'!$C:$J,7,0)) -> 공사 | G94: =IF(VLOOKUP($B94,'1. 현장별 인원현황'!$C:$J,8,0)=0,"",VLOOKUP($B94,'1. 현장별 인원현황'!$C:$J,8,0)) -> 차장 | H94: O | L94: O | P94: O | T94: O | X94: O | AB94: O | AF94: O | AJ94: O | AN94: O | AR94: =SUMPRODUCT($H$5:$AQ$5,AV94:CE94) -> 100 | AS94: =IF(AR94>85,"S",IF(AR94>70,"A",IF(AR94>50,"B",IF(AR94>0,"C","")))) -> S | AV94: =IF(H94>0,1,0) -> 1 | AW94: =IF(I94>0,1,0) -> 0 | AX94: =IF(J94>0,1,0) -> 0 | AY94: =IF(K94>0,1,0) -> 0 | AZ94: =IF(L94>0,1,0) -> 1 | BA94: =IF(M94>0,1,0) -> 0 | BB94: =IF(N94>0,1,0) -> 0 | BC94: =IF(O94>0,1,0) -> 0 | ... CE94: =IF(AQ94>0,1,0) -> 0
A95: =MID(C95,3,1)&"팀" -> 1팀 | B95: =ROW()-6 -> 89 | C95: =IF(VLOOKUP($B95,'1. 현장별 인원현황'!$C:$J,2,0)=0,"",VLOOKUP($B95,'1. 현장별 인원현황'!$C:$J,2,0)) -> [1.라온건설] 인천 신흥동3가 주상복합 | D95: =IF(VLOOKUP($B95,'1. 현장별 인원현황'!$C:$J,3,0)=0,"",VLOOKUP($B95,'1. 현장별 인원현황'!$C:$J,3,0)) -> 홍광표 | E95: =IF(VLOOKUP($B95,'1. 현장별 인원현황'!$C:$J,4,0)=0,"",VLOOKUP($B95,'1. 현장별 인원현황'!$C:$J,4,0)) -> 62세 | F95: =IF(VLOOKUP($B95,'1. 현장별 인원현황'!$C:$J,7,0)=0,"",VLOOKUP($B95,'1. 현장별 인원현황'!$C:$J,7,0)) -> 공무 | G95: =IF(VLOOKUP($B95,'1. 현장별 인원현황'!$C:$J,8,0)=0,"",VLOOKUP($B95,'1. 현장별 인원현황'!$C:$J,8,0)) -> 부장 | J95: O | M95: O | Q95: O | U95: O | X95: O | AB95: O | AG95: O | AK95: O | AN95: O | AR95: =SUMPRODUCT($H$5:$AQ$5,AV95:CE95) -> 81 | AS95: =IF(AR95>85,"S",IF(AR95>70,"A",IF(AR95>50,"B",IF(AR95>0,"C","")))) -> A | AV95: =IF(H95>0,1,0) -> 0 | AW95: =IF(I95>0,1,0) -> 0 | AX95: =IF(J95>0,1,0) -> 1 | AY95: =IF(K95>0,1,0) -> 0 | AZ95: =IF(L95>0,1,0) -> 0 | BA95: =IF(M95>0,1,0) -> 1 | BB95: =IF(N95>0,1,0) -> 0 | BC95: =IF(O95>0,1,0) -> 0 | ... CE95: =IF(AQ95>0,1,0) -> 0
A96: =MID(C96,3,1)&"팀" -> 1팀 | B96: =ROW()-6 -> 90 | C96: =IF(VLOOKUP($B96,'1. 현장별 인원현황'!$C:$J,2,0)=0,"",VLOOKUP($B96,'1. 현장별 인원현황'!$C:$J,2,0)) -> [1.라온건설] 인천 신흥동3가 주상복합 | D96: =IF(VLOOKUP($B96,'1. 현장별 인원현황'!$C:$J,3,0)=0,"",VLOOKUP($B96,'1. 현장별 인원현황'!$C:$J,3,0)) -> 신하영 | E96: =IF(VLOOKUP($B96,'1. 현장별 인원현황'!$C:$J,4,0)=0,"",VLOOKUP($B96,'1. 현장별 인원현황'!$C:$J,4,0)) -> 57세 | F96: =IF(VLOOKUP($B96,'1. 현장별 인원현황'!$C:$J,7,0)=0,"",VLOOKUP($B96,'1. 현장별 인원현황'!$C:$J,7,0)) -> 기능공 | G96: =IF(VLOOKUP($B96,'1. 현장별 인원현황'!$C:$J,8,0)=0,"",VLOOKUP($B96,'1. 현장별 인원현황'!$C:$J,8,0)) -> 전공 | H96: O | M96: O | Q96: O | U96: O | Y96: O | AB96: O | AG96: O | AK96: O | AN96: O | AR96: =SUMPRODUCT($H$5:$AQ$5,AV96:CE96) -> 85 | AS96: =IF(AR96>85,"S",IF(AR96>70,"A",IF(AR96>50,"B",IF(AR96>0,"C","")))) -> A | AV96: =IF(H96>0,1,0) -> 1 | AW96: =IF(I96>0,1,0) -> 0 | AX96: =IF(J96>0,1,0) -> 0 | AY96: =IF(K96>0,1,0) -> 0 | AZ96: =IF(L96>0,1,0) -> 0 | BA96: =IF(M96>0,1,0) -> 1 | BB96: =IF(N96>0,1,0) -> 0 | BC96: =IF(O96>0,1,0) -> 0 | ... CE96: =IF(AQ96>0,1,0) -> 0
A97: =MID(C97,3,1)&"팀" -> 1팀 | B97: =ROW()-6 -> 91 | C97: =IF(VLOOKUP($B97,'1. 현장별 인원현황'!$C:$J,2,0)=0,"",VLOOKUP($B97,'1. 현장별 인원현황'!$C:$J,2,0)) -> [1.라온건설] 인천 신흥동3가 주상복합 | D97: =IF(VLOOKUP($B97,'1. 현장별 인원현황'!$C:$J,3,0)=0,"",VLOOKUP($B97,'1. 현장별 인원현황'!$C:$J,3,0)) -> 박순걸 | E97: =IF(VLOOKUP($B97,'1. 현장별 인원현황'!$C:$J,4,0)=0,"",VLOOKUP($B97,'1. 현장별 인원현황'!$C:$J,4,0)) -> 57세 | F97: =IF(VLOOKUP($B97,'1. 현장별 인원현황'!$C:$J,7,0)=0,"",VLOOKUP($B97,'1. 현장별 인원현황'!$C:$J,7,0)) -> 기능공 | G97: =IF(VLOOKUP($B97,'1. 현장별 인원현황'!$C:$J,8,0)=0,"",VLOOKUP($B97,'1. 현장별 인원현황'!$C:$J,8,0)) -> 전공 | I97: O | M97: O | P97: O | T97: O | Y97: O | AB97: O | AF97: O | AJ97: O | AN97: O | AR97: =SUMPRODUCT($H$5:$AQ$5,AV97:CE97) -> 92 | AS97: =IF(AR97>85,"S",IF(AR97>70,"A",IF(AR97>50,"B",IF(AR97>0,"C","")))) -> S | AV97: =IF(H97>0,1,0) -> 0 | AW97: =IF(I97>0,1,0) -> 1 | AX97: =IF(J97>0,1,0) -> 0 | AY97: =IF(K97>0,1,0) -> 0 | AZ97: =IF(L97>0,1,0) -> 0 | BA97: =IF(M97>0,1,0) -> 1 | BB97: =IF(N97>0,1,0) -> 0 | BC97: =IF(O97>0,1,0) -> 0 | ... CE97: =IF(AQ97>0,1,0) -> 0
A98: =MID(C98,3,1)&"팀" -> 1팀 | B98: =ROW()-6 -> 92 | C98: =IF(VLOOKUP($B98,'1. 현장별 인원현황'!$C:$J,2,0)=0,"",VLOOKUP($B98,'1. 현장별 인원현황'!$C:$J,2,0)) -> [1.라온건설] 인천 신흥동3가 주상복합 | D98: =IF(VLOOKUP($B98,'1. 현장별 인원현황'!$C:$J,3,0)=0,"",VLOOKUP($B98,'1. 현장별 인원현황'!$C:$J,3,0)) -> 박연민 | E98: =IF(VLOOKUP($B98,'1. 현장별 인원현황'!$C:$J,4,0)=0,"",VLOOKUP($B98,'1. 현장별 인원현황'!$C:$J,4,0)) -> 48세 | F98: =IF(VLOOKUP($B98,'1. 현장별 인원현황'!$C:$J,7,0)=0,"",VLOOKUP($B98,'1. 현장별 인원현황'!$C:$J,7,0)) -> 기능공 | G98: =IF(VLOOKUP($B98,'1. 현장별 인원현황'!$C:$J,8,0)=0,"",VLOOKUP($B98,'1. 현장별 인원현황'!$C:$J,8,0)) -> 전공 | I98: O | L98: O | P98: O | T98: O | X98: O | AB98: O | AG98: O | AK98: O | AN98: O | AR98: =SUMPRODUCT($H$5:$AQ$5,AV98:CE98) -> 92 | AS98: =IF(AR98>85,"S",IF(AR98>70,"A",IF(AR98>50,"B",IF(AR98>0,"C","")))) -> S | AV98: =IF(H98>0,1,0) -> 0 | AW98: =IF(I98>0,1,0) -> 1 | AX98: =IF(J98>0,1,0) -> 0 | AY98: =IF(K98>0,1,0) -> 0 | AZ98: =IF(L98>0,1,0) -> 1 | BA98: =IF(M98>0,1,0) -> 0 | BB98: =IF(N98>0,1,0) -> 0 | BC98: =IF(O98>0,1,0) -> 0 | ... CE98: =IF(AQ98>0,1,0) -> 0
A99: =MID(C99,3,1)&"팀" -> 1팀 | B99: =ROW()-6 -> 93 | C99: =IF(VLOOKUP($B99,'1. 현장별 인원현황'!$C:$J,2,0)=0,"",VLOOKUP($B99,'1. 현장별 인원현황'!$C:$J,2,0)) -> [1.라온건설] 인천 신흥동3가 주상복합 | D99: =IF(VLOOKUP($B99,'1. 현장별 인원현황'!$C:$J,3,0)=0,"",VLOOKUP($B99,'1. 현장별 인원현황'!$C:$J,3,0)) -> 고석출 | E99: =IF(VLOOKUP($B99,'1. 현장별 인원현황'!$C:$J,4,0)=0,"",VLOOKUP($B99,'1. 현장별 인원현황'!$C:$J,4,0)) -> 66세 | F99: =IF(VLOOKUP($B99,'1. 현장별 인원현황'!$C:$J,7,0)=0,"",VLOOKUP($B99,'1. 현장별 인원현황'!$C:$J,7,0)) -> 기능공 | G99: =IF(VLOOKUP($B99,'1. 현장별 인원현황'!$C:$J,8,0)=0,"",VLOOKUP($B99,'1. 현장별 인원현황'!$C:$J,8,0)) -> 전공 | I99: O | M99: O | Q99: O | U99: O | X99: O | AB99: O | AG99: O | AJ99: O | AN99: O | AR99: =SUMPRODUCT($H$5:$AQ$5,AV99:CE99) -> 87 | AS99: =IF(AR99>85,"S",IF(AR99>70,"A",IF(AR99>50,"B",IF(AR99>0,"C","")))) -> S | AV99: =IF(H99>0,1,0) -> 0 | AW99: =IF(I99>0,1,0) -> 1 | AX99: =IF(J99>0,1,0) -> 0 | AY99: =IF(K99>0,1,0) -> 0 | AZ99: =IF(L99>0,1,0) -> 0 | BA99: =IF(M99>0,1,0) -> 1 | BB99: =IF(N99>0,1,0) -> 0 | BC99: =IF(O99>0,1,0) -> 0 | ... CE99: =IF(AQ99>0,1,0) -> 0
A100: =MID(C100,3,1)&"팀" -> 1팀 | B100: =ROW()-6 -> 94 | C100: =IF(VLOOKUP($B100,'1. 현장별 인원현황'!$C:$J,2,0)=0,"",VLOOKUP($B100,'1. 현장별 인원현황'!$C:$J,2,0)) -> [1.라온건설] 인천 신흥동3가 주상복합 | D100: =IF(VLOOKUP($B100,'1. 현장별 인원현황'!$C:$J,3,0)=0,"",VLOOKUP($B100,'1. 현장별 인원현황'!$C:$J,3,0)) -> 홍철군 | E100: =IF(VLOOKUP($B100,'1. 현장별 인원현황'!$C:$J,4,0)=0,"",VLOOKUP($B100,'1. 현장별 인원현황'!$C:$J,4,0)) -> 38세 | F100: =IF(VLOOKUP($B100,'1. 현장별 인원현황'!$C:$J,7,0)=0,"",VLOOKUP($B100,'1. 현장별 인원현황'!$C:$J,7,0)) -> 기능공 | G100: =IF(VLOOKUP($B100,'1. 현장별 인원현황'!$C:$J,8,0)=0,"",VLOOKUP($B100,'1. 현장별 인원현황'!$C:$J,8,0)) -> 조공 | I100: O | L100: O | P100: O | V100: O | X100: O | AB100: O | AF100: O | AJ100: O | AN100: O | AR100: =SUMPRODUCT($H$5:$AQ$5,AV100:CE100) -> 93 | AS100: =IF(AR100>85,"S",IF(AR100>70,"A",IF(AR100>50,"B",IF(AR100>0,"C","")))) -> S | AV100: =IF(H100>0,1,0) -> 0 | AW100: =IF(I100>0,1,0) -> 1 | AX100: =IF(J100>0,1,0) -> 0 | AY100: =IF(K100>0,1,0) -> 0 | AZ100: =IF(L100>0,1,0) -> 1 | BA100: =IF(M100>0,1,0) -> 0 | BB100: =IF(N100>0,1,0) -> 0 | BC100: =IF(O100>0,1,0) -> 0 | ... CE100: =IF(AQ100>0,1,0) -> 0
A101: =MID(C101,3,1)&"팀" -> 1팀 | B101: =ROW()-6 -> 95 | C101: =IF(VLOOKUP($B101,'1. 현장별 인원현황'!$C:$J,2,0)=0,"",VLOOKUP($B101,'1. 현장별 인원현황'!$C:$J,2,0)) -> [1.라온건설] 인천 신흥동3가 주상복합 | D101: =IF(VLOOKUP($B101,'1. 현장별 인원현황'!$C:$J,3,0)=0,"",VLOOKUP($B101,'1. 현장별 인원현황'!$C:$J,3,0)) -> 강진모 | E101: =IF(VLOOKUP($B101,'1. 현장별 인원현황'!$C:$J,4,0)=0,"",VLOOKUP($B101,'1. 현장별 인원현황'!$C:$J,4,0)) -> 31세 | F101: =IF(VLOOKUP($B101,'1. 현장별 인원현황'!$C:$J,7,0)=0,"",VLOOKUP($B101,'1. 현장별 인원현황'!$C:$J,7,0)) -> 기능공 | G101: =IF(VLOOKUP($B101,'1. 현장별 인원현황'!$C:$J,8,0)=0,"",VLOOKUP($B101,'1. 현장별 인원현황'!$C:$J,8,0)) -> 조공 | J101: O | M101: O | P101: O | V101: O | X101: O | AB101: O | AF101: O | AJ101: O | AN101: O | AR101: =SUMPRODUCT($H$5:$AQ$5,AV101:CE101) -> 87 | AS101: =IF(AR101>85,"S",IF(AR101>70,"A",IF(AR101>50,"B",IF(AR101>0,"C","")))) -> S | AV101: =IF(H101>0,1,0) -> 0 | AW101: =IF(I101>0,1,0) -> 0 | AX101: =IF(J101>0,1,0) -> 1 | AY101: =IF(K101>0,1,0) -> 0 | AZ101: =IF(L101>0,1,0) -> 0 | BA101: =IF(M101>0,1,0) -> 1 | BB101: =IF(N101>0,1,0) -> 0 | BC101: =IF(O101>0,1,0) -> 0 | ... CE101: =IF(AQ101>0,1,0) -> 0
...

Sheet 2-2. 인사고과표(안전)
B1: 현장 사원 인사고과표 - 안전
B2: 순번 | C2: 현장명 | D2: 이름 | E2: 생년월일 | F2: 직급 | G2: 직급 | H2: 안전의식 | AB2: 정리정돈 | AN2: 점수 | AO2: 등급
H3: TBM 참석 | L3: 도급사 안전활동 참여 및 포상 | P3: 개인보호구 착용 | T3: 기본 공도구 관리 | X3: 입수보행, 핸드폰보행, 이어폰작업 | AB3: 지정장소 흡연 | AF3: 작업 후 정리정돈 | AJ3: 근태기록, 퇴직공제부금, 무사고일지
H4: 우수 | I4: 보통 | J4: 부족 | K4: 문제 | L4: 우수 | M4: 보통 | N4: 부족 | O4: 문제 | P4: 우수 | Q4: 보통 | R4: 부족 | S4: 문제 | T4: 우수 | U4: 보통 | V4: 부족 | W4: 문제 | X4: 우수 | Y4: 보통 | Z4: 부족 | AA4: 문제 | AB4: 우수 | AC4: 보통 | AD4: 부족 | AE4: 문제 | AF4: 우수 | AG4: 보통 | AH4: 부족 | AI4: 문제 | AJ4: 우수 | AK4: 보통 | AL4: 부족 | AM4: 문제
H5: 15 | I5: 11 | J5: 7 | K5: 3 | L5: 15 | M5: 11 | N5: 7 | O5: 3 | P5: 15 | Q5: 11 | R5: 7 | S5: 3 | T5: 15 | U5: 11 | V5: 7 | W5: 3 | X5: 15 | Y5: 11 | Z5: 7 | AA5: 3 | AB5: 5 | AC5: 3 | AD5: 2 | AE5: 1 | AF5: 10 | AG5: 7 | AH5: 4 | AI5: 1 | AJ5: 10 | AK5: 7 | AL5: 4 | AM5: 1
A7: =MID(C7,3,1)&"팀" -> 1팀 | B7: =ROW()-6 -> 1 | C7: =IF(VLOOKUP($B7,'1. 현장별 인원현황'!$C:$J,2,0)=0,"",VLOOKUP($B7,'1. 현장별 인원현황'!$C:$J,2,0)) -> [1.DL건설] 전도관구역 주택재개발 정비사업조합(01공구) | D7: =IF(VLOOKUP($B7,'1. 현장별 인원현황'!$C:$J,3,0)=0,"",VLOOKUP($B7,'1. 현장별 인원현황'!$C:$J,3,0)) -> 강민 | E7: =IF(VLOOKUP($B7,'1. 현장별 인원현황'!$C:$J,4,0)=0,"",VLOOKUP($B7,'1. 현장별 인원현황'!$C:$J,4,0)) -> 37세 | F7: =IF(VLOOKUP($B7,'1. 현장별 인원현황'!$C:$J,7,0)=0,"",VLOOKUP($B7,'1. 현장별 인원현황'!$C:$J,7,0)) -> 공무 | G7: =IF(VLOOKUP($B7,'1. 현장별 인원현황'!$C:$J,8,0)=0,"",VLOOKUP($B7,'1. 현장별 인원현황'!$C:$J,8,0)) -> 과장 | H7: O | L7: O | P7: O | T7: O | X7: O | AB7: O | AF7: O | AJ7: O | AN7: =SUMPRODUCT($H$5:$AM$5,AR7:BW7) -> 100 | AO7: =IF(AN7>85,"S",IF(AN7>70,"A",IF(AN7>50,"B",IF(AN7>0,"C","")))) -> S | AR7: =IF(H7>0,1,0) -> 1 | AS7: =IF(I7>0,1,0) -> 0 | AT7: =IF(J7>0,1,0) -> 0 | AU7: =IF(K7>0,1,0) -> 0 | AV7: =IF(L7>0,1,0) -> 1 | AW7: =IF(M7>0,1,0) -> 0 | AX7: =IF(N7>0,1,0) -> 0 | AY7: =IF(O7>0,1,0) -> 0 | ... BW7: =IF(AM7>0,1,0) -> 0
A8: =MID(C8,3,1)&"팀" -> 1팀 | B8: =ROW()-6 -> 2 | C8: =IF(VLOOKUP($B8,'1. 현장별 인원현황'!$C:$J,2,0)=0,"",VLOOKUP($B8,'1. 현장별 인원현황'!$C:$J,2,0)) -> [1.DL건설] 전도관구역 주택재개발 정비사업조합(01공구) | D8: =IF(VLOOKUP($B8,'1. 현장별 인원현황'!$C:$J,3,0)=0,"",VLOOKUP($B8,'1. 현장별 인원현황'!$C:$J,3,0)) -> 오재욱 | E8: =IF(VLOOKUP($B8,'1. 현장별 인원현황'!$C:$J,4,0)=0,"",VLOOKUP($B8,'1. 현장별 인원현황'!$C:$J,4,0)) -> 32세 | F8: =IF(VLOOKUP($B8,'1. 현장별 인원현황'!$C:$J,7,0)=0,"",VLOOKUP($B8,'1. 현장별 인원현황'!$C:$J,7,0)) -> 안전관리자 | G8: =IF(VLOOKUP($B8,'1. 현장별 인원현황'!$C:$J,8,0)=0,"",VLOOKUP($B8,'1. 현장별 인원현황'!$C:$J,8,0)) -> 대리 | H8: O | L8: O | P8: O | U8: O | X8: O | AB8: O | AG8: O | AJ8: O | AN8: =SUMPRODUCT($H$5:$AM$5,AR8:BW8) -> 93 | AO8: =IF(AN8>85,"S",IF(AN8>70,"A",IF(AN8>50,"B",IF(AN8>0,"C","")))) -> S | AR8: =IF(H8>0,1,0) -> 1 | AS8: =IF(I8>0,1,0) -> 0 | AT8: =IF(J8>0,1,0) -> 0 | AU8: =IF(K8>0,1,0) -> 0 | AV8: =IF(L8>0,1,0) -> 1 | AW8: =IF(M8>0,1,0) -> 0 | AX8: =IF(N8>0,1,0) -> 0 | AY8: =IF(O8>0,1,0) -> 0 | ... BW8: =IF(AM8>0,1,0) -> 0
A9: =MID(C9,3,1)&"팀" -> 1팀 | B9: =ROW()-6 -> 3 | C9: =IF(VLOOKUP($B9,'1. 현장별 인원현황'!$C:$J,2,0)=0,"",VLOOKUP($B9,'1. 현장별 인원현황'!$C:$J,2,0)) -> [1.DL건설] 전도관구역 주택재개발 정비사업조합(01공구) | D9: =IF(VLOOKUP($B9,'1. 현장별 인원현황'!$C:$J,3,0)=0,"",VLOOKUP($B9,'1. 현장별 인원현황'!$C:$J,3,0)) -> 조경호 | E9: =IF(VLOOKUP($B9,'1. 현장별 인원현황'!$C:$J,4,0)=0,"",VLOOKUP($B9,'1. 현장별 인원현황'!$C:$J,4,0)) -> 57세 | F9: =IF(VLOOKUP($B9,'1. 현장별 인원현황'!$C:$J,7,0)=0,"",VLOOKUP($B9,'1. 현장별 인원현황'!$C:$J,7,0)) -> 공사 | G9: =IF(VLOOKUP($B9,'1. 현장별 인원현황'!$C:$J,8,0)=0,"",VLOOKUP($B9,'1. 현장별 인원현황'!$C:$J,8,0)) -> 차장 | H9: O | L9: O | P9: O | T9: O | X9: O | AB9: O | AF9: O | AJ9: O | AN9: =SUMPRODUCT($H$5:$AM$5,AR9:BW9) -> 100 | AO9: =IF(AN9>85,"S",IF(AN9>70,"A",IF(AN9>50,"B",IF(AN9>0,"C","")))) -> S | AR9: =IF(H9>0,1,0) -> 1 | AS9: =IF(I9>0,1,0) -> 0 | AT9: =IF(J9>0,1,0) -> 0 | AU9: =IF(K9>0,1,0) -> 0 | AV9: =IF(L9>0,1,0) -> 1 | AW9: =IF(M9>0,1,0) -> 0 | AX9: =IF(N9>0,1,0) -> 0 | AY9: =IF(O9>0,1,0) -> 0 | ... BW9: =IF(AM9>0,1,0) -> 0
A10: =MID(C10,3,1)&"팀" -> 1팀 | B10: =ROW()-6 -> 4 | C10: =IF(VLOOKUP($B10,'1. 현장별 인원현황'!$C:$J,2,0)=0,"",VLOOKUP($B10,'1. 현장별 인원현황'!$C:$J,2,0)) -> [1.DL건설] 전도관구역 주택재개발 정비사업조합(01공구) | D10: =IF(VLOOKUP($B10,'1. 현장별 인원현황'!$C:$J,3,0)=0,"",VLOOKUP($B10,'1. 현장별 인원현황'!$C:$J,3,0)) -> 남춘섭 | E10: =IF(VLOOKUP($B10,'1. 현장별 인원현황'!$C:$J,4,0)=0,"",VLOOKUP($B10,'1. 현장별 인원현황'!$C:$J,4,0)) -> 62세 | F10: =IF(VLOOKUP($B10,'1. 현장별 인원현황'!$C:$J,7,0)=0,"",VLOOKUP($B10,'1. 현장별 인원현황'!$C:$J,7,0)) -> 공사 | G10: =IF(VLOOKUP($B10,'1. 현장별 인원현황'!$C:$J,8,0)=0,"",VLOOKUP($B10,'1. 현장별 인원현황'!$C:$J,8,0)) -> 과장 | H10: O | L10: O | P10: O | U10: O | X10: O | AB10: O | AG10: O | AJ10: O | AN10: =SUMPRODUCT($H$5:$AM$5,AR10:BW10) -> 93 | AO10: =IF(AN10>85,"S",IF(AN10>70,"A",IF(AN10>50,"B",IF(AN10>0,"C","")))) -> S | AR10: =IF(H10>0,1,0) -> 1 | AS10: =IF(I10>0,1,0) -> 0 | AT10: =IF(J10>0,1,0) -> 0 | AU10: =IF(K10>0,1,0) -> 0 | AV10: =IF(L10>0,1,0) -> 1 | AW10: =IF(M10>0,1,0) -> 0 | AX10: =IF(N10>0,1,0) -> 0 | AY10: =IF(O10>0,1,0) -> 0 | ... BW10: =IF(AM10>0,1,0) -> 0
A11: =MID(C11,3,1)&"팀" -> 1팀 | B11: =ROW()-6 -> 5 | C11: =IF(VLOOKUP($B11,'1. 현장별 인원현황'!$C:$J,2,0)=0,"",VLOOKUP($B11,'1. 현장별 인원현황'!$C:$J,2,0)) -> [1.DL건설] 전도관구역 주택재개발 정비사업조합(01공구) | D11: =IF(VLOOKUP($B11,'1. 현장별 인원현황'!$C:$J,3,0)=0,"",VLOOKUP($B11,'1. 현장별 인원현황'!$C:$J,3,0)) -> 김옥수 | E11: =IF(VLOOKUP($B11,'1. 현장별 인원현황'!$C:$J,4,0)=0,"",VLOOKUP($B11,'1. 현장별 인원현황'!$C:$J,4,0)) -> 57세 | F11: =IF(VLOOKUP($B11,'1. 현장별 인원현황'!$C:$J,7,0)=0,"",VLOOKUP($B11,'1. 현장별 인원현황'!$C:$J,7,0)) -> 기능공 | G11: =IF(VLOOKUP($B11,'1. 현장별 인원현황'!$C:$J,8,0)=0,"",VLOOKUP($B11,'1. 현장별 인원현황'!$C:$J,8,0)) -> 전공 | H11: O | L11: O | P11: O | U11: O | X11: O | AB11: O | AG11: O | AJ11: O | AN11: =SUMPRODUCT($H$5:$AM$5,AR11:BW11) -> 93 | AO11: =IF(AN11>85,"S",IF(AN11>70,"A",IF(AN11>50,"B",IF(AN11>0,"C","")))) -> S | AR11: =IF(H11>0,1,0) -> 1 | AS11: =IF(I11>0,1,0) -> 0 | AT11: =IF(J11>0,1,0) -> 0 | AU11: =IF(K11>0,1,0) -> 0 | AV11: =IF(L11>0,1,0) -> 1 | AW11: =IF(M11>0,1,0) -> 0 | AX11: =IF(N11>0,1,0) -> 0 | AY11: =IF(O11>0,1,0) -> 0 | ... BW11: =IF(AM11>0,1,0) -> 0
A12: =MID(C12,3,1)&"팀" -> 1팀 | B12: =ROW()-6 -> 6 | C12: =IF(VLOOKUP($B12,'1. 현장별 인원현황'!$C:$J,2,0)=0,"",VLOOKUP($B12,'1. 현장별 인원현황'!$C:$J,2,0)) -> [1.DL건설] 전도관구역 주택재개발 정비사업조합(01공구) | D12: =IF(VLOOKUP($B12,'1. 현장별 인원현황'!$C:$J,3,0)=0,"",VLOOKUP($B12,'1. 현장별 인원현황'!$C:$J,3,0)) -> 박예만 | E12: =IF(VLOOKUP($B12,'1. 현장별 인원현황'!$C:$J,4,0)=0,"",VLOOKUP($B12,'1. 현장별 인원현황'!$C:$J,4,0)) -> 37세 | F12: =IF(VLOOKUP($B12,'1. 현장별 인원현황'!$C:$J,7,0)=0,"",VLOOKUP($B12,'1. 현장별 인원현황'!$C:$J,7,0)) -> 기능공 | G12: =IF(VLOOKUP($B12,'1. 현장별 인원현황'!$C:$J,8,0)=0,"",VLOOKUP($B12,'1. 현장별 인원현황'!$C:$J,8,0)) -> 전공 | H12: O | L12: O | P12: O | U12: O | X12: O | AB12: O | AG12: O | AJ12: O | AN12: =SUMPRODUCT($H$5:$AM$5,AR12:BW12) -> 93 | AO12: =IF(AN12>85,"S",IF(AN12>70,"A",IF(AN12>50,"B",IF(AN12>0,"C","")))) -> S | AR12: =IF(H12>0,1,0) -> 1 | AS12: =IF(I12>0,1,0) -> 0 | AT12: =IF(J12>0,1,0) -> 0 | AU12: =IF(K12>0,1,0) -> 0 | AV12: =IF(L12>0,1,0) -> 1 | AW12: =IF(M12>0,1,0) -> 0 | AX12: =IF(N12>0,1,0) -> 0 | AY12: =IF(O12>0,1,0) -> 0 | ... BW12: =IF(AM12>0,1,0) -> 0
A13: =MID(C13,3,1)&"팀" -> 1팀 | B13: =ROW()-6 -> 7 | C13: =IF(VLOOKUP($B13,'1. 현장별 인원현황'!$C:$J,2,0)=0,"",VLOOKUP($B13,'1. 현장별 인원현황'!$C:$J,2,0)) -> [1.DL건설] 전도관구역 주택재개발 정비사업조합(01공구) | D13: =IF(VLOOKUP($B13,'1. 현장별 인원현황'!$C:$J,3,0)=0,"",VLOOKUP($B13,'1. 현장별 인원현황'!$C:$J,3,0)) -> 유동민 | E13: =IF(VLOOKUP($B13,'1. 현장별 인원현황'!$C:$J,4,0)=0,"",VLOOKUP($B13,'1. 현장별 인원현황'!$C:$J,4,0)) -> 54세 | F13: =IF(VLOOKUP($B13,'1. 현장별 인원현황'!$C:$J,7,0)=0,"",VLOOKUP($B13,'1. 현장별 인원현황'!$C:$J,7,0)) -> 기능공 | G13: =IF(VLOOKUP($B13,'1. 현장별 인원현황'!$C:$J,8,0)=0,"",VLOOKUP($B13,'1. 현장별 인원현황'!$C:$J,8,0)) -> 전공 | H13: O | L13: O | P13: O | U13: O | X13: O | AB13: O | AG13: O | AJ13: O | AN13: =SUMPRODUCT($H$5:$AM$5,AR13:BW13) -> 93 | AO13: =IF(AN13>85,"S",IF(AN13>70,"A",IF(AN13>50,"B",IF(AN13>0,"C","")))) -> S | AR13: =IF(H13>0,1,0) -> 1 | AS13: =IF(I13>0,1,0) -> 0 | AT13: =IF(J13>0,1,0) -> 0 | AU13: =IF(K13>0,1,0) -> 0 | AV13: =IF(L13>0,1,0) -> 1 | AW13: =IF(M13>0,1,0) -> 0 | AX13: =IF(N13>0,1,0) -> 0 | AY13: =IF(O13>0,1,0) -> 0 | ... BW13: =IF(AM13>0,1,0) -> 0
A14: =MID(C14,3,1)&"팀" -> 1팀 | B14: =ROW()-6 -> 8 | C14: =IF(VLOOKUP($B14,'1. 현장별 인원현황'!$C:$J,2,0)=0,"",VLOOKUP($B14,'1. 현장별 인원현황'!$C:$J,2,0)) -> [1.DL건설] 전도관구역 주택재개발 정비사업조합(01공구) | D14: =IF(VLOOKUP($B14,'1. 현장별 인원현황'!$C:$J,3,0)=0,"",VLOOKUP($B14,'1. 현장별 인원현황'!$C:$J,3,0)) -> 윤효상 | E14: =IF(VLOOKUP($B14,'1. 현장별 인원현황'!$C:$J,4,0)=0,"",VLOOKUP($B14,'1. 현장별 인원현황'!$C:$J,4,0)) -> 56세 | F14: =IF(VLOOKUP($B14,'1. 현장별 인원현황'!$C:$J,7,0)=0,"",VLOOKUP($B14,'1. 현장별 인원현황'!$C:$J,7,0)) -> 기능공 | G14: =IF(VLOOKUP($B14,'1. 현장별 인원현황'!$C:$J,8,0)=0,"",VLOOKUP($B14,'1. 현장별 인원현황'!$C:$J,8,0)) -> 전공 | H14: O | L14: O | P14: O | U14: O | X14: O | AB14: O | AG14: O | AJ14: O | AN14: =SUMPRODUCT($H$5:$AM$5,AR14:BW14) -> 93 | AO14: =IF(AN14>85,"S",IF(AN14>70,"A",IF(AN14>50,"B",IF(AN14>0,"C","")))) -> S | AR14: =IF(H14>0,1,0) -> 1 | AS14: =IF(I14>0,1,0) -> 0 | AT14: =IF(J14>0,1,0) -> 0 | AU14: =IF(K14>0,1,0) -> 0 | AV14: =IF(L14>0,1,0) -> 1 | AW14: =IF(M14>0,1,0) -> 0 | AX14: =IF(N14>0,1,0) -> 0 | AY14: =IF(O14>0,1,0) -> 0 | ... BW14: =IF(AM14>0,1,0) -> 0
A15: =MID(C15,3,1)&"팀" -> 1팀 | B15: =ROW()-6 -> 9 | C15: =IF(VLOOKUP($B15,'1. 현장별 인원현황'!$C:$J,2,0)=0,"",VLOOKUP($B15,'1. 현장별 인원현황'!$C:$J,2,0)) -> [1.DL건설] 전도관구역 주택재개발 정비사업조합(01공구) | D15: =IF(VLOOKUP($B15,'1. 현장별 인원현황'!$C:$J,3,0)=0,"",VLOOKUP($B15,'1. 현장별 인원현황'!$C:$J,3,0)) -> 이봉운 | E15: =IF(VLOOKUP($B15,'1. 현장별 인원현황'!$C:$J,4,0)=0,"",VLOOKUP($B15,'1. 현장별 인원현황'!$C:$J,4,0)) -> 44세 | F15: =IF(VLOOKUP($B15,'1. 현장별 인원현황'!$C:$J,7,0)=0,"",VLOOKUP($B15,'1. 현장별 인원현황'!$C:$J,7,0)) -> 기능공 | G15: =IF(VLOOKUP($B15,'1. 현장별 인원현황'!$C:$J,8,0)=0,"",VLOOKUP($B15,'1. 현장별 인원현황'!$C:$J,8,0)) -> 전공 | H15: O | L15: O | P15: O | U15: O | X15: O | AB15: O | AG15: O | AJ15: O | AN15: =SUMPRODUCT($H$5:$AM$5,AR15:BW15) -> 93 | AO15: =IF(AN15>85,"S",IF(AN15>70,"A",IF(AN15>50,"B",IF(AN15>0,"C","")))) -> S | AR15: =IF(H15>0,1,0) -> 1 | AS15: =IF(I15>0,1,0) -> 0 | AT15: =IF(J15>0,1,0) -> 0 | AU15: =IF(K15>0,1,0) -> 0 | AV15: =IF(L15>0,1,0) -> 1 | AW15: =IF(M15>0,1,0) -> 0 | AX15: =IF(N15>0,1,0) -> 0 | AY15: =IF(O15>0,1,0) -> 0 | ... BW15: =IF(AM15>0,1,0) -> 0
A16: =MID(C16,3,1)&"팀" -> 1팀 | B16: =ROW()-6 -> 10 | C16: =IF(VLOOKUP($B16,'1. 현장별 인원현황'!$C:$J,2,0)=0,"",VLOOKUP($B16,'1. 현장별 인원현황'!$C:$J,2,0)) -> [1.DL건설] 전도관구역 주택재개발 정비사업조합(01공구) | D16: =IF(VLOOKUP($B16,'1. 현장별 인원현황'!$C:$J,3,0)=0,"",VLOOKUP($B16,'1. 현장별 인원현황'!$C:$J,3,0)) -> 이상열 | E16: =IF(VLOOKUP($B16,'1. 현장별 인원현황'!$C:$J,4,0)=0,"",VLOOKUP($B16,'1. 현장별 인원현황'!$C:$J,4,0)) -> 53세 | F16: =IF(VLOOKUP($B16,'1. 현장별 인원현황'!$C:$J,7,0)=0,"",VLOOKUP($B16,'1. 현장별 인원현황'!$C:$J,7,0)) -> 기능공 | G16: =IF(VLOOKUP($B16,'1. 현장별 인원현황'!$C:$J,8,0)=0,"",VLOOKUP($B16,'1. 현장별 인원현황'!$C:$J,8,0)) -> 전공 | H16: O | L16: O | P16: O | T16: O | X16: O | AB16: O | AF16: O | AJ16: O | AN16: =SUMPRODUCT($H$5:$AM$5,AR16:BW16) -> 100 | AO16: =IF(AN16>85,"S",IF(AN16>70,"A",IF(AN16>50,"B",IF(AN16>0,"C","")))) -> S | AR16: =IF(H16>0,1,0) -> 1 | AS16: =IF(I16>0,1,0) -> 0 | AT16: =IF(J16>0,1,0) -> 0 | AU16: =IF(K16>0,1,0) -> 0 | AV16: =IF(L16>0,1,0) -> 1 | AW16: =IF(M16>0,1,0) -> 0 | AX16: =IF(N16>0,1,0) -> 0 | AY16: =IF(O16>0,1,0) -> 0 | ... BW16: =IF(AM16>0,1,0) -> 0
A17: =MID(C17,3,1)&"팀" -> 1팀 | B17: =ROW()-6 -> 11 | C17: =IF(VLOOKUP($B17,'1. 현장별 인원현황'!$C:$J,2,0)=0,"",VLOOKUP($B17,'1. 현장별 인원현황'!$C:$J,2,0)) -> [1.DL건설] 전도관구역 주택재개발 정비사업조합(01공구) | D17: =IF(VLOOKUP($B17,'1. 현장별 인원현황'!$C:$J,3,0)=0,"",VLOOKUP($B17,'1. 현장별 인원현황'!$C:$J,3,0)) -> 이후승 | E17: =IF(VLOOKUP($B17,'1. 현장별 인원현황'!$C:$J,4,0)=0,"",VLOOKUP($B17,'1. 현장별 인원현황'!$C:$J,4,0)) -> 27세 | F17: =IF(VLOOKUP($B17,'1. 현장별 인원현황'!$C:$J,7,0)=0,"",VLOOKUP($B17,'1. 현장별 인원현황'!$C:$J,7,0)) -> 기능공 | G17: =IF(VLOOKUP($B17,'1. 현장별 인원현황'!$C:$J,8,0)=0,"",VLOOKUP($B17,'1. 현장별 인원현황'!$C:$J,8,0)) -> 전공 | H17: O | L17: O | P17: O | T17: O | X17: O | AB17: O | AF17: O | AJ17: O | AN17: =SUMPRODUCT($H$5:$AM$5,AR17:BW17) -> 100 | AO17: =IF(AN17>85,"S",IF(AN17>70,"A",IF(AN17>50,"B",IF(AN17>0,"C","")))) -> S | AR17: =IF(H17>0,1,0) -> 1 | AS17: =IF(I17>0,1,0) -> 0 | AT17: =IF(J17>0,1,0) -> 0 | AU17: =IF(K17>0,1,0) -> 0 | AV17: =IF(L17>0,1,0) -> 1 | AW17: =IF(M17>0,1,0) -> 0 | AX17: =IF(N17>0,1,0) -> 0 | AY17: =IF(O17>0,1,0) -> 0 | ... BW17: =IF(AM17>0,1,0) -> 0
A18: =MID(C18,3,1)&"팀" -> 1팀 | B18: =ROW()-6 -> 12 | C18: =IF(VLOOKUP($B18,'1. 현장별 인원현황'!$C:$J,2,0)=0,"",VLOOKUP($B18,'1. 현장별 인원현황'!$C:$J,2,0)) -> [1.DL건설] 전도관구역 주택재개발 정비사업조합(01공구) | D18: =IF(VLOOKUP($B18,'1. 현장별 인원현황'!$C:$J,3,0)=0,"",VLOOKUP($B18,'1. 현장별 인원현황'!$C:$J,3,0)) -> 조해제 | E18: =IF(VLOOKUP($B18,'1. 현장별 인원현황'!$C:$J,4,0)=0,"",VLOOKUP($B18,'1. 현장별 인원현황'!$C:$J,4,0)) -> 62세 | F18: =IF(VLOOKUP($B18,'1. 현장별 인원현황'!$C:$J,7,0)=0,"",VLOOKUP($B18,'1. 현장별 인원현황'!$C:$J,7,0)) -> 기능공 | G18: =IF(VLOOKUP($B18,'1. 현장별 인원현황'!$C:$J,8,0)=0,"",VLOOKUP($B18,'1. 현장별 인원현황'!$C:$J,8,0)) -> 전공 | H18: O | L18: O | P18: O | T18: O | X18: O | AB18: O | AF18: O | AJ18: O | AN18: =SUMPRODUCT($H$5:$AM$5,AR18:BW18) -> 100 | AO18: =IF(AN18>85,"S",IF(AN18>70,"A",IF(AN18>50,"B",IF(AN18>0,"C","")))) -> S | AR18: =IF(H18>0,1,0) -> 1 | AS18: =IF(I18>0,1,0) -> 0 | AT18: =IF(J18>0,1,0) -> 0 | AU18: =IF(K18>0,1,0) -> 0 | AV18: =IF(L18>0,1,0) -> 1 | AW18: =IF(M18>0,1,0) -> 0 | AX18: =IF(N18>0,1,0) -> 0 | AY18: =IF(O18>0,1,0) -> 0 | ... BW18: =IF(AM18>0,1,0) -> 0
A19: =MID(C19,3,1)&"팀" -> 1팀 | B19: =ROW()-6 -> 13 | C19: =IF(VLOOKUP($B19,'1. 현장별 인원현황'!$C:$J,2,0)=0,"",VLOOKUP($B19,'1. 현장별 인원현황'!$C:$J,2,0)) -> [1.대우건설] 고양향동 지원1BL 지식산업센터 신축공사 | D19: =IF(VLOOKUP($B19,'1. 현장별 인원현황'!$C:$J,3,0)=0,"",VLOOKUP($B19,'1. 현장별 인원현황'!$C:$J,3,0)) -> 홍병수 | E19: =IF(VLOOKUP($B19,'1. 현장별 인원현황'!$C:$J,4,0)=0,"",VLOOKUP($B19,'1. 현장별 인원현황'!$C:$J,4,0)) -> 44세 | F19: =IF(VLOOKUP($B19,'1. 현장별 인원현황'!$C:$J,7,0)=0,"",VLOOKUP($B19,'1. 현장별 인원현황'!$C:$J,7,0)) -> 공무 | G19: =IF(VLOOKUP($B19,'1. 현장별 인원현황'!$C:$J,8,0)=0,"",VLOOKUP($B19,'1. 현장별 인원현황'!$C:$J,8,0)) -> 과장 | H19: O | L19: O | P19: O | T19: O | X19: O | AB19: O | AF19: O | AJ19: O | AN19: =SUMPRODUCT($H$5:$AM$5,AR19:BW19) -> 100 | AO19: =IF(AN19>85,"S",IF(AN19>70,"A",IF(AN19>50,"B",IF(AN19>0,"C","")))) -> S | AR19: =IF(H19>0,1,0) -> 1 | AS19: =IF(I19>0,1,0) -> 0 | AT19: =IF(J19>0,1,0) -> 0 | AU19: =IF(K19>0,1,0) -> 0 | AV19: =IF(L19>0,1,0) -> 1 | AW19: =IF(M19>0,1,0) -> 0 | AX19: =IF(N19>0,1,0) -> 0 | AY19: =IF(O19>0,1,0) -> 0 | ... BW19: =IF(AM19>0,1,0) -> 0
A20: =MID(C20,3,1)&"팀" -> 1팀 | B20: =ROW()-6 -> 14 | C20: =IF(VLOOKUP($B20,'1. 현장별 인원현황'!$C:$J,2,0)=0,"",VLOOKUP($B20,'1. 현장별 인원현황'!$C:$J,2,0)) -> [1.대우건설] 고양향동 지원1BL 지식산업센터 신축공사 | D20: =IF(VLOOKUP($B20,'1. 현장별 인원현황'!$C:$J,3,0)=0,"",VLOOKUP($B20,'1. 현장별 인원현황'!$C:$J,3,0)) -> 남치원 | E20: =IF(VLOOKUP($B20,'1. 현장별 인원현황'!$C:$J,4,0)=0,"",VLOOKUP($B20,'1. 현장별 인원현황'!$C:$J,4,0)) -> 63세 | F20: =IF(VLOOKUP($B20,'1. 현장별 인원현황'!$C:$J,7,0)=0,"",VLOOKUP($B20,'1. 현장별 인원현황'!$C:$J,7,0)) -> 공사 | G20: =IF(VLOOKUP($B20,'1. 현장별 인원현황'!$C:$J,8,0)=0,"",VLOOKUP($B20,'1. 현장별 인원현황'!$C:$J,8,0)) -> 차장 | H20: O | L20: O | P20: O | T20: O | X20: O | AB20: O | AF20: O | AJ20: O | AN20: =SUMPRODUCT($H$5:$AM$5,AR20:BW20) -> 100 | AO20: =IF(AN20>85,"S",IF(AN20>70,"A",IF(AN20>50,"B",IF(AN20>0,"C","")))) -> S | AR20: =IF(H20>0,1,0) -> 1 | AS20: =IF(I20>0,1,0) -> 0 | AT20: =IF(J20>0,1,0) -> 0 | AU20: =IF(K20>0,1,0) -> 0 | AV20: =IF(L20>0,1,0) -> 1 | AW20: =IF(M20>0,1,0) -> 0 | AX20: =IF(N20>0,1,0) -> 0 | AY20: =IF(O20>0,1,0) -> 0 | ... BW20: =IF(AM20>0,1,0) -> 0
A21: =MID(C21,3,1)&"팀" -> 1팀 | B21: =ROW()-6 -> 15 | C21: =IF(VLOOKUP($B21,'1. 현장별 인원현황'!$C:$J,2,0)=0,"",VLOOKUP($B21,'1. 현장별 인원현황'!$C:$J,2,0)) -> [1.대우건설] 고양향동 지원1BL 지식산업센터 신축공사 | D21: =IF(VLOOKUP($B21,'1. 현장별 인원현황'!$C:$J,3,0)=0,"",VLOOKUP($B21,'1. 현장별 인원현황'!$C:$J,3,0)) -> 문대준 | E21: =IF(VLOOKUP($B21,'1. 현장별 인원현황'!$C:$J,4,0)=0,"",VLOOKUP($B21,'1. 현장별 인원현황'!$C:$J,4,0)) -> 58세 | F21: =IF(VLOOKUP($B21,'1. 현장별 인원현황'!$C:$J,7,0)=0,"",VLOOKUP($B21,'1. 현장별 인원현황'!$C:$J,7,0)) -> 공사 | G21: =IF(VLOOKUP($B21,'1. 현장별 인원현황'!$C:$J,8,0)=0,"",VLOOKUP($B21,'1. 현장별 인원현황'!$C:$J,8,0)) -> 차장 | H21: O | M21: O | P21: O | T21: O | X21: O | AB21: O | AF21: O | AJ21: O | AN21: =SUMPRODUCT($H$5:$AM$5,AR21:BW21) -> 96 | AO21: =IF(AN21>85,"S",IF(AN21>70,"A",IF(AN21>50,"B",IF(AN21>0,"C","")))) -> S | AR21: =IF(H21>0,1,0) -> 1 | AS21: =IF(I21>0,1,0) -> 0 | AT21: =IF(J21>0,1,0) -> 0 | AU21: =IF(K21>0,1,0) -> 0 | AV21: =IF(L21>0,1,0) -> 0 | AW21: =IF(M21>0,1,0) -> 1 | AX21: =IF(N21>0,1,0) -> 0 | AY21: =IF(O21>0,1,0) -> 0 | ... BW21: =IF(AM21>0,1,0) -> 0
A22: =MID(C22,3,1)&"팀" -> 1팀 | B22: =ROW()-6 -> 16 | C22: =IF(VLOOKUP($B22,'1. 현장별 인원현황'!$C:$J,2,0)=0,"",VLOOKUP($B22,'1. 현장별 인원현황'!$C:$J,2,0)) -> [1.대우건설] 고양향동 지원1BL 지식산업센터 신축공사 | D22: =IF(VLOOKUP($B22,'1. 현장별 인원현황'!$C:$J,3,0)=0,"",VLOOKUP($B22,'1. 현장별 인원현황'!$C:$J,3,0)) -> 김인철 | E22: =IF(VLOOKUP($B22,'1. 현장별 인원현황'!$C:$J,4,0)=0,"",VLOOKUP($B22,'1. 현장별 인원현황'!$C:$J,4,0)) -> 68세 | F22: =IF(VLOOKUP($B22,'1. 현장별 인원현황'!$C:$J,7,0)=0,"",VLOOKUP($B22,'1. 현장별 인원현황'!$C:$J,7,0)) -> 기능공 | G22: =IF(VLOOKUP($B22,'1. 현장별 인원현황'!$C:$J,8,0)=0,"",VLOOKUP($B22,'1. 현장별 인원현황'!$C:$J,8,0)) -> 전공 | H22: O | M22: O | P22: O | T22: O | X22: O | AB22: O | AF22: O | AJ22: O | AN22: =SUMPRODUCT($H$5:$AM$5,AR22:BW22) -> 96 | AO22: =IF(AN22>85,"S",IF(AN22>70,"A",IF(AN22>50,"B",IF(AN22>0,"C","")))) -> S | AR22: =IF(H22>0,1,0) -> 1 | AS22: =IF(I22>0,1,0) -> 0 | AT22: =IF(J22>0,1,0) -> 0 | AU22: =IF(K22>0,1,0) -> 0 | AV22: =IF(L22>0,1,0) -> 0 | AW22: =IF(M22>0,1,0) -> 1 | AX22: =IF(N22>0,1,0) -> 0 | AY22: =IF(O22>0,1,0) -> 0 | ... BW22: =IF(AM22>0,1,0) -> 0
A23: =MID(C23,3,1)&"팀" -> 1팀 | B23: =ROW()-6 -> 17 | C23: =IF(VLOOKUP($B23,'1. 현장별 인원현황'!$C:$J,2,0)=0,"",VLOOKUP($B23,'1. 현장별 인원현황'!$C:$J,2,0)) -> [1.대우건설] 고양향동 지원1BL 지식산업센터 신축공사 | D23: =IF(VLOOKUP($B23,'1. 현장별 인원현황'!$C:$J,3,0)=0,"",VLOOKUP($B23,'1. 현장별 인원현황'!$C:$J,3,0)) -> 엄관영 | E23: =IF(VLOOKUP($B23,'1. 현장별 인원현황'!$C:$J,4,0)=0,"",VLOOKUP($B23,'1. 현장별 인원현황'!$C:$J,4,0)) -> 64세 | F23: =IF(VLOOKUP($B23,'1. 현장별 인원현황'!$C:$J,7,0)=0,"",VLOOKUP($B23,'1. 현장별 인원현황'!$C:$J,7,0)) -> 기능공 | G23: =IF(VLOOKUP($B23,'1. 현장별 인원현황'!$C:$J,8,0)=0,"",VLOOKUP($B23,'1. 현장별 인원현황'!$C:$J,8,0)) -> 전공 | H23: O | M23: O | P23: O | T23: O | X23: O | AB23: O | AF23: O | AJ23: O | AN23: =SUMPRODUCT($H$5:$AM$5,AR23:BW23) -> 96 | AO23: =IF(AN23>85,"S",IF(AN23>70,"A",IF(AN23>50,"B",IF(AN23>0,"C","")))) -> S | AR23: =IF(H23>0,1,0) -> 1 | AS23: =IF(I23>0,1,0) -> 0 | AT23: =IF(J23>0,1,0) -> 0 | AU23: =IF(K23>0,1,0) -> 0 | AV23: =IF(L23>0,1,0) -> 0 | AW23: =IF(M23>0,1,0) -> 1 | AX23: =IF(N23>0,1,0) -> 0 | AY23: =IF(O23>0,1,0) -> 0 | ... BW23: =IF(AM23>0,1,0) -> 0
A24: =MID(C24,3,1)&"팀" -> 1팀 | B24: =ROW()-6 -> 18 | C24: =IF(VLOOKUP($B24,'1. 현장별 인원현황'!$C:$J,2,0)=0,"",VLOOKUP($B24,'1. 현장별 인원현황'!$C:$J,2,0)) -> [1.대우건설] 인천검단 신도시 AA28BL 공동주택 신축공사 | D24: =IF(VLOOKUP($B24,'1. 현장별 인원현황'!$C:$J,3,0)=0,"",VLOOKUP($B24,'1. 현장별 인원현황'!$C:$J,3,0)) -> 윤홍식 | E24: =IF(VLOOKUP($B24,'1. 현장별 인원현황'!$C:$J,4,0)=0,"",VLOOKUP($B24,'1. 현장별 인원현황'!$C:$J,4,0)) -> 49세 | F24: =IF(VLOOKUP($B24,'1. 현장별 인원현황'!$C:$J,7,0)=0,"",VLOOKUP($B24,'1. 현장별 인원현황'!$C:$J,7,0)) -> 공무 | G24: =IF(VLOOKUP($B24,'1. 현장별 인원현황'!$C:$J,8,0)=0,"",VLOOKUP($B24,'1. 현장별 인원현황'!$C:$J,8,0)) -> 차장 | H24: O | L24: O | P24: O | T24: O | X24: O | AB24: O | AF24: O | AJ24: O | AN24: =SUMPRODUCT($H$5:$AM$5,AR24:BW24) -> 100 | AO24: =IF(AN24>85,"S",IF(AN24>70,"A",IF(AN24>50,"B",IF(AN24>0,"C","")))) -> S | AR24: =IF(H24>0,1,0) -> 1 | AS24: =IF(I24>0,1,0) -> 0 | AT24: =IF(J24>0,1,0) -> 0 | AU24: =IF(K24>0,1,0) -> 0 | AV24: =IF(L24>0,1,0) -> 1 | AW24: =IF(M24>0,1,0) -> 0 | AX24: =IF(N24>0,1,0) -> 0 | AY24: =IF(O24>0,1,0) -> 0 | ... BW24: =IF(AM24>0,1,0) -> 0
A25: =MID(C25,3,1)&"팀" -> 1팀 | B25: =ROW()-6 -> 19 | C25: =IF(VLOOKUP($B25,'1. 현장별 인원현황'!$C:$J,2,0)=0,"",VLOOKUP($B25,'1. 현장별 인원현황'!$C:$J,2,0)) -> [1.대우건설] 인천검단 신도시 AA28BL 공동주택 신축공사 | D25: =IF(VLOOKUP($B25,'1. 현장별 인원현황'!$C:$J,3,0)=0,"",VLOOKUP($B25,'1. 현장별 인원현황'!$C:$J,3,0)) -> 김지호 | E25: =IF(VLOOKUP($B25,'1. 현장별 인원현황'!$C:$J,4,0)=0,"",VLOOKUP($B25,'1. 현장별 인원현황'!$C:$J,4,0)) -> 31세 | F25: =IF(VLOOKUP($B25,'1. 현장별 인원현황'!$C:$J,7,0)=0,"",VLOOKUP($B25,'1. 현장별 인원현황'!$C:$J,7,0)) -> 안전관리자 | G25: =IF(VLOOKUP($B25,'1. 현장별 인원현황'!$C:$J,8,0)=0,"",VLOOKUP($B25,'1. 현장별 인원현황'!$C:$J,8,0)) -> 대리 | H25: O | L25: O | P25: O | T25: O | X25: O | AB25: O | AF25: O | AJ25: O | AN25: =SUMPRODUCT($H$5:$AM$5,AR25:BW25) -> 100 | AO25: =IF(AN25>85,"S",IF(AN25>70,"A",IF(AN25>50,"B",IF(AN25>0,"C","")))) -> S | AR25: =IF(H25>0,1,0) -> 1 | AS25: =IF(I25>0,1,0) -> 0 | AT25: =IF(J25>0,1,0) -> 0 | AU25: =IF(K25>0,1,0) -> 0 | AV25: =IF(L25>0,1,0) -> 1 | AW25: =IF(M25>0,1,0) -> 0 | AX25: =IF(N25>0,1,0) -> 0 | AY25: =IF(O25>0,1,0) -> 0 | ... BW25: =IF(AM25>0,1,0) -> 0
A26: =MID(C26,3,1)&"팀" -> 1팀 | B26: =ROW()-6 -> 20 | C26: =IF(VLOOKUP($B26,'1. 현장별 인원현황'!$C:$J,2,0)=0,"",VLOOKUP($B26,'1. 현장별 인원현황'!$C:$J,2,0)) -> [1.대우건설] 인천검단 신도시 AA28BL 공동주택 신축공사 | D26: =IF(VLOOKUP($B26,'1. 현장별 인원현황'!$C:$J,3,0)=0,"",VLOOKUP($B26,'1. 현장별 인원현황'!$C:$J,3,0)) -> 차성철 | E26: =IF(VLOOKUP($B26,'1. 현장별 인원현황'!$C:$J,4,0)=0,"",VLOOKUP($B26,'1. 현장별 인원현황'!$C:$J,4,0)) -> 51세 | F26: =IF(VLOOKUP($B26,'1. 현장별 인원현황'!$C:$J,7,0)=0,"",VLOOKUP($B26,'1. 현장별 인원현황'!$C:$J,7,0)) -> 기능공 | G26: =IF(VLOOKUP($B26,'1. 현장별 인원현황'!$C:$J,8,0)=0,"",VLOOKUP($B26,'1. 현장별 인원현황'!$C:$J,8,0)) -> 전공 | H26: O | L26: O | P26: O | T26: O | X26: O | AB26: O | AF26: O | AJ26: O | AN26: =SUMPRODUCT($H$5:$AM$5,AR26:BW26) -> 100 | AO26: =IF(AN26>85,"S",IF(AN26>70,"A",IF(AN26>50,"B",IF(AN26>0,"C","")))) -> S | AR26: =IF(H26>0,1,0) -> 1 | AS26: =IF(I26>0,1,0) -> 0 | AT26: =IF(J26>0,1,0) -> 0 | AU26: =IF(K26>0,1,0) -> 0 | AV26: =IF(L26>0,1,0) -> 1 | AW26: =IF(M26>0,1,0) -> 0 | AX26: =IF(N26>0,1,0) -> 0 | AY26: =IF(O26>0,1,0) -> 0 | ... BW26: =IF(AM26>0,1,0) -> 0
A27: =MID(C27,3,1)&"팀" -> 1팀 | B27: =ROW()-6 -> 21 | C27: =IF(VLOOKUP($B27,'1. 현장별 인원현황'!$C:$J,2,0)=0,"",VLOOKUP($B27,'1. 현장별 인원현황'!$C:$J,2,0)) -> [1.대우건설] 인천검단 신도시 AA28BL 공동주택 신축공사 | D27: =IF(VLOOKUP($B27,'1. 현장별 인원현황'!$C:$J,3,0)=0,"",VLOOKUP($B27,'1. 현장별 인원현황'!$C:$J,3,0)) -> 박상걸 | E27: =IF(VLOOKUP($B27,'1. 현장별 인원현황'!$C:$J,4,0)=0,"",VLOOKUP($B27,'1. 현장별 인원현황'!$C:$J,4,0)) -> 46세 | F27: =IF(VLOOKUP($B27,'1. 현장별 인원현황'!$C:$J,7,0)=0,"",VLOOKUP($B27,'1. 현장별 인원현황'!$C:$J,7,0)) -> 기능공 | G27: =IF(VLOOKUP($B27,'1. 현장별 인원현황'!$C:$J,8,0)=0,"",VLOOKUP($B27,'1. 현장별 인원현황'!$C:$J,8,0)) -> 전공 | H27: O | L27: O | P27: O | T27: O | X27: O | AB27: O | AF27: O | AJ27: O | AN27: =SUMPRODUCT($H$5:$AM$5,AR27:BW27) -> 100 | AO27: =IF(AN27>85,"S",IF(AN27>70,"A",IF(AN27>50,"B",IF(AN27>0,"C","")))) -> S | AR27: =IF(H27>0,1,0) -> 1 | AS27: =IF(I27>0,1,0) -> 0 | AT27: =IF(J27>0,1,0) -> 0 | AU27: =IF(K27>0,1,0) -> 0 | AV27: =IF(L27>0,1,0) -> 1 | AW27: =IF(M27>0,1,0) -> 0 | AX27: =IF(N27>0,1,0) -> 0 | AY27: =IF(O27>0,1,0) -> 0 | ... BW27: =IF(AM27>0,1,0) -> 0
A28: =MID(C28,3,1)&"팀" -> 1팀 | B28: =ROW()-6 -> 22 | C28: =IF(VLOOKUP($B28,'1. 현장별 인원현황'!$C:$J,2,0)=0,"",VLOOKUP($B28,'1. 현장별 인원현황'!$C:$J,2,0)) -> [1.대우건설] 인천검단 신도시 AA28BL 공동주택 신축공사 | D28: =IF(VLOOKUP($B28,'1. 현장별 인원현황'!$C:$J,3,0)=0,"",VLOOKUP($B28,'1. 현장별 인원현황'!$C:$J,3,0)) -> 이세열 | E28: =IF(VLOOKUP($B28,'1. 현장별 인원현황'!$C:$J,4,0)=0,"",VLOOKUP($B28,'1. 현장별 인원현황'!$C:$J,4,0)) -> 42세 | F28: =IF(VLOOKUP($B28,'1. 현장별 인원현황'!$C:$J,7,0)=0,"",VLOOKUP($B28,'1. 현장별 인원현황'!$C:$J,7,0)) -> 기능공 | G28: =IF(VLOOKUP($B28,'1. 현장별 인원현황'!$C:$J,8,0)=0,"",VLOOKUP($B28,'1. 현장별 인원현황'!$C:$J,8,0)) -> 전공 | H28: O | L28: O | P28: O | T28: O | X28: O | AB28: O | AF28: O | AJ28: O | AN28: =SUMPRODUCT($H$5:$AM$5,AR28:BW28) -> 100 | AO28: =IF(AN28>85,"S",IF(AN28>70,"A",IF(AN28>50,"B",IF(AN28>0,"C","")))) -> S | AR28: =IF(H28>0,1,0) -> 1 | AS28: =IF(I28>0,1,0) -> 0 | AT28: =IF(J28>0,1,0) -> 0 | AU28: =IF(K28>0,1,0) -> 0 | AV28: =IF(L28>0,1,0) -> 1 | AW28: =IF(M28>0,1,0) -> 0 | AX28: =IF(N28>0,1,0) -> 0 | AY28: =IF(O28>0,1,0) -> 0 | ... BW28: =IF(AM28>0,1,0) -> 0
A29: =MID(C29,3,1)&"팀" -> 1팀 | B29: =ROW()-6 -> 23 | C29: =IF(VLOOKUP($B29,'1. 현장별 인원현황'!$C:$J,2,0)=0,"",VLOOKUP($B29,'1. 현장별 인원현황'!$C:$J,2,0)) -> [1.대우건설] 인천검단 신도시 AA28BL 공동주택 신축공사 | D29: =IF(VLOOKUP($B29,'1. 현장별 인원현황'!$C:$J,3,0)=0,"",VLOOKUP($B29,'1. 현장별 인원현황'!$C:$J,3,0)) -> 한성필 | E29: =IF(VLOOKUP($B29,'1. 현장별 인원현황'!$C:$J,4,0)=0,"",VLOOKUP($B29,'1. 현장별 인원현황'!$C:$J,4,0)) -> 53세 | F29: =IF(VLOOKUP($B29,'1. 현장별 인원현황'!$C:$J,7,0)=0,"",VLOOKUP($B29,'1. 현장별 인원현황'!$C:$J,7,0)) -> 기능공 | G29: =IF(VLOOKUP($B29,'1. 현장별 인원현황'!$C:$J,8,0)=0,"",VLOOKUP($B29,'1. 현장별 인원현황'!$C:$J,8,0)) -> 전공 | H29: O | L29: O | P29: O | T29: O | X29: O | AB29: O | AF29: O | AJ29: O | AN29: =SUMPRODUCT($H$5:$AM$5,AR29:BW29) -> 100 | AO29: =IF(AN29>85,"S",IF(AN29>70,"A",IF(AN29>50,"B",IF(AN29>0,"C","")))) -> S | AR29: =IF(H29>0,1,0) -> 1 | AS29: =IF(I29>0,1,0) -> 0 | AT29: =IF(J29>0,1,0) -> 0 | AU29: =IF(K29>0,1,0) -> 0 | AV29: =IF(L29>0,1,0) -> 1 | AW29: =IF(M29>0,1,0) -> 0 | AX29: =IF(N29>0,1,0) -> 0 | AY29: =IF(O29>0,1,0) -> 0 | ... BW29: =IF(AM29>0,1,0) -> 0
A30: =MID(C30,3,1)&"팀" -> 1팀 | B30: =ROW()-6 -> 24 | C30: =IF(VLOOKUP($B30,'1. 현장별 인원현황'!$C:$J,2,0)=0,"",VLOOKUP($B30,'1. 현장별 인원현황'!$C:$J,2,0)) -> [1.대우건설] 장위6구역 주택재개발 정비사업아파트 신축공사 | D30: =IF(VLOOKUP($B30,'1. 현장별 인원현황'!$C:$J,3,0)=0,"",VLOOKUP($B30,'1. 현장별 인원현황'!$C:$J,3,0)) -> 강지성 | E30: =IF(VLOOKUP($B30,'1. 현장별 인원현황'!$C:$J,4,0)=0,"",VLOOKUP($B30,'1. 현장별 인원현황'!$C:$J,4,0)) -> 50세 | F30: =IF(VLOOKUP($B30,'1. 현장별 인원현황'!$C:$J,7,0)=0,"",VLOOKUP($B30,'1. 현장별 인원현황'!$C:$J,7,0)) -> 공무 | G30: =IF(VLOOKUP($B30,'1. 현장별 인원현황'!$C:$J,8,0)=0,"",VLOOKUP($B30,'1. 현장별 인원현황'!$C:$J,8,0)) -> 차장 | AN30: =SUMPRODUCT($H$5:$AM$5,AR30:BW30) -> 0 | AO30: =IF(AN30>85,"S",IF(AN30>70,"A",IF(AN30>50,"B",IF(AN30>0,"C","")))) | AR30: =IF(H30>0,1,0) -> 0 | AS30: =IF(I30>0,1,0) -> 0 | AT30: =IF(J30>0,1,0) -> 0 | AU30: =IF(K30>0,1,0) -> 0 | AV30: =IF(L30>0,1,0) -> 0 | AW30: =IF(M30>0,1,0) -> 0 | AX30: =IF(N30>0,1,0) -> 0 | AY30: =IF(O30>0,1,0) -> 0 | ... BW30: =IF(AM30>0,1,0) -> 0
A31: =MID(C31,3,1)&"팀" -> 1팀 | B31: =ROW()-6 -> 25 | C31: =IF(VLOOKUP($B31,'1. 현장별 인원현황'!$C:$J,2,0)=0,"",VLOOKUP($B31,'1. 현장별 인원현황'!$C:$J,2,0)) -> [1.대우건설] 장위6구역 주택재개발 정비사업아파트 신축공사 | D31: =IF(VLOOKUP($B31,'1. 현장별 인원현황'!$C:$J,3,0)=0,"",VLOOKUP($B31,'1. 현장별 인원현황'!$C:$J,3,0)) -> 이시우 | E31: =IF(VLOOKUP($B31,'1. 현장별 인원현황'!$C:$J,4,0)=0,"",VLOOKUP($B31,'1. 현장별 인원현황'!$C:$J,4,0)) -> 24세 | F31: =IF(VLOOKUP($B31,'1. 현장별 인원현황'!$C:$J,7,0)=0,"",VLOOKUP($B31,'1. 현장별 인원현황'!$C:$J,7,0)) -> 공무 | G31: =IF(VLOOKUP($B31,'1. 현장별 인원현황'!$C:$J,8,0)=0,"",VLOOKUP($B31,'1. 현장별 인원현황'!$C:$J,8,0)) -> 대리 | H31: O | L31: O | P31: O | U31: O | Y31: O | AB31: O | AG31: O | AJ31: O | AN31: =SUMPRODUCT($H$5:$AM$5,AR31:BW31) -> 89 | AO31: =IF(AN31>85,"S",IF(AN31>70,"A",IF(AN31>50,"B",IF(AN31>0,"C","")))) -> S | AR31: =IF(H31>0,1,0) -> 1 | AS31: =IF(I31>0,1,0) -> 0 | AT31: =IF(J31>0,1,0) -> 0 | AU31: =IF(K31>0,1,0) -> 0 | AV31: =IF(L31>0,1,0) -> 1 | AW31: =IF(M31>0,1,0) -> 0 | AX31: =IF(N31>0,1,0) -> 0 | AY31: =IF(O31>0,1,0) -> 0 | ... BW31: =IF(AM31>0,1,0) -> 0
A32: =MID(C32,3,1)&"팀" -> 1팀 | B32: =ROW()-6 -> 26 | C32: =IF(VLOOKUP($B32,'1. 현장별 인원현황'!$C:$J,2,0)=0,"",VLOOKUP($B32,'1. 현장별 인원현황'!$C:$J,2,0)) -> [1.대우건설] 장위6구역 주택재개발 정비사업아파트 신축공사 | D32: =IF(VLOOKUP($B32,'1. 현장별 인원현황'!$C:$J,3,0)=0,"",VLOOKUP($B32,'1. 현장별 인원현황'!$C:$J,3,0)) -> 정 권 | E32: =IF(VLOOKUP($B32,'1. 현장별 인원현황'!$C:$J,4,0)=0,"",VLOOKUP($B32,'1. 현장별 인원현황'!$C:$J,4,0)) -> 60세 | F32: =IF(VLOOKUP($B32,'1. 현장별 인원현황'!$C:$J,7,0)=0,"",VLOOKUP($B32,'1. 현장별 인원현황'!$C:$J,7,0)) -> 공사 | G32: =IF(VLOOKUP($B32,'1. 현장별 인원현황'!$C:$J,8,0)=0,"",VLOOKUP($B32,'1. 현장별 인원현황'!$C:$J,8,0)) -> 차장 | H32: O | L32: O | P32: O | T32: O | Y32: O | AC32: O | AF32: O | AK32: O | AN32: =SUMPRODUCT($H$5:$AM$5,AR32:BW32) -> 91 | AO32: =IF(AN32>85,"S",IF(AN32>70,"A",IF(AN32>50,"B",IF(AN32>0,"C","")))) -> S | AR32: =IF(H32>0,1,0) -> 1 | AS32: =IF(I32>0,1,0) -> 0 | AT32: =IF(J32>0,1,0) -> 0 | AU32: =IF(K32>0,1,0) -> 0 | AV32: =IF(L32>0,1,0) -> 1 | AW32: =IF(M32>0,1,0) -> 0 | AX32: =IF(N32>0,1,0) -> 0 | AY32: =IF(O32>0,1,0) -> 0 | ... BW32: =IF(AM32>0,1,0) -> 0
A33: =MID(C33,3,1)&"팀" -> 1팀 | B33: =ROW()-6 -> 27 | C33: =IF(VLOOKUP($B33,'1. 현장별 인원현황'!$C:$J,2,0)=0,"",VLOOKUP($B33,'1. 현장별 인원현황'!$C:$J,2,0)) -> [1.대우건설] 장위6구역 주택재개발 정비사업아파트 신축공사 | D33: =IF(VLOOKUP($B33,'1. 현장별 인원현황'!$C:$J,3,0)=0,"",VLOOKUP($B33,'1. 현장별 인원현황'!$C:$J,3,0)) -> 성경웅 | E33: =IF(VLOOKUP($B33,'1. 현장별 인원현황'!$C:$J,4,0)=0,"",VLOOKUP($B33,'1. 현장별 인원현황'!$C:$J,4,0)) -> 56세 | F33: =IF(VLOOKUP($B33,'1. 현장별 인원현황'!$C:$J,7,0)=0,"",VLOOKUP($B33,'1. 현장별 인원현황'!$C:$J,7,0)) -> 공사 | G33: =IF(VLOOKUP($B33,'1. 현장별 인원현황'!$C:$J,8,0)=0,"",VLOOKUP($B33,'1. 현장별 인원현황'!$C:$J,8,0)) -> 차장 | H33: O | L33: O | P33: O | T33: O | X33: O | AB33: O | AF33: O | AJ33: O | AN33: =SUMPRODUCT($H$5:$AM$5,AR33:BW33) -> 100 | AO33: =IF(AN33>85,"S",IF(AN33>70,"A",IF(AN33>50,"B",IF(AN33>0,"C","")))) -> S | AR33: =IF(H33>0,1,0) -> 1 | AS33: =IF(I33>0,1,0) -> 0 | AT33: =IF(J33>0,1,0) -> 0 | AU33: =IF(K33>0,1,0) -> 0 | AV33: =IF(L33>0,1,0) -> 1 | AW33: =IF(M33>0,1,0) -> 0 | AX33: =IF(N33>0,1,0) -> 0 | AY33: =IF(O33>0,1,0) -> 0 | ... BW33: =IF(AM33>0,1,0) -> 0
A34: =MID(C34,3,1)&"팀" -> 1팀 | B34: =ROW()-6 -> 28 | C34: =IF(VLOOKUP($B34,'1. 현장별 인원현황'!$C:$J,2,0)=0,"",VLOOKUP($B34,'1. 현장별 인원현황'!$C:$J,2,0)) -> [1.대우건설] 장위6구역 주택재개발 정비사업아파트 신축공사 | D34: =IF(VLOOKUP($B34,'1. 현장별 인원현황'!$C:$J,3,0)=0,"",VLOOKUP($B34,'1. 현장별 인원현황'!$C:$J,3,0)) -> 용효중 | E34: =IF(VLOOKUP($B34,'1. 현장별 인원현황'!$C:$J,4,0)=0,"",VLOOKUP($B34,'1. 현장별 인원현황'!$C:$J,4,0)) -> 49세 | F34: =IF(VLOOKUP($B34,'1. 현장별 인원현황'!$C:$J,7,0)=0,"",VLOOKUP($B34,'1. 현장별 인원현황'!$C:$J,7,0)) -> 기능공 | G34: =IF(VLOOKUP($B34,'1. 현장별 인원현황'!$C:$J,8,0)=0,"",VLOOKUP($B34,'1. 현장별 인원현황'!$C:$J,8,0)) -> 전공 | H34: O | L34: O | P34: O | T34: O | Y34: O | AC34: O | AF34: O | AJ34: O | AN34: =SUMPRODUCT($H$5:$AM$5,AR34:BW34) -> 94 | AO34: =IF(AN34>85,"S",IF(AN34>70,"A",IF(AN34>50,"B",IF(AN34>0,"C","")))) -> S | AR34: =IF(H34>0,1,0) -> 1 | AS34: =IF(I34>0,1,0) -> 0 | AT34: =IF(J34>0,1,0) -> 0 | AU34: =IF(K34>0,1,0) -> 0 | AV34: =IF(L34>0,1,0) -> 1 | AW34: =IF(M34>0,1,0) -> 0 | AX34: =IF(N34>0,1,0) -> 0 | AY34: =IF(O34>0,1,0) -> 0 | ... BW34: =IF(AM34>0,1,0) -> 0
A35: =MID(C35,3,1)&"팀" -> 1팀 | B35: =ROW()-6 -> 29 | C35: =IF(VLOOKUP($B35,'1. 현장별 인원현황'!$C:$J,2,0)=0,"",VLOOKUP($B35,'1. 현장별 인원현황'!$C:$J,2,0)) -> [1.대우건설] 장위6구역 주택재개발 정비사업아파트 신축공사 | D35: =IF(VLOOKUP($B35,'1. 현장별 인원현황'!$C:$J,3,0)=0,"",VLOOKUP($B35,'1. 현장별 인원현황'!$C:$J,3,0)) -> 서경배 | E35: =IF(VLOOKUP($B35,'1. 현장별 인원현황'!$C:$J,4,0)=0,"",VLOOKUP($B35,'1. 현장별 인원현황'!$C:$J,4,0)) -> 62세 | F35: =IF(VLOOKUP($B35,'1. 현장별 인원현황'!$C:$J,7,0)=0,"",VLOOKUP($B35,'1. 현장별 인원현황'!$C:$J,7,0)) -> 기능공 | G35: =IF(VLOOKUP($B35,'1. 현장별 인원현황'!$C:$J,8,0)=0,"",VLOOKUP($B35,'1. 현장별 인원현황'!$C:$J,8,0)) -> 전공 | H35: O | L35: O | P35: O | T35: O | X35: O | AB35: O | AF35: O | AJ35: O | AN35: =SUMPRODUCT($H$5:$AM$5,AR35:BW35) -> 100 | AO35: =IF(AN35>85,"S",IF(AN35>70,"A",IF(AN35>50,"B",IF(AN35>0,"C","")))) -> S | AR35: =IF(H35>0,1,0) -> 1 | AS35: =IF(I35>0,1,0) -> 0 | AT35: =IF(J35>0,1,0) -> 0 | AU35: =IF(K35>0,1,0) -> 0 | AV35: =IF(L35>0,1,0) -> 1 | AW35: =IF(M35>0,1,0) -> 0 | AX35: =IF(N35>0,1,0) -> 0 | AY35: =IF(O35>0,1,0) -> 0 | ... BW35: =IF(AM35>0,1,0) -> 0
A36: =MID(C36,3,1)&"팀" -> 1팀 | B36: =ROW()-6 -> 30 | C36: =IF(VLOOKUP($B36,'1. 현장별 인원현황'!$C:$J,2,0)=0,"",VLOOKUP($B36,'1. 현장별 인원현황'!$C:$J,2,0)) -> [1.대우건설] 장위6구역 주택재개발 정비사업아파트 신축공사 | D36: =IF(VLOOKUP($B36,'1. 현장별 인원현황'!$C:$J,3,0)=0,"",VLOOKUP($B36,'1. 현장별 인원현황'!$C:$J,3,0)) -> 장대용 | E36: =IF(VLOOKUP($B36,'1. 현장별 인원현황'!$C:$J,4,0)=0,"",VLOOKUP($B36,'1. 현장별 인원현황'!$C:$J,4,0)) -> 42세 | F36: =IF(VLOOKUP($B36,'1. 현장별 인원현황'!$C:$J,7,0)=0,"",VLOOKUP($B36,'1. 현장별 인원현황'!$C:$J,7,0)) -> 기능공 | G36: =IF(VLOOKUP($B36,'1. 현장별 인원현황'!$C:$J,8,0)=0,"",VLOOKUP($B36,'1. 현장별 인원현황'!$C:$J,8,0)) -> 전공 | H36: O | L36: O | P36: O | T36: O | Y36: O | AC36: O | AG36: O | AK36: O | AN36: =SUMPRODUCT($H$5:$AM$5,AR36:BW36) -> 88 | AO36: =IF(AN36>85,"S",IF(AN36>70,"A",IF(AN36>50,"B",IF(AN36>0,"C","")))) -> S | AR36: =IF(H36>0,1,0) -> 1 | AS36: =IF(I36>0,1,0) -> 0 | AT36: =IF(J36>0,1,0) -> 0 | AU36: =IF(K36>0,1,0) -> 0 | AV36: =IF(L36>0,1,0) -> 1 | AW36: =IF(M36>0,1,0) -> 0 | AX36: =IF(N36>0,1,0) -> 0 | AY36: =IF(O36>0,1,0) -> 0 | ... BW36: =IF(AM36>0,1,0) -> 0
A37: =MID(C37,3,1)&"팀" -> 1팀 | B37: =ROW()-6 -> 31 | C37: =IF(VLOOKUP($B37,'1. 현장별 인원현황'!$C:$J,2,0)=0,"",VLOOKUP($B37,'1. 현장별 인원현황'!$C:$J,2,0)) -> [1.대우건설] 장위6구역 주택재개발 정비사업아파트 신축공사 | D37: =IF(VLOOKUP($B37,'1. 현장별 인원현황'!$C:$J,3,0)=0,"",VLOOKUP($B37,'1. 현장별 인원현황'!$C:$J,3,0)) -> 석준수 | E37: =IF(VLOOKUP($B37,'1. 현장별 인원현황'!$C:$J,4,0)=0,"",VLOOKUP($B37,'1. 현장별 인원현황'!$C:$J,4,0)) -> 50세 | F37: =IF(VLOOKUP($B37,'1. 현장별 인원현황'!$C:$J,7,0)=0,"",VLOOKUP($B37,'1. 현장별 인원현황'!$C:$J,7,0)) -> 기능공 | G37: =IF(VLOOKUP($B37,'1. 현장별 인원현황'!$C:$J,8,0)=0,"",VLOOKUP($B37,'1. 현장별 인원현황'!$C:$J,8,0)) -> 전공 | H37: O | L37: O | Q37: O | T37: O | Y37: O | AC37: O | AF37: O | AJ37: O | AN37: =SUMPRODUCT($H$5:$AM$5,AR37:BW37) -> 90 | AO37: =IF(AN37>85,"S",IF(AN37>70,"A",IF(AN37>50,"B",IF(AN37>0,"C","")))) -> S | AR37: =IF(H37>0,1,0) -> 1 | AS37: =IF(I37>0,1,0) -> 0 | AT37: =IF(J37>0,1,0) -> 0 | AU37: =IF(K37>0,1,0) -> 0 | AV37: =IF(L37>0,1,0) -> 1 | AW37: =IF(M37>0,1,0) -> 0 | AX37: =IF(N37>0,1,0) -> 0 | AY37: =IF(O37>0,1,0) -> 0 | ... BW37: =IF(AM37>0,1,0) -> 0
A38: =MID(C38,3,1)&"팀" -> 1팀 | B38: =ROW()-6 -> 32 | C38: =IF(VLOOKUP($B38,'1. 현장별 인원현황'!$C:$J,2,0)=0,"",VLOOKUP($B38,'1. 현장별 인원현황'!$C:$J,2,0)) -> [1.대우건설] 장위6구역 주택재개발 정비사업아파트 신축공사 | D38: =IF(VLOOKUP($B38,'1. 현장별 인원현황'!$C:$J,3,0)=0,"",VLOOKUP($B38,'1. 현장별 인원현황'!$C:$J,3,0)) -> 배기정 | E38: =IF(VLOOKUP($B38,'1. 현장별 인원현황'!$C:$J,4,0)=0,"",VLOOKUP($B38,'1. 현장별 인원현황'!$C:$J,4,0)) -> 32세 | F38: =IF(VLOOKUP($B38,'1. 현장별 인원현황'!$C:$J,7,0)=0,"",VLOOKUP($B38,'1. 현장별 인원현황'!$C:$J,7,0)) -> 기능공 | G38: =IF(VLOOKUP($B38,'1. 현장별 인원현황'!$C:$J,8,0)=0,"",VLOOKUP($B38,'1. 현장별 인원현황'!$C:$J,8,0)) -> 조공 | I38: O | M38: O | Q38: O | U38: O | Y38: O | AC38: O | AF38: O | AJ38: O | AN38: =SUMPRODUCT($H$5:$AM$5,AR38:BW38) -> 78 | AO38: =IF(AN38>85,"S",IF(AN38>70,"A",IF(AN38>50,"B",IF(AN38>0,"C","")))) -> A | AR38: =IF(H38>0,1,0) -> 0 | AS38: =IF(I38>0,1,0) -> 1 | AT38: =IF(J38>0,1,0) -> 0 | AU38: =IF(K38>0,1,0) -> 0 | AV38: =IF(L38>0,1,0) -> 0 | AW38: =IF(M38>0,1,0) -> 1 | AX38: =IF(N38>0,1,0) -> 0 | AY38: =IF(O38>0,1,0) -> 0 | ... BW38: =IF(AM38>0,1,0) -> 0
A39: =MID(C39,3,1)&"팀" -> 1팀 | B39: =ROW()-6 -> 33 | C39: =IF(VLOOKUP($B39,'1. 현장별 인원현황'!$C:$J,2,0)=0,"",VLOOKUP($B39,'1. 현장별 인원현황'!$C:$J,2,0)) -> [1.대우건설] 장위6구역 주택재개발 정비사업아파트 신축공사 | D39: =IF(VLOOKUP($B39,'1. 현장별 인원현황'!$C:$J,3,0)=0,"",VLOOKUP($B39,'1. 현장별 인원현황'!$C:$J,3,0)) -> 김기현 | E39: =IF(VLOOKUP($B39,'1. 현장별 인원현황'!$C:$J,4,0)=0,"",VLOOKUP($B39,'1. 현장별 인원현황'!$C:$J,4,0)) -> 55세 | F39: =IF(VLOOKUP($B39,'1. 현장별 인원현황'!$C:$J,7,0)=0,"",VLOOKUP($B39,'1. 현장별 인원현황'!$C:$J,7,0)) -> 기능공 | G39: =IF(VLOOKUP($B39,'1. 현장별 인원현황'!$C:$J,8,0)=0,"",VLOOKUP($B39,'1. 현장별 인원현황'!$C:$J,8,0)) -> 전공 | H39: O | L39: O | P39: O | U39: O | Y39: O | AB39: O | AF39: O | AJ39: O | AN39: =SUMPRODUCT($H$5:$AM$5,AR39:BW39) -> 92 | AO39: =IF(AN39>85,"S",IF(AN39>70,"A",IF(AN39>50,"B",IF(AN39>0,"C","")))) -> S | AR39: =IF(H39>0,1,0) -> 1 | AS39: =IF(I39>0,1,0) -> 0 | AT39: =IF(J39>0,1,0) -> 0 | AU39: =IF(K39>0,1,0) -> 0 | AV39: =IF(L39>0,1,0) -> 1 | AW39: =IF(M39>0,1,0) -> 0 | AX39: =IF(N39>0,1,0) -> 0 | AY39: =IF(O39>0,1,0) -> 0 | ... BW39: =IF(AM39>0,1,0) -> 0
A40: =MID(C40,3,1)&"팀" -> 1팀 | B40: =ROW()-6 -> 34 | C40: =IF(VLOOKUP($B40,'1. 현장별 인원현황'!$C:$J,2,0)=0,"",VLOOKUP($B40,'1. 현장별 인원현황'!$C:$J,2,0)) -> [1.대우건설] 장위6구역 주택재개발 정비사업아파트 신축공사 | D40: =IF(VLOOKUP($B40,'1. 현장별 인원현황'!$C:$J,3,0)=0,"",VLOOKUP($B40,'1. 현장별 인원현황'!$C:$J,3,0)) -> 문원규 | E40: =IF(VLOOKUP($B40,'1. 현장별 인원현황'!$C:$J,4,0)=0,"",VLOOKUP($B40,'1. 현장별 인원현황'!$C:$J,4,0)) -> 35세 | F40: =IF(VLOOKUP($B40,'1. 현장별 인원현황'!$C:$J,7,0)=0,"",VLOOKUP($B40,'1. 현장별 인원현황'!$C:$J,7,0)) -> 기능공 | G40: =IF(VLOOKUP($B40,'1. 현장별 인원현황'!$C:$J,8,0)=0,"",VLOOKUP($B40,'1. 현장별 인원현황'!$C:$J,8,0)) -> 조공 | H40: O | L40: O | P40: O | T40: O | X40: O | AB40: O | AF40: O | AJ40: O | AN40: =SUMPRODUCT($H$5:$AM$5,AR40:BW40) -> 100 | AO40: =IF(AN40>85,"S",IF(AN40>70,"A",IF(AN40>50,"B",IF(AN40>0,"C","")))) -> S | AR40: =IF(H40>0,1,0) -> 1 | AS40: =IF(I40>0,1,0) -> 0 | AT40: =IF(J40>0,1,0) -> 0 | AU40: =IF(K40>0,1,0) -> 0 | AV40: =IF(L40>0,1,0) -> 1 | AW40: =IF(M40>0,1,0) -> 0 | AX40: =IF(N40>0,1,0) -> 0 | AY40: =IF(O40>0,1,0) -> 0 | ... BW40: =IF(AM40>0,1,0) -> 0
