Workbook

Sheet 갑지
B7: 안전보건관리비 사용내역
B13: 공사명 :
B31: 2022년 08월
B36: 주식회사 부현전기

Sheet 내역서
B1: 안전보건관리비 사용내역서
B2: 건설업체명 | I2: 공 사 명
B3: 소 재 지 | I3: 대 표 자
B4: 공사금액 | I4: 공사기간
B5: 발 주 자 | I5: 누계공정률
B6: 계 상 된 안전관리비
B7: 사 용 금 액
B8: 항 목 | I8: (8)월 사용금액 | L8: 누계사용금액
B9: 계 | I9: =SUM(I10:K18) -> 0 | L9: =SUM(L10:N18) -> 0
B10: 1. 안전.보건관리자 임금 등 | I10: ='1'!N28 -> 0 | L10: ='1'!Q28 -> 0
B11: 2. 안전시설비 등 | I11: ='2'!N28 -> 0 | L11: ='2'!Q28 -> 0
B12: 3. 보호구 등 | I12: ='3'!N25 -> 0 | L12: ='3'!Q25 -> 0
B13: 4. 안전보건진단비 등 | I13: ='4'!N28 -> 0 | L13: ='4'!Q28 -> 0
B14: 5. 안전보건교육 등 | I14: ='5'!N28 -> 0 | L14: ='5'!Q28 -> 0
B15: 6. 근로자 건강장해예방비 등 | I15: ='6'!N28 -> 0 | L15: ='6'!Q28 -> 0
B16: 7. 건설재해예방전문지도기관 기술지도비 | I16: ='7'!N28 -> 0 | L16: ='7'!Q28 -> 0
B17: 8. 본사 전담조직 근로자 임금 등 | I17: ='8'!N29 -> 0 | L17: ='8'!Q29 -> 0
B18: 9. 위험성평가 등에 따른 소요비용 | I18: ='9'!O28 -> 0 | L18: ='9'!R28 -> 0
B19: 『건설업 산업안전보건관리비 계상 및 사용기준』 제10조제1항에 따라 위와 같이 사용내역서를 작성하였습니다.
B21: 2022 년 08 월 16 일
C22: 작성자 | E22: 직 책 | F22: 안전관리담당자 | I22: 성 명 | M22: (서명또는 인)
C23: 확인자 | E23: 직 책 | F23: 안전보건총괄책임자 | I23: 성 명 | M23: (서명또는 인)

Sheet 1
B1: 항목별사용내역 ( 2022년 08월 )
B2: 1. 안전.보건관리자 임금 등
B3: 구 분 | D3: 소 속 | F3: 성 명 | H3: 선임일 | J3: 지급금액 | L3: 지급일 | N3: 지급내역 | Q3: 비 고
B5: 안전관리자 | N5: 0 | Q5: 월급명세서 첨부
B7: 관리감독자
B27: 계 | J27: 계상액 | L27: 전원까지 누 계 | N27: 금 월 | Q27: 누 계
N28: =N5 -> 0 | Q28: =L28+N28 -> 0

Sheet 2
B1: 항목별사용내역 ( 2022년 08월 )
B2: 2. 안전시설비 등
B3: 구 분 | D3: 사용일 | F3: 단위 | G3: 수량 | H3: 단 가 | N3: 사용금액 | P3: 지급금액 | R3: 비고
H4: 노무비 | J4: 자재비 | L4: 계
L5: =H5+J5 -> 0 | N5: =G5*J5 -> 0 | P5: =N5 -> 0
L6: =H6+J6 -> 0 | N6: =G6*J6 -> 0 | P6: =N6 -> 0
B27: 계 | H27: 계상액 | K27: 전원까지 누 계 | N27: 금 월 | Q27: 누 계
N28: =SUM(N5:O26) -> 0 | Q28: =K28+N28 -> 0

Sheet 3
B1: 항목별사용내역 ( 2022년 08월 )
B2: 3. 보호구 등
B3: 구 분 | D3: 계 획 | I3: 사용일 | K3: 소요 비용 | P3: 지급내역 | S3: 비고
D4: 단가 | E4: 수량 | F4: 금 액 | K4: 단가 | L4: 수량 | M4: 금 액
B24: 계 | H24: 계상액 | K24: 전원까지 누 계 | N24: 금 월 | Q24: 누 계
N25: =SUM(M5:O23) -> 0 | Q25: =K25+N25 -> 0

Sheet 4
B1: 항목별사용내역 ( 2022년 08월 )
B2: 4. 안전보건진단비 등
B3: 구 분 | D3: 진단기관 (검사기관) | I3: 사용일 | K3: 소요비용 | N3: 지급내역 | R3: 비 고
B27: 계 | H27: 계상액 | K27: 전원까지 누 계 | N27: 금 월 | Q27: 누 계
N28: =SUM(N5:Q26) -> 0 | Q28: =K28+N28 -> 0

Sheet 5
B1: 항목별사용내역 ( 2022년 08월 )
B2: 5. 안전보건교육비 등
B3: 교육과목 | F3: 교육주관 | K3: 교육일 | M3: 참가인원 | O3: 소요 경비 | R3: 비고
B27: 계 | H27: 계상액 | K27: 전원까지 누 계 | N27: 금 월 | Q27: 누 계
N28: =SUM(O5:Q26) -> 0 | Q28: =K28+N28 -> 0

Sheet 6
B1: 항목별사용내역 ( 2022년 08월 )
B2: 6. 근로자 건강장해예방비 등
B3: 구 분 | D3: 사용일 | F3: 진단병원 | M3: 참가인원 | O3: 소요 경비 | R3: 비고
B27: 계 | H27: 계상액 | K27: 전원까지 누 계 | N27: 금 월 | Q27: 누 계
N28: =SUM(O5:Q26) -> 0 | Q28: =K28+N28 -> 0

Sheet 7
B1: 항목별사용내역 ( 2022년 08월 )
B2: 7. 건설재해예방전문지도기관 기술지도비
B3: 지도항목 | G3: 지도기관 | L3: 점검일 | O3: 소요 경비 | R3: 비 고
B27: 계 | H27: 계상액 | K27: 전원까지 누 계 | N27: 금 월 | Q27: 누 계
N28: =SUM(O5:Q26) -> 0 | Q28: =K28+N28 -> 0

Sheet 8
B1: 항목별사용내역 ( 2022년 08월 )
B2: 8. 본사 전담조직 근로자 임금 등
B3: □ 조직 현황
B4: 시공능력 평가순위 | D4: 안전보건조직.인원 현황 | N4: 안전보건관리비 계상총액 | Q4: 본사 임금 등 계상액(계획)
D5: 조직명 | H5: 직 책 | L5: 인원 수
B15: □ 사용 내역
B16: 구 분 | D16: 소 속 | G16: 직 책 | I16: 성 명 | L16: 보직일 | N16: 지급액 | P16: 지급일 | R16: 비 고
B28: 계 | H28: 계상액 | K28: 전원까지 누 계 | N28: 금 월 | Q28: 누 계
H29: =SUM(Q6:S13) -> 0 | N29: =SUM(N18:O27) -> 0 | Q29: =K29+N29 -> 0

Sheet 9
A1: 항목별사용내역 ( 2022년 08월 )
B2: 9. 위험성평가 등에 따른 소요비용
B3: 품목명 | D3: 위험성 평가등 | F3: 노사 협의등 | H3: 계 획 | L3: 사용일 | N3: 소요 비용 | R3: 지금내역 | T3: 비고
H4: 단가 | I4: 수량 | J4: 금액 | N4: 단가 | O4: 수량 | P4: 금액
B27: 계 | H27: 계상액 | K27: 전원까지 누 계 | O27: 금 월 | R27: 누 계
H28: =SUM(J5:K26) -> 0 | O28: =SUM(P5:Q26) -> 0 | R28: =K28+O28 -> 0

Sheet 사진
B2: 항목별 사진
C22: 안전화 | E22: 2개 | G22: 사용일자 | I22: 44787
C42: 안전화 | G42: 사용일자 | I42: 44787
B46: 항목별 사진
C66: 안전모 | E66: 30개 | G66: 사용일자 | I66: 44787
C86: 안전밸트 | E86: 3개 | G86: 사용일자 | I86: 44787
B90: 항목별 사진
E110: 3개 | G110: 사용일자 | I110: 44787
C130: 방진마스크 | E130: 3개 | G130: 사용일자 | I130: 44787
B134: 항목별 사진
C154: 방진마스크필터 | E154: 10개 | G154: 사용일자 | I154: 44787
G174: 사용일자 | I174: 44787
